report_period,report_year,report_month,source_file,project_code,project_name,agency,approval_date,original_doc,revised_doc,anticipated_doc,original_cost_cr,revised_cost_cr,anticipated_cost_cr,cost_overrun_cr,cost_overrun_pct,cumulative_expenditure_cr,physical_progress_pct,financial_progress_pct,financial_vs_physical_gap_pct,time_overrun_months,delay_risk_level,root_cause_category,delay_narrative,sector,state,cost_escalation_ratio,expenditure_burn_ratio,log_original_cost,fund_drain_anomaly_flag,planned_duration_months,root_cause,delay_duration_days,risk_level,id
SEP-2001,2001,SEP,FR_SEP_2001.pdf,MOSPI_2001_INMARSATPV,INMARSAT-P(VSNL),VSNL,11/1995,9/2000,,1/2003,546.0,,546.0,0.0,0.0,550.44,100.0,100.81,0.81,28.0,High,General Execution Delay,,Other Infrastructure,Multi-State / Central,1.0,1.008,6.304,0,58.0,Administrative & Inter-Agency Coordination,851,High,1
SEP-2001,2001,SEP,FR_SEP_2001.pdf,MOSPI_2001_SAFECABLES,SAFE CABLE SYSTEM(VSNL),VSNL,12/1999,12/2001,,12/2001,231.0,,231.0,0.0,0.0,127.56,55.22,55.22,0.0,0.0,Low,On Schedule,,Other Infrastructure,Multi-State / Central,1.0,0.552,5.447,0,24.0,On Schedule,0,Low,2
APR-2001,2001,APR,FR_April_2001.pdf,MOSPI_2001_IMPOFNH8IN,IMP. OF NH-8 IN HARYANA & RAJASTHAN (NHAI),NHAI,3/1995,6/1999,,5/2001,298.5,,382.14,83.64,28.02,351.1,100.0,117.62,17.62,23.0,Medium,General Execution Delay,,Road Transport & Highways,Rajasthan,1.28,1.176,5.702,1,51.0,Land Acquisition & Right of Way,699,Medium,3
APR-2001,2001,APR,FR_April_2001.pdf,MOSPI_2001_4LANINGOFN,4 LANING OF NH-1 IN PUNJAB (KM212.20 - KM 252.25),,8/1993,9/1998,,4/2001,82.75,,232.0,149.25,180.36,240.73,100.0,290.91,190.91,31.0,High,General Execution Delay,,Road Transport & Highways,Punjab,2.804,2.909,4.428,1,61.0,Land Acquisition & Right of Way,942,High,4
APR-2001,2001,APR,FR_April_2001.pdf,MOSPI_2001_4LANINGBET,4-LANING BETWEEN KM 439 TO 497 ON NH-8 OF AHMEDABAD-MUMBAI,,4/1993,5/1997,,4/2001,117.73,,253.47,135.74,115.3,265.1,100.0,225.18,125.18,47.0,High,General Execution Delay,,Road Transport & Highways,Maharashtra,2.153,2.252,4.777,1,49.0,Land Acquisition & Right of Way,1429,High,5
APR-2001,2001,APR,FR_April_2001.pdf,MOSPI_2001_IMPOFNH2IN,IMP. OF NH-2 IN JHARKHAND (NHAI),NHAI,3/1995,6/1999,,3/2001,127.89,,187.6,59.71,46.69,168.3,100.0,131.6,31.6,21.0,High,General Execution Delay,,Road Transport & Highways,Jharkhand,1.467,1.316,4.859,1,51.0,Forest & Environmental Clearances,638,High,6
APR-2001,2001,APR,FR_April_2001.pdf,MOSPI_2001_4LANNINGOF,4-LANNING OF BHUBANESHWAR CUTTACK-JAGTAPUR SECTION(NH-5),,6/1992,4/1996,,3/2001,133.98,,275.13,141.15,105.35,240.87,100.0,179.78,79.78,59.0,High,General Execution Delay,,Road Transport & Highways,Odisha,2.054,1.798,4.905,1,46.0,Forest & Environmental Clearances,1794,High,7
APR-2001,2001,APR,FR_April_2001.pdf,MOSPI_2001_4LANEWIDEN,"4 LANE WIDENING OF NH3, INDORE BYE-PASS(MP PWD)",MP PWD,2/1992,3/1997,,3/2001,102.97,,276.0,173.03,168.04,227.28,100.0,220.72,120.72,48.0,High,General Execution Delay,,Road Transport & Highways,Madhya Pradesh,2.68,2.207,4.644,1,61.0,Land Acquisition & Right of Way,1459,High,8
APR-2001,2001,APR,FR_April_2001.pdf,MOSPI_2001_4LANINGOFM,4-LANING OF MATHURA- AGRA SECT-ION OF NH-2 KM 148.33 TO 199,,11/1993,4/1999,,10/2000,103.21,,155.93,52.72,51.08,134.57,100.0,130.38,30.38,18.0,High,General Execution Delay,,Road Transport & Highways,Uttar Pradesh,1.511,1.304,4.646,1,65.0,Land Acquisition & Right of Way,547,High,9
APR-2001,2001,APR,FR_April_2001.pdf,MOSPI_2001_NATHPAJHAK,NATHPA JHAKRI TRANSMISSION SYSTEM (P.GRID),P.GRID,4/1989,4/1996,,6/2001,889.95,,1561.63,671.68,75.47,1348.71,100.0,151.55,51.55,62.0,High,General Execution Delay,,Power & Renewable Energy,Multi-State / Central,1.755,1.515,6.792,1,84.0,Fund Constraint & Financial Stress,1885,High,10
APR-2001,2001,APR,FR_April_2001.pdf,MOSPI_2001_LPGPIPELIN,LPG PIPELINE FROM JAMNAGAR TO LONI(GAIL),GAIL,10/1997,4/2001,,4/2001,1229.45,,1229.45,0.0,0.0,1071.48,87.15,87.15,0.0,0.0,Low,On Schedule,,Petroleum & Natural Gas,Multi-State / Central,1.0,0.872,7.115,0,42.0,On Schedule,0,Low,11
APR-2001,2001,APR,FR_April_2001.pdf,MOSPI_2001_EXPNOFBAUX,EXPN OF BAUXITE MINE & ALUMINA REFINERY(NALCO),NALCO,6/1996,3/2001,,6/2001,1664.6,,1664.6,0.0,0.0,1138.6,68.4,68.4,0.0,3.0,Low,General Execution Delay,,Petroleum & Natural Gas,Multi-State / Central,1.0,0.684,7.418,0,57.0,On Schedule,91,Low,12
APR-2001,2001,APR,FR_April_2001.pdf,MOSPI_2001_NANGALUREA,NANGAL UREA EXPANSION (NFL),NFL,5/1999,5/2001,,5/2001,135.13,,135.13,0.0,0.0,128.24,94.9,94.9,0.0,0.0,Low,On Schedule,,Other Infrastructure,Multi-State / Central,1.0,0.949,4.914,0,24.0,On Schedule,0,Low,13
APR-2001,2001,APR,FR_April_2001.pdf,MOSPI_2001_MORDOFMINT,"MORD. OF MINTS AT HYDERABAD, MUMBAI & CALCUTTA",,3/1989,3/1992,,5/2001,118.28,,301.82,183.54,155.17,268.49,100.0,227.0,127.0,110.0,High,General Execution Delay,,Other Infrastructure,Maharashtra,2.552,2.27,4.781,1,36.0,Fund Constraint & Financial Stress,3344,High,14
APR-2001,2001,APR,FR_April_2001.pdf,MOSPI_2001_MEDAPALISC,MEDAPALI (SCCL),SCCL,4/1993,3/2001,,3/2001,219.82,,219.82,0.0,0.0,39.77,18.09,18.09,0.0,0.0,Low,On Schedule,,Coal & Mines,Multi-State / Central,1.0,0.181,5.397,0,95.0,On Schedule,0,Low,15
JUN-2001,2001,JUN,FR_JUNE_2001.pdf,MOSPI_2001_CONSTRUCTI,CONSTRUCTION OF A NEW PORT AT ENNORE(NEAR CHENNAI),NEAR CHENNAI,4/1993,4/1998,,7/2001,593.9,,1058.52,464.62,78.23,799.99,100.0,134.7,34.7,39.0,High,General Execution Delay,,Ports & Shipping,Tamil Nadu,1.782,1.347,6.388,1,60.0,Fund Constraint & Financial Stress,1186,High,16
JUN-2002,2002,JUN,FR_JUNE_2002.pdf,MOSPI_2002_VANIYAMBAD,VANIYAMBADI- PALLIKONDA (GQ) KM.49.00-KM.100.00 (NH-46),GQ,4/2000,6/2004,,12/2003,223.0,,223.0,0.0,0.0,37.61,16.87,16.87,0.0,0.0,Low,On Schedule,,Road Transport & Highways,Multi-State / Central,1.0,0.169,5.412,0,50.0,On Schedule,0,Low,17
JUN-2002,2002,JUN,FR_JUNE_2002.pdf,MOSPI_2002_GUNTURGUNT,GUNTUR - GUNTAKAL & GOOTY- KALLURU- DHARMAVARAM GC(SCR),SCR,4/1992,3/1996,,6/2002,226.4,,517.16,290.76,128.43,459.34,100.0,202.89,102.89,75.0,High,General Execution Delay,,Other Infrastructure,Multi-State / Central,2.284,2.029,5.427,1,47.0,Fund Constraint & Financial Stress,2280,High,18
OCT-2002,2002,OCT,FR_OCT_2002.pdf,MOSPI_2002_RIVERREGUL,RIVER REGULATORY MEASURE FOR THE IMPRT. OF DROUGHT IN,,11/2001,12/2003,,12/2003,350.84,,350.84,0.0,0.0,2.38,0.68,0.68,0.0,0.0,Low,On Schedule,,Water Resources & Irrigation,Multi-State / Central,1.0,0.007,5.863,0,25.0,On Schedule,0,Low,19
JAN-2002,2002,JAN,FR_JAN_2002.pdf,MOSPI_2002_DIVAVASAIR,"DIVA-VASAI ROAD(LD),CR",LD,4/1995,3/1998,,12/2001,90.0,,157.0,67.0,74.44,148.25,100.0,164.72,64.72,45.0,High,General Execution Delay,,Road Transport & Highways,Multi-State / Central,1.744,1.647,4.511,1,35.0,Land Acquisition & Right of Way,1368,High,20
JAN-2002,2002,JAN,FR_JAN_2002.pdf,MOSPI_2002_ZAWELLPLAT,ZA WELL PLATFORM(ONGCL),ONGCL,12/1999,12/2001,,12/2001,302.24,,302.24,0.0,0.0,57.81,19.13,19.13,0.0,0.0,Low,On Schedule,,Petroleum & Natural Gas,Multi-State / Central,1.0,0.191,5.715,0,24.0,On Schedule,0,Low,21
JAN-2002,2002,JAN,FR_JAN_2002.pdf,MOSPI_2002_INSITUCOMB,"INSITU COMBUSTION, BALOL(ONGC)",ONGC,10/1995,7/1997,,11/2001,133.64,,118.08,-15.56,-11.64,97.98,73.32,73.32,0.0,52.0,High,General Execution Delay,,Other Infrastructure,Multi-State / Central,0.884,0.733,4.903,0,21.0,Administrative & Inter-Agency Coordination,1581,High,22
JAN-2002,2002,JAN,FR_JAN_2002.pdf,MOSPI_2002_FCCUATHALD,FCCU AT HALDIA(IOC),IOC,2/1999,2/2002,,9/2001,507.0,,480.0,-27.0,-5.33,373.07,73.58,73.58,0.0,0.0,Low,On Schedule,,Other Infrastructure,West Bengal,0.947,0.736,6.23,0,36.0,On Schedule,0,Low,23
JAN-2002,2002,JAN,FR_JAN_2002.pdf,MOSPI_2002_KONDAPALLY,KONDAPALLY-LANCO PIPELINE(GAIL),GAIL,10/2000,4/2002,,8/2001,299.5,,200.0,-99.5,-33.22,156.68,52.31,52.31,0.0,0.0,Low,On Schedule,,Petroleum & Natural Gas,Multi-State / Central,0.668,0.523,5.705,0,18.0,On Schedule,0,Low,24
FEB-2002,2002,FEB,FR_FEB_2002.pdf,MOSPI_2002_ACQUISITIO,ACQUISITION OF IND. LR- II TANKER FROM COCHIN SHIPYARD,,3/2000,7/2002,,7/2002,151.29,,149.65,-1.64,-1.08,93.79,61.99,61.99,0.0,0.0,Low,On Schedule,,Other Infrastructure,Multi-State / Central,0.989,0.62,5.026,0,28.0,On Schedule,0,Low,25
JAN-2002,2002,JAN,FR_JAN_2002.pdf,MOSPI_2002_GOUTHAMKHA,GOUTHAMKHANI OC (SCCL),SCCL,6/1995,3/2002,,3/2002,415.93,,159.74,-256.19,-61.59,118.94,28.6,28.6,0.0,0.0,Low,On Schedule,,Coal & Mines,Multi-State / Central,0.5,0.286,6.033,0,81.0,On Schedule,0,Low,26
JAN-2002,2002,JAN,FR_JAN_2002.pdf,MOSPI_2002_PAREJOCCCL,PAREJ OC(CCL),CCL,3/1993,3/1998,,3/2002,116.19,,162.88,46.69,40.18,125.61,100.0,108.11,8.11,48.0,High,General Execution Delay,,Coal & Mines,Multi-State / Central,1.402,1.081,4.764,0,60.0,Scope & Engineering Design Modifications,1459,High,27
FEB-2002,2002,FEB,FR_FEB_2002.pdf,MOSPI_2002_CREATIONOF,CREATION OF MECHANISED COAL HANDLING FACILITIES AT P.PORT,,4/1993,4/1998,,7/2001,587.41,,831.11,243.7,41.49,652.44,100.0,111.07,11.07,39.0,High,General Execution Delay,,Coal & Mines,Multi-State / Central,1.415,1.111,6.377,0,60.0,Scope & Engineering Design Modifications,1186,High,28
FEB-2002,2002,FEB,FR_FEB_2002.pdf,MOSPI_2002_IMPOFNH5VI,IMP.OF NH-5 (VIJAYAWADA- ELURU)(NHAI) IN AP (GQ),NHAI,3/1995,6/1999,,6/2002,135.42,,335.35,199.93,147.64,309.0,100.0,228.18,128.18,36.0,High,General Execution Delay,,Road Transport & Highways,Andhra Pradesh,2.476,2.282,4.916,1,51.0,Land Acquisition & Right of Way,1094,High,29
FEB-2002,2002,FEB,FR_FEB_2002.pdf,MOSPI_2002_NORTHEASTH,NORTH-EAST HVDC LINK(P.GRID),P.GRID,9/1998,12/2001,,10/2002,671.56,,671.56,0.0,0.0,302.75,45.08,45.08,0.0,10.0,Medium,General Execution Delay,,Power & Renewable Energy,Multi-State / Central,1.0,0.451,6.511,0,39.0,Administrative & Inter-Agency Coordination,304,Medium,30
FEB-2002,2002,FEB,FR_FEB_2002.pdf,MOSPI_2002_LOADDESPAT,LOAD DESPATCH SCHEME (LDC) FORNORTHERN REGION,LDC,3/1995,3/2000,,7/2002,479.51,,658.92,179.41,37.42,369.89,77.14,77.14,0.0,28.0,High,General Execution Delay,,Other Infrastructure,Multi-State / Central,1.374,0.771,6.175,0,60.0,Scope & Engineering Design Modifications,851,High,31
FEB-2002,2002,FEB,FR_FEB_2002.pdf,MOSPI_2002_UNIFIEDLOA,"UNIFIED LOAD DESPATCH COMMUNI-CATION SYSTEM(ULDCS),SOUTHER",ULDCS,2/1995,3/2000,,7/2002,621.57,,683.8,62.23,10.01,404.8,65.13,65.13,0.0,28.0,High,General Execution Delay,,Other Infrastructure,Multi-State / Central,1.1,0.651,6.434,0,61.0,Administrative & Inter-Agency Coordination,851,High,32
FEB-2002,2002,FEB,FR_FEB_2002.pdf,MOSPI_2002_DHARMAVARA,DHARMAVARAM - PENUKONDA VIA PUTTAPART1-H (NEW LINE)(SR),NEW LINE,9/1998,1/2002,,1/2002,124.22,,124.22,0.0,0.0,107.0,86.14,86.14,0.0,0.0,Low,On Schedule,,Railways,Multi-State / Central,1.0,0.861,4.83,0,40.0,On Schedule,0,Low,33
FEB-2002,2002,FEB,FR_FEB_2002.pdf,MOSPI_2002_SITARAMPUR,SITARAMPUR- MUGHALSARAI RE,,3/1992,3/1998,,12/2001,240.4,,405.14,164.74,68.53,354.38,100.0,147.41,47.41,45.0,High,General Execution Delay,,Other Infrastructure,Multi-State / Central,1.685,1.474,5.486,1,72.0,Fund Constraint & Financial Stress,1368,High,34
FEB-2002,2002,FEB,FR_FEB_2002.pdf,MOSPI_2002_BHUBANESWA,BHUBANESWAR- KOTTAVALASA(RE),RE,3/1997,3/2002,,12/2001,292.22,,292.27,0.05,0.02,188.27,64.43,64.43,0.0,0.0,Low,On Schedule,,Other Infrastructure,Odisha,1.0,0.644,5.681,0,60.0,On Schedule,0,Low,35
FEB-2002,2002,FEB,FR_FEB_2002.pdf,MOSPI_2002_BOKAROKIRI,BOKARO-KIRIBURU RE,,3/1992,3/1997,,12/2001,113.62,,269.0,155.38,136.75,225.48,100.0,198.45,98.45,57.0,High,General Execution Delay,,Other Infrastructure,Jharkhand,2.368,1.984,4.742,1,60.0,Fund Constraint & Financial Stress,1733,High,36
FEB-2002,2002,FEB,FR_FEB_2002.pdf,MOSPI_2002_AUGMNTNSAL,AUGMNTN SALAYA- MATHURA CRUDE OIL PIPELINE(IOCL),IOCL,8/2000,9/2002,,9/2002,1734.0,,329.05,-1404.95,-81.02,5.61,0.32,0.32,0.0,0.0,Low,On Schedule,,Petroleum & Natural Gas,Multi-State / Central,0.5,0.003,7.459,0,25.0,On Schedule,0,Low,37
FEB-2002,2002,FEB,FR_FEB_2002.pdf,MOSPI_2002_SIMHADRITP,SIMHADRI TPP ST-I (NTPC),NTPC,7/1997,12/2002,,12/2002,3650.79,,4155.03,504.24,13.81,2345.07,64.23,64.23,0.0,0.0,Low,On Schedule,,Power & Renewable Energy,Multi-State / Central,1.138,0.642,8.203,0,65.0,On Schedule,0,Low,38
FEB-2002,2002,FEB,FR_FEB_2002.pdf,MOSPI_2002_RAVINDERKH,RAVINDERKHANI NEW TECH. UG (SCCL),SCCL,12/1995,3/2003,,3/2003,242.95,,242.94,-0.01,0.0,21.05,8.66,8.66,0.0,0.0,Low,On Schedule,,Coal & Mines,Multi-State / Central,1.0,0.087,5.497,0,87.0,On Schedule,0,Low,39
FEB-2002,2002,FEB,FR_FEB_2002.pdf,MOSPI_2002_RANGANADIH,"RANGANADI HYDRO ELECTRIC PROJECT, STAGE I(NEEPCO)",NEEPCO,4/1987,8/1994,,3/2002,312.78,,1455.45,1142.67,365.33,1398.45,100.0,447.1,347.1,91.0,High,General Execution Delay,,Power & Renewable Energy,Multi-State / Central,4.653,4.471,5.749,1,88.0,Fund Constraint & Financial Stress,2766,High,40
FEB-2002,2002,FEB,FR_FEB_2002.pdf,MOSPI_2002_BARAUNIREF,BARAUNI REFINERY EXPANSION (IOC),IOC,2/1999,5/2002,,5/2002,1803.0,,1963.0,160.0,8.87,1226.44,68.02,68.02,0.0,0.0,Low,On Schedule,,Petroleum & Natural Gas,Multi-State / Central,1.089,0.68,7.498,0,39.0,On Schedule,0,Low,41
FEB-2002,2002,FEB,FR_FEB_2002.pdf,MOSPI_2002_HYDROTREAT,HYDROTREATING PLANT AT GUWAHATI (IOC),IOC,2/1999,5/2002,,5/2002,497.0,,522.0,25.0,5.03,446.7,89.88,89.88,0.0,0.0,Low,On Schedule,,Power & Renewable Energy,Assam,1.05,0.899,6.211,0,39.0,On Schedule,0,Low,42
FEB-2002,2002,FEB,FR_FEB_2002.pdf,MOSPI_2002_ADDNLCOMPR,ADDNL COMPRESSOR(ONGCL),ONGCL,12/1999,4/2002,,4/2002,177.64,,177.64,0.0,0.0,82.85,46.64,46.64,0.0,0.0,Low,On Schedule,,Petroleum & Natural Gas,Multi-State / Central,1.0,0.466,5.185,0,28.0,On Schedule,0,Low,43
FEB-2002,2002,FEB,FR_FEB_2002.pdf,MOSPI_2002_VVPLEXTENS,VVPL EXTENSION TO SECUNDERABAD(HPCL),HPCL,10/1999,6/2002,,3/2002,377.55,,377.55,0.0,0.0,288.81,76.5,76.5,0.0,0.0,Low,On Schedule,,Petroleum & Natural Gas,Multi-State / Central,1.0,0.765,5.936,0,32.0,On Schedule,0,Low,44
FEB-2002,2002,FEB,FR_FEB_2002.pdf,MOSPI_2002_POLJETTYAT,POL JETTY AT JAWHARLAL NEHRU PORT(BPCL),BPCL,5/1999,12/2001,,2/2002,198.02,,120.0,-78.02,-39.4,80.45,40.63,40.63,0.0,2.0,Low,General Execution Delay,,Petroleum & Natural Gas,Multi-State / Central,0.606,0.406,5.293,0,31.0,On Schedule,61,Low,45
FEB-2002,2002,FEB,FR_FEB_2002.pdf,MOSPI_2002_AUGMENTATI,AUGMENTATION OF HBCPL (IOC),IOC,5/1998,2/2002,,2/2002,472.0,,287.0,-185.0,-39.19,279.04,59.12,59.12,0.0,0.0,Low,On Schedule,,Other Infrastructure,Multi-State / Central,0.608,0.591,6.159,0,45.0,On Schedule,0,Low,46
FEB-2002,2002,FEB,FR_FEB_2002.pdf,MOSPI_2002_1011ABAILA,10/11A BAILADILA DEPOSIT(NMDC),NMDC,8/1995,8/1999,,7/2002,430.5,,450.0,19.5,4.53,284.77,66.15,66.15,0.0,35.0,High,General Execution Delay,,Other Infrastructure,Multi-State / Central,1.045,0.661,6.067,0,48.0,Administrative & Inter-Agency Coordination,1064,High,47
OCT-2002,2002,OCT,FR_OCT_2002.pdf,MOSPI_2002_DEHRIONSON,DEHRI-ON SONE- MUGHALSARAI III LINE DOUBL.(ER),ER,4/1990,3/1994,,3/2003,165.0,,255.0,90.0,54.55,258.09,100.0,156.42,56.42,108.0,High,General Execution Delay,,Other Infrastructure,Multi-State / Central,1.545,1.564,5.112,1,47.0,Fund Constraint & Financial Stress,3283,High,48
JAN-2003,2003,JAN,FR_JAN_2003.pdf,MOSPI_2003_SATGRAMUGE,SATGRAM UG(ECL),ECL,5/1979,3/1989,,3/2003,26.37,,118.87,92.5,350.78,109.07,100.0,413.61,313.61,168.0,High,General Execution Delay,,Coal & Mines,Multi-State / Central,4.508,4.136,3.309,1,118.0,Fund Constraint & Financial Stress,5107,High,49
JAN-2003,2003,JAN,FR_JAN_2003.pdf,MOSPI_2003_RAIPURRURK,RAIPUR-RURKELA 400KV D/C LINE (P.GRID),P.GRID,1/2001,1/2004,,1/2003,237.38,,210.1,-27.28,-11.49,192.93,81.27,81.27,0.0,0.0,Low,On Schedule,,Power & Renewable Energy,Chhattisgarh,0.885,0.813,5.474,0,36.0,On Schedule,0,Low,50
JAN-2003,2003,JAN,FR_JAN_2003.pdf,MOSPI_2003_KOLHAPURMA,KOLHAPUR-MAPUSA 400 KV LINE (P.GRID),P.GRID,7/2000,7/2003,,1/2003,181.94,,150.27,-31.67,-17.41,105.14,57.79,57.79,0.0,0.0,Low,On Schedule,,Power & Renewable Energy,Multi-State / Central,0.826,0.578,5.209,0,36.0,On Schedule,0,Low,51
JAN-2003,2003,JAN,FR_JAN_2003.pdf,MOSPI_2003_MINE1ANLC,MINE-1A(NLC),NLC,2/1998,3/2003,,3/2003,1032.81,,1015.74,-17.07,-1.65,759.45,73.53,73.53,0.0,0.0,Low,On Schedule,,Coal & Mines,Multi-State / Central,0.983,0.735,6.941,0,61.0,On Schedule,0,Low,52
JAN-2003,2003,JAN,FR_JAN_2003.pdf,MOSPI_2003_EXPANSIONO,EXPANSION OF MINE- I(NLC),NLC,3/1992,10/1996,,4/2003,1336.93,,1667.76,330.83,24.75,1462.94,100.0,109.43,9.43,78.0,High,General Execution Delay,,Coal & Mines,Multi-State / Central,1.247,1.094,7.199,0,55.0,Administrative & Inter-Agency Coordination,2371,High,53
JAN-2003,2003,JAN,FR_JAN_2003.pdf,MOSPI_2003_CATALYTICD,"CATALYTIC DEWAXING UNIT,HALDIA(IOC)",IOC,7/1999,5/2003,,2/2003,422.0,,409.0,-13.0,-3.08,334.21,79.2,79.2,0.0,0.0,Low,On Schedule,,Other Infrastructure,West Bengal,0.969,0.792,6.047,0,46.0,On Schedule,0,Low,54
JAN-2003,2003,JAN,FR_JAN_2003.pdf,MOSPI_2003_ADDNLDEVIH,ADDNL DEV I HEERA & SOUTH HEERA(ONGCL),ONGCL,1/2001,1/2004,,1/2004,309.08,,309.08,0.0,0.0,123.27,39.88,39.88,0.0,0.0,Low,On Schedule,,Petroleum & Natural Gas,Multi-State / Central,1.0,0.399,5.737,0,36.0,On Schedule,0,Low,55
JAN-2003,2003,JAN,FR_JAN_2003.pdf,MOSPI_2003_SYSTEMSTRE,SYSTEM STRENGTHENING IN SOUTH-ERN REGION(P.GRID),P.GRID,2/2001,2/2003,,2/2003,396.28,,361.19,-35.09,-8.85,307.04,77.48,77.48,0.0,0.0,Low,On Schedule,,Power & Renewable Energy,Multi-State / Central,0.911,0.775,5.985,0,24.0,On Schedule,0,Low,56
JAN-2003,2003,JAN,FR_JAN_2003.pdf,MOSPI_2003_VANIYAMBAD,VANIYAMBADI- PALLIKONDA (GQ) KM.49.00-KM.100.00 (NH-,GQ,4/2000,6/2004,,12/2003,223.0,,223.0,0.0,0.0,57.99,26.0,26.0,0.0,0.0,Low,On Schedule,,Other Infrastructure,Multi-State / Central,1.0,0.26,5.412,0,50.0,On Schedule,0,Low,57
APR-2003,2003,APR,MonthlyFR_april_2003.pdf,MOSPI_2003_CONSTRUCTI,"CONSTRUCTION OF POL TERMINMAL FOR ERIP,PARADIP(IOC)",IOC,9/1999,5/2003,,6/2003,569.0,,569.0,0.0,0.0,14.71,2.59,2.59,0.0,1.0,Low,General Execution Delay,,Petroleum & Natural Gas,Odisha,1.0,0.026,6.346,0,44.0,On Schedule,30,Low,58
APR-2003,2003,APR,MonthlyFR_april_2003.pdf,MOSPI_2003_LPGTERMINA,LPG TERMINAL FOREIRP(IOCL),IOCL,10/1999,6/2003,,6/2003,220.81,,220.81,0.0,0.0,38.73,17.54,17.54,0.0,0.0,Low,On Schedule,,Petroleum & Natural Gas,Multi-State / Central,1.0,0.175,5.402,0,44.0,On Schedule,0,Low,59
MAR-2003,2003,MAR,FR_MAR_2003.pdf,MOSPI_2003_PORTFACILI,PORT FACILITIES FOR MRPL REF.EXPN.(NMPT),NMPT,7/1999,1/2002,,5/2003,236.5,,135.0,-101.5,-42.92,126.94,53.67,53.67,0.0,16.0,Medium,General Execution Delay,,Coal & Mines,Multi-State / Central,0.571,0.537,5.47,0,30.0,Administrative & Inter-Agency Coordination,486,Medium,60
OCT-2003,2003,OCT,MonthlyFR_oct_2003.pdf,MOSPI_2003_KISHANGARH,KISHANGARH- NASIRABAD (GQ) KM. 363.9 (NH-8) - KM. 15 (NH-,GQ,4/2000,5/2004,,12/2003,113.5,,113.5,0.0,0.0,87.88,77.43,77.43,0.0,0.0,Low,On Schedule,,Road Transport & Highways,Multi-State / Central,1.0,0.774,4.741,0,49.0,On Schedule,0,Low,61
MAR-2003,2003,MAR,FR_MAR_2003.pdf,MOSPI_2003_KATPADIPAK,"KATPADI - PAKLA - TIRUPATHI (GC), SCR",GC,4/1992,12/1998,,3/2003,71.7,,174.0,102.3,142.68,123.79,100.0,172.65,72.65,51.0,High,General Execution Delay,,Other Infrastructure,Multi-State / Central,2.427,1.726,4.286,1,80.0,Fund Constraint & Financial Stress,1550,High,62
MAR-2003,2003,MAR,FR_MAR_2003.pdf,MOSPI_2003_TALCHERIIT,TALCHER-II TRANSMISSION SYSTEM(P.GRID),P.GRID,1/2000,1/2003,,6/2003,3086.73,,2998.32,-88.41,-2.86,2642.81,85.62,85.62,0.0,5.0,Low,General Execution Delay,,Power & Renewable Energy,Multi-State / Central,0.971,0.856,8.035,0,36.0,On Schedule,152,Low,63
AUG-2003,2003,AUG,MonthlyFR_aug_2003.pdf,MOSPI_2003_MERAMUNDAL,MERAMUNDALI-JEYPORE 400 KV D/C LINE(P.GRID),P.GRID,10/2000,4/2003,,9/2003,166.51,,143.02,-23.49,-14.11,124.04,74.49,74.49,0.0,5.0,Low,General Execution Delay,,Power & Renewable Energy,Multi-State / Central,0.859,0.745,5.121,0,30.0,On Schedule,152,Low,64
APR-2003,2003,APR,MonthlyFR_april_2003.pdf,MOSPI_2003_KAIJALIMAN,KAIJALI-MANOR (GQ) KM.381.6-KM.439 (NH-8),GQ,4/2000,10/2003,,7/2003,192.71,,192.71,0.0,0.0,198.6,100.0,103.06,3.06,0.0,Low,On Schedule,,Road Transport & Highways,Multi-State / Central,1.0,1.031,5.266,0,42.0,On Schedule,0,Low,65
APR-2003,2003,APR,MonthlyFR_april_2003.pdf,MOSPI_2003_ACQNOF4110,"ACQN.OF 4-110,000 DWT CRUDE OIL CARRIERS FROM HYUNDAI",,5/2000,8/2003,,8/2003,672.28,,628.09,-44.19,-6.57,466.76,69.43,69.43,0.0,0.0,Low,On Schedule,,Petroleum & Natural Gas,Multi-State / Central,0.934,0.694,6.512,0,39.0,On Schedule,0,Low,66
MAY-2003,2003,MAY,MonthlyFR_may_2003.pdf,MOSPI_2003_TPSIEXPNLC,TPS-I EXP.(NLC),NLC,2/1996,3/2001,,12/2003,1590.58,,1423.47,-167.11,-10.51,1175.26,73.89,73.89,0.0,33.0,High,General Execution Delay,,Coal & Mines,Multi-State / Central,0.895,0.739,7.372,0,61.0,Administrative & Inter-Agency Coordination,1003,High,67
MAY-2003,2003,MAY,MonthlyFR_may_2003.pdf,MOSPI_2003_NEWSOLVENT,"NEW SOLVENT DEWAXING UNIT (IOC),DIGBOI",IOC,2/1999,11/2002,,5/2003,419.0,,432.0,13.0,3.1,387.75,92.54,92.54,0.0,6.0,Low,General Execution Delay,,Other Infrastructure,Multi-State / Central,1.031,0.925,6.04,0,45.0,On Schedule,182,Low,68
MAY-2003,2003,MAY,MonthlyFR_may_2003.pdf,MOSPI_2003_AUGOFVIRAN,AUG. OF VIRANGAM KOYALI OF SM PIPELINE (IOC),IOC,5/2001,3/2003,,6/2003,329.05,,144.0,-185.05,-56.24,114.72,34.86,34.86,0.0,3.0,Low,General Execution Delay,,Petroleum & Natural Gas,Multi-State / Central,0.5,0.349,5.799,0,22.0,On Schedule,91,Low,69
MAY-2003,2003,MAY,MonthlyFR_may_2003.pdf,MOSPI_2003_UDHNAJALGA,UDHNA-JALGAON(RE),RE,3/1997,3/2002,,3/2003,124.39,,140.98,16.59,13.34,108.9,87.55,87.55,0.0,12.0,Medium,General Execution Delay,,Other Infrastructure,Multi-State / Central,1.133,0.875,4.831,0,60.0,Administrative & Inter-Agency Coordination,365,Medium,70
MAY-2003,2003,MAY,MonthlyFR_may_2003.pdf,MOSPI_2003_LDCSCHEMEI,LD&C SCHEME IN NER(P.GRID),P.GRID,8/1997,3/2000,,12/2003,158.94,,249.27,90.33,56.83,133.08,83.73,83.73,0.0,45.0,High,General Execution Delay,,Power & Renewable Energy,Multi-State / Central,1.568,0.837,5.075,0,31.0,Scope & Engineering Design Modifications,1368,High,71
MAY-2003,2003,MAY,MonthlyFR_may_2003.pdf,MOSPI_2003_WESTERLYDI,WESTERLY DIVERSION (GQ) KM.0-KM.34.25 (NH-4),GQ,4/2000,8/2002,,8/2003,109.38,,109.38,0.0,0.0,141.5,100.0,129.37,29.37,12.0,Medium,General Execution Delay,,Road Transport & Highways,Multi-State / Central,1.0,1.294,4.704,1,28.0,Administrative & Inter-Agency Coordination,365,Medium,72
MAY-2003,2003,MAY,MonthlyFR_may_2003.pdf,MOSPI_2003_NASIRABADG,NASIRABAD-GULABPURA (GQ) KM.15 - KM.70 (NH-79),GQ,4/2000,5/2004,,12/2003,182.09,,182.09,0.0,0.0,77.99,42.83,42.83,0.0,0.0,Low,On Schedule,,Road Transport & Highways,Multi-State / Central,1.0,0.428,5.21,0,49.0,On Schedule,0,Low,73
MAY-2003,2003,MAY,MonthlyFR_may_2003.pdf,MOSPI_2003_NELLORETAD,NELLORE-TADA (GQ) KM.163.6-KM.52.8 (NH-5),GQ,4/2000,12/2003,,12/2003,621.35,,621.35,0.0,0.0,478.2,76.96,76.96,0.0,0.0,Low,On Schedule,,Road Transport & Highways,Multi-State / Central,1.0,0.77,6.434,0,44.0,On Schedule,0,Low,74
MAY-2003,2003,MAY,MonthlyFR_may_2003.pdf,MOSPI_2003_SAROLEWATH,SAROLE-WATHAR (GQ) KM.797-KM.760 EXCLUDING KM.773-781,GQ,4/2000,4/2004,,12/2003,118.93,,118.93,0.0,0.0,54.0,45.4,45.4,0.0,0.0,Low,On Schedule,,Other Infrastructure,Multi-State / Central,1.0,0.454,4.787,0,48.0,On Schedule,0,Low,75
MAY-2003,2003,MAY,MonthlyFR_may_2003.pdf,MOSPI_2003_TUMKURNEEL,TUMKUR-NEELMANGALA (GQ) KM.62-KM.29.5 (NH-4),GQ,4/2000,12/2003,,12/2003,155.0,,155.0,0.0,0.0,122.9,79.29,79.29,0.0,0.0,Low,On Schedule,,Road Transport & Highways,Multi-State / Central,1.0,0.793,5.05,0,44.0,On Schedule,0,Low,76
MAY-2003,2003,MAY,MonthlyFR_may_2003.pdf,MOSPI_2003_HOSURKRISH,HOSUR-KRISHNAGIRI (GQ) KM.48.6-KM.94.0 (NH-7),GQ,4/2000,6/2004,,12/2003,213.0,,213.0,0.0,0.0,102.6,48.17,48.17,0.0,0.0,Low,On Schedule,,Road Transport & Highways,Multi-State / Central,1.0,0.482,5.366,0,50.0,On Schedule,0,Low,77
MAY-2003,2003,MAY,MonthlyFR_may_2003.pdf,MOSPI_2003_WALAHJAPET,WALAHJAPET- KANCHIPURAM (GQ) KM.106.4-KM.70.2 (NH-4),GQ,4/2000,3/2004,,12/2003,130.0,,130.0,0.0,0.0,63.42,48.78,48.78,0.0,0.0,Low,On Schedule,,Road Transport & Highways,Multi-State / Central,1.0,0.488,4.875,0,47.0,On Schedule,0,Low,78
MAY-2003,2003,MAY,MonthlyFR_may_2003.pdf,MOSPI_2003_UDAIPURKES,UDAIPUR-KESARIAJI (GQ) KM.278-KM.340 (NH-8),GQ,4/2000,4/2004,,12/2003,245.91,,245.91,0.0,0.0,106.9,43.47,43.47,0.0,0.0,Low,On Schedule,,Road Transport & Highways,Rajasthan,1.0,0.435,5.509,0,48.0,On Schedule,0,Low,79
MAY-2003,2003,MAY,MonthlyFR_may_2003.pdf,MOSPI_2003_WATHARSATA,WATHAR-SATARA (GQ) KM.760-KM.725 (NH-4),GQ,4/2000,12/2003,,12/2003,139.0,,139.0,0.0,0.0,75.16,54.07,54.07,0.0,0.0,Low,On Schedule,,Road Transport & Highways,Multi-State / Central,1.0,0.541,4.942,0,44.0,On Schedule,0,Low,80
MAY-2003,2003,MAY,MonthlyFR_may_2003.pdf,MOSPI_2003_RATANPURHI,RATANPUR-HIMATNAGAR (GQ) KM.388-KM.443 (NH-8),GQ,4/2000,5/2004,,12/2003,182.29,,182.29,0.0,0.0,91.37,50.12,50.12,0.0,0.0,Low,On Schedule,,Road Transport & Highways,Multi-State / Central,1.0,0.501,5.211,0,49.0,On Schedule,0,Low,81
MAY-2003,2003,MAY,MonthlyFR_may_2003.pdf,MOSPI_2003_CHITTORGAR,CHITTORGARH- MANGALWAR (GQ) KM.220-KM-172 (NH-76),GQ,4/2000,5/2004,,12/2003,161.2,,161.2,0.0,0.0,58.46,36.27,36.27,0.0,0.0,Low,On Schedule,,Road Transport & Highways,Multi-State / Central,1.0,0.363,5.089,0,49.0,On Schedule,0,Low,82
MAY-2003,2003,MAY,MonthlyFR_may_2003.pdf,MOSPI_2003_ATULKAIJAL,ATUL-KAIJALI (GQ) KMS.343-KMS.381.6 (NH-8),GQ,4/2000,4/2003,,12/2003,174.59,,174.59,0.0,0.0,146.6,83.97,83.97,0.0,8.0,Medium,General Execution Delay,,Road Transport & Highways,Multi-State / Central,1.0,0.84,5.168,0,36.0,Administrative & Inter-Agency Coordination,243,Medium,83
MAY-2004,2004,MAY,MonthlyFR_may_2004.pdf,MOSPI_2004_DELHIGURGA,"DELHI-GURGAON ACCESS CONTROLLED EXPRESSWAY, KM143-",,4/2000,7/2005,,4/2005,555.0,,555.0,0.0,0.0,165.72,29.86,29.86,0.0,0.0,Low,On Schedule,,Road Transport & Highways,Haryana,1.0,0.299,6.321,0,63.0,On Schedule,0,Low,84
NOV-2004,2004,NOV,MonthlyFR_nov_2004.pdf,MOSPI_2004_400220KVSY,400/220/KV SYSTEM STRENGHTANING SCHEME OF WR AT,,1/2002,1/2005,,1/2005,109.77,,109.77,0.0,0.0,68.5,62.4,62.4,0.0,0.0,Low,On Schedule,,Power & Renewable Energy,Multi-State / Central,1.0,0.624,4.707,0,36.0,On Schedule,0,Low,85
JAN-2004,2004,JAN,MonthlyFR_jan_2004.pdf,MOSPI_2004_CHAMERAHEP,CHAMERA H.E. PROJECT ST-II (NHPC),NHPC,5/1999,5/2004,,5/2004,1684.02,,1684.02,0.0,0.0,1838.55,100.0,109.18,9.18,0.0,Low,On Schedule,,Power & Renewable Energy,Multi-State / Central,1.0,1.092,7.43,0,60.0,On Schedule,0,Low,86
JAN-2004,2004,JAN,MonthlyFR_jan_2004.pdf,MOSPI_2004_GONDIAJABA,GONDIA-JABALPUR (SECR),SECR,2/1997,3/1998,,12/2003,356.0,,511.86,155.86,43.78,59.94,16.84,16.84,0.0,69.0,High,General Execution Delay,,Other Infrastructure,Madhya Pradesh,1.438,0.168,5.878,0,13.0,Scope & Engineering Design Modifications,2098,High,87
MAR-2004,2004,MAR,MonthlyFR_mar_2004.pdf,MOSPI_2004_HYDROTREAT,HYDROTREATER AT DIGBOI REF. (IOCL),IOCL,2/1999,5/2002,,3/2004,343.0,,377.0,34.0,9.91,354.28,100.0,103.29,3.29,22.0,Medium,General Execution Delay,,Power & Renewable Energy,Multi-State / Central,1.099,1.033,5.841,0,39.0,Administrative & Inter-Agency Coordination,669,Medium,88
MAR-2004,2004,MAR,MonthlyFR_mar_2004.pdf,MOSPI_2004_HBJPIPELIN,HBJ PIPELINE UPGRADATION PJCT- PHI(GAIL),GAIL,12/2001,9/2004,,4/2004,2936.0,,2444.54,-491.46,-16.74,2007.87,68.39,68.39,0.0,0.0,Low,On Schedule,,Petroleum & Natural Gas,Multi-State / Central,0.833,0.684,7.985,0,33.0,On Schedule,0,Low,89
MAR-2004,2004,MAR,MonthlyFR_mar_2004.pdf,MOSPI_2004_MUMBAIMANM,MUMBAI-MANMAD POL PIPELINE TO INDORE (BPCL),BPCL,4/2001,4/2004,,4/2004,336.07,,336.07,0.0,0.0,235.8,70.16,70.16,0.0,0.0,Low,On Schedule,,Petroleum & Natural Gas,Maharashtra,1.0,0.702,5.82,0,36.0,On Schedule,0,Low,90
MAR-2004,2004,MAR,MonthlyFR_mar_2004.pdf,MOSPI_2004_DUDHICHUAN,DUDHICHUA (NCL),NCL,8/1992,3/1998,,3/2004,868.93,,1281.39,412.46,47.47,1233.43,100.0,141.95,41.95,72.0,High,General Execution Delay,,Coal & Mines,Multi-State / Central,1.475,1.419,6.768,1,67.0,Fund Constraint & Financial Stress,2189,High,91
MAR-2004,2004,MAR,MonthlyFR_mar_2004.pdf,MOSPI_2004_JHARKHANDO,JHARKHAND OC(CCL),CCL,10/1998,3/2004,,3/2004,110.89,,110.89,0.0,0.0,62.46,56.33,56.33,0.0,0.0,Low,On Schedule,,Coal & Mines,Jharkhand,1.0,0.563,4.718,0,65.0,On Schedule,0,Low,92
MAR-2004,2004,MAR,MonthlyFR_mar_2004.pdf,MOSPI_2004_LONGRAILFA,LONG RAIL FACILITIES IN R&S MILL (SAIL),SAIL,9/2002,8/2004,,8/2004,320.0,,320.0,0.0,0.0,185.59,58.0,58.0,0.0,0.0,Low,On Schedule,,Railways,Multi-State / Central,1.0,0.58,5.771,0,23.0,On Schedule,0,Low,93
MAR-2004,2004,MAR,MonthlyFR_mar_2004.pdf,MOSPI_2004_PIGIRONPLA,PIG IRON PLANT (NMDC),NMDC,12/1998,10/2004,,6/2006,298.68,,298.68,0.0,0.0,25.45,8.52,8.52,0.0,20.0,Medium,General Execution Delay,,Other Infrastructure,Multi-State / Central,1.0,0.085,5.703,0,70.0,Contractor / Vendor Non-Performance,608,Medium,94
MAR-2004,2004,MAR,MonthlyFR_mar_2004.pdf,MOSPI_2004_JHANJRAUGE,JHANJRA U.G. (ECL),ECL,12/1982,3/1994,,3/2004,184.55,,386.44,201.89,109.4,363.08,100.0,196.74,96.74,120.0,High,General Execution Delay,,Coal & Mines,Multi-State / Central,2.094,1.967,5.223,1,135.0,Fund Constraint & Financial Stress,3648,High,95
MAR-2004,2004,MAR,MonthlyFR_mar_2004.pdf,MOSPI_2004_NATHPAJHAK,NATHPA JHAKRI H.E.P. (NJPC),NJPC,4/1989,4/1996,,7/2004,1678.02,,8656.61,6978.59,415.88,7958.83,100.0,474.3,374.3,99.0,High,General Execution Delay,,Other Infrastructure,Multi-State / Central,5.159,4.743,7.426,1,84.0,Fund Constraint & Financial Stress,3010,High,96
MAR-2004,2004,MAR,MonthlyFR_mar_2004.pdf,MOSPI_2004_NIGAHIOCEX,NIGAHI OC EXPANSION(NCL),NCL,7/1997,3/2004,,3/2004,1846.49,,1846.49,0.0,0.0,1369.45,74.17,74.17,0.0,0.0,Low,On Schedule,,Coal & Mines,Multi-State / Central,1.0,0.742,7.522,0,80.0,On Schedule,0,Low,97
JAN-2004,2004,JAN,MonthlyFR_jan_2004.pdf,MOSPI_2004_NAINIBRIDG,NAINI BRIDGE & LINK RD.BETWEEN NH2 & NH- 27,,3/1995,6/2001,,2/2004,100.36,,219.78,119.42,118.99,255.8,100.0,254.88,154.88,32.0,High,General Execution Delay,,Road Transport & Highways,Multi-State / Central,2.19,2.549,4.619,1,75.0,Land Acquisition & Right of Way,973,High,98
JAN-2004,2004,JAN,MonthlyFR_jan_2004.pdf,MOSPI_2004_SRIKAKULAM,SRIKAKULAM- CHAMPAWATI (GQ) KM.97-KM.49 (NH-5),GQ,4/2000,2/2004,,6/2004,171.97,,171.97,0.0,0.0,87.77,51.04,51.04,0.0,4.0,Low,General Execution Delay,,Road Transport & Highways,Multi-State / Central,1.0,0.51,5.153,0,46.0,On Schedule,122,Low,99
JAN-2004,2004,JAN,MonthlyFR_jan_2004.pdf,MOSPI_2004_GOWTHAMIGU,GOWTHAMI- GUNDUGOLANU (GQ) KM.164.5-KM.80 (NH-5),GQ,4/2000,2/2004,,2/2004,323.35,,323.35,0.0,0.0,325.2,100.0,100.57,0.57,0.0,Low,On Schedule,,Road Transport & Highways,Multi-State / Central,1.0,1.006,5.782,0,46.0,On Schedule,0,Low,100
JAN-2004,2004,JAN,MonthlyFR_jan_2004.pdf,MOSPI_2004_TAMBARAMTI,TAMBARAM- TINDIVANAM (OTHERS) KM.28-KM.121 (NH-45),OTHERS,4/2000,11/2004,,6/2004,375.0,,375.0,0.0,0.0,7.76,2.07,2.07,0.0,0.0,Low,On Schedule,,Road Transport & Highways,Multi-State / Central,1.0,0.021,5.93,0,55.0,On Schedule,0,Low,101
JAN-2004,2004,JAN,MonthlyFR_jan_2004.pdf,MOSPI_2004_MAHAPURAKI,MAHAPURA- KISHANGARH (GQ) KM. 273.5 - KM. 363 - 885 (NH-8),GQ,4/2000,10/2005,,12/2004,644.0,,644.0,0.0,0.0,279.5,43.4,43.4,0.0,0.0,Low,On Schedule,,Road Transport & Highways,Multi-State / Central,1.0,0.434,6.469,0,66.0,On Schedule,0,Low,102
MAR-2004,2004,MAR,MonthlyFR_mar_2004.pdf,MOSPI_2004_PANVELKARJ,"PANVEL-KARJAT(NL),CR",NL,2/1996,3/1997,,3/2004,89.0,,137.44,48.44,54.43,106.43,100.0,119.58,19.58,84.0,High,General Execution Delay,,Other Infrastructure,Multi-State / Central,1.544,1.196,4.5,1,13.0,Fund Constraint & Financial Stress,2554,High,103
MAR-2004,2004,MAR,MonthlyFR_mar_2004.pdf,MOSPI_2004_JAMMUTAWIU,JAMMU-TAWI UDHAMPUR NEW LINE (NR),NR,3/1981,3/1994,,4/2004,50.0,,510.0,460.0,920.0,483.0,100.0,966.0,866.0,121.0,High,General Execution Delay,,Railways,Jammu & Kashmir,10.0,9.66,3.932,1,156.0,Land Acquisition & Right of Way,3678,High,104
MAR-2004,2004,MAR,MonthlyFR_mar_2004.pdf,MOSPI_2004_AHMEDABADV,AHMEDABAD-VADODARA EXPRESSWAY(GQ),GQ,1/1986,12/1991,,3/2004,128.4,,766.5,638.1,496.96,663.47,100.0,516.72,416.72,147.0,High,General Execution Delay,,Road Transport & Highways,Gujarat,5.97,5.167,4.863,1,71.0,Land Acquisition & Right of Way,4469,High,105
MAR-2004,2004,MAR,MonthlyFR_mar_2004.pdf,MOSPI_2004_NANDIGAMAV,NANDIGAMA- VIJAYAWADA (OTHERS) (NH-9),OTHERS,4/2000,12/2003,,4/2004,138.65,,138.65,0.0,0.0,86.64,62.49,62.49,0.0,4.0,Low,General Execution Delay,,Road Transport & Highways,Andhra Pradesh,1.0,0.625,4.939,0,44.0,On Schedule,122,Low,106
MAR-2004,2004,MAR,MonthlyFR_mar_2004.pdf,MOSPI_2004_BHILWARABY,BHILWARA BYPASS - CHITTORGARH (GQ) KM.120-KM.183 (NH-79),GQ,4/2000,5/2004,,4/2004,202.88,,202.88,0.0,0.0,159.5,78.62,78.62,0.0,0.0,Low,On Schedule,,Road Transport & Highways,Multi-State / Central,1.0,0.786,5.318,0,49.0,On Schedule,0,Low,107
MAR-2004,2004,MAR,MonthlyFR_mar_2004.pdf,MOSPI_2004_NAINIBRIDG,NAINI BRIDGE & LINK RD.BETWEEN NH2 & NH-27,,3/1995,6/2001,,5/2004,100.36,,219.78,119.42,118.99,263.8,100.0,262.85,162.85,35.0,High,General Execution Delay,,Road Transport & Highways,Multi-State / Central,2.19,2.629,4.619,1,75.0,Land Acquisition & Right of Way,1064,High,108
MAR-2004,2004,MAR,MonthlyFR_mar_2004.pdf,MOSPI_2004_ACQNOF2146,"ACQN. OF 2-146,860 DWT CRUDE OIL TANKERS FROM M/S DAEWOO",,12/2001,9/2004,,5/2004,457.78,,457.78,0.0,0.0,366.7,80.1,80.1,0.0,0.0,Low,On Schedule,,Petroleum & Natural Gas,Multi-State / Central,1.0,0.801,6.129,0,33.0,On Schedule,0,Low,109
MAR-2004,2004,MAR,MonthlyFR_mar_2004.pdf,MOSPI_2004_MODERNISAT,"MODERNISATION OF MOT JETTIES 1,2&3 AT J.D.(PORTS)",PORTS,8/1997,2/2003,,12/2004,167.99,,215.34,47.35,28.19,161.87,96.36,96.36,0.0,22.0,Medium,General Execution Delay,,Ports & Shipping,Multi-State / Central,1.282,0.964,5.13,0,66.0,Administrative & Inter-Agency Coordination,669,Medium,110
JUL-2004,2004,JUL,MonthlyFR_july_2004.pdf,MOSPI_2004_REFINERYEX,REFINERY EXPANSION CUM.MOD. PROJECT(CPCL),CPCL,7/2000,7/2003,,8/2004,2360.38,,2360.38,0.0,0.0,2144.86,90.87,90.87,0.0,13.0,Medium,General Execution Delay,,Petroleum & Natural Gas,Multi-State / Central,1.0,0.909,7.767,0,36.0,Administrative & Inter-Agency Coordination,395,Medium,111
JUL-2004,2004,JUL,MonthlyFR_july_2004.pdf,MOSPI_2004_EXPNOFCAPA,EXPN. OF CAPACITY OF SMELTER & CPP (NALCO),NALCO,2/1998,5/2002,,8/2004,2061.98,,2061.98,0.0,0.0,1593.05,77.26,77.26,0.0,27.0,High,General Execution Delay,,Other Infrastructure,Multi-State / Central,1.0,0.773,7.632,0,51.0,Administrative & Inter-Agency Coordination,821,High,112
JUL-2004,2004,JUL,MonthlyFR_july_2004.pdf,MOSPI_2004_VISAKHSECN,VISAKH-SECNDERABAD LPG(GAIL),GAIL,1/2001,8/2003,,7/2004,490.65,,463.26,-27.39,-5.58,415.97,84.78,84.78,0.0,11.0,Medium,General Execution Delay,,Petroleum & Natural Gas,Multi-State / Central,0.944,0.848,6.198,0,31.0,Administrative & Inter-Agency Coordination,334,Medium,113
JUL-2004,2004,JUL,MonthlyFR_july_2004.pdf,MOSPI_2004_LINEARALKY,LINEAR ALKYL BENZENE (IOCL),IOCL,5/2001,3/2004,,8/2004,1248.0,,1202.0,-46.0,-3.69,879.91,70.51,70.51,0.0,5.0,Low,General Execution Delay,,Petroleum & Natural Gas,Multi-State / Central,0.963,0.705,7.13,0,34.0,On Schedule,152,Low,114
JUL-2004,2004,JUL,MonthlyFR_july_2004.pdf,MOSPI_2004_RAMAGUNDAM,RAMAGUNDAM STPP ST - III(NTPC),NTPC,8/2001,8/2005,,8/2005,1780.99,,2072.45,291.46,16.37,1154.07,64.8,64.8,0.0,0.0,Medium,On Schedule,,Power & Renewable Energy,Multi-State / Central,1.164,0.648,7.485,0,48.0,On Schedule,0,Medium,115
JUL-2004,2004,JUL,MonthlyFR_july_2004.pdf,MOSPI_2004_DEVELOPMEN,DEVELOPMENT OF D-I PROSPECT (ONGCL),ONGCL,9/2002,3/2005,,4/2005,310.32,,506.52,196.2,63.23,0.1,0.03,0.03,0.0,1.0,High,General Execution Delay,,Petroleum & Natural Gas,Multi-State / Central,1.632,0.0,5.741,0,30.0,Administrative & Inter-Agency Coordination,30,High,116
JUL-2004,2004,JUL,MonthlyFR_july_2004.pdf,MOSPI_2004_TRSYSTEMST,TR. SYSTEM STRENGTHENING IN BIHAR(P.GRID),P.GRID,8/2001,2/2004,,8/2004,162.88,,162.88,0.0,0.0,90.21,55.38,55.38,0.0,6.0,Low,General Execution Delay,,Power & Renewable Energy,Bihar,1.0,0.554,5.099,0,30.0,On Schedule,182,Low,117
JUL-2004,2004,JUL,MonthlyFR_july_2004.pdf,MOSPI_2004_KAHALGAONB,KAHALGAON- BIHARSHARIFF 400KV D/C LINE-II (P.GRID),P.GRID,12/2001,6/2004,,12/2004,135.77,,135.77,0.0,0.0,101.53,74.78,74.78,0.0,6.0,Low,General Execution Delay,,Power & Renewable Energy,Bihar,1.0,0.748,4.918,0,30.0,On Schedule,182,Low,118
JUL-2004,2004,JUL,MonthlyFR_july_2004.pdf,MOSPI_2004_VINDHYACHA,VINDHYACHAL STPP ST.- III (NTPC),NTPC,2/2003,8/2007,,8/2007,4125.0,,4201.5,76.5,1.85,635.75,15.41,15.41,0.0,0.0,Low,On Schedule,,Power & Renewable Energy,Multi-State / Central,1.019,0.154,8.325,0,54.0,On Schedule,0,Low,119
JUL-2004,2004,JUL,MonthlyFR_july_2004.pdf,MOSPI_2004_KUPPAMWHIT,KUPPAM-WHITEFIELD DOUBLING(SWR),SWR,3/1992,3/1996,,9/2004,108.11,,137.49,29.38,27.18,130.44,100.0,120.65,20.65,102.0,High,General Execution Delay,,Railways,Multi-State / Central,1.272,1.207,4.692,1,48.0,Land Acquisition & Right of Way,3101,High,120
JUL-2004,2004,JUL,MonthlyFR_july_2004.pdf,MOSPI_2004_KOLKATACIR,KOLKATA CIRCULAR RAILWAY (MTP),MTP,3/1999,12/2004,,12/2004,358.77,,269.5,-89.27,-24.88,108.59,30.27,30.27,0.0,0.0,Low,On Schedule,,Railways,West Bengal,0.751,0.303,5.885,0,69.0,On Schedule,0,Low,121
JUL-2004,2004,JUL,MonthlyFR_july_2004.pdf,MOSPI_2004_TAMLUKDIGH,"TAMLUK-DIGHA(NL),SER",NL,3/1984,3/1997,,12/2004,43.72,,293.97,250.25,572.39,255.53,100.0,584.47,484.47,93.0,High,General Execution Delay,,Other Infrastructure,Multi-State / Central,6.724,5.845,3.8,1,156.0,Fund Constraint & Financial Stress,2827,High,122
JUL-2004,2004,JUL,MonthlyFR_july_2004.pdf,MOSPI_2004_AGRAFORTBA,"AGRAFORT-BANDIKUI,GC PHASE (NWR)",NWR,4/1995,3/1997,,3/2005,88.73,,167.61,78.88,88.9,120.49,100.0,135.79,35.79,96.0,High,General Execution Delay,,Other Infrastructure,Uttar Pradesh,1.889,1.358,4.497,1,23.0,Fund Constraint & Financial Stress,2918,High,123
JUL-2004,2004,JUL,MonthlyFR_july_2004.pdf,MOSPI_2004_KODERMARAN,KODERMA-RANCHI VIA HAZARIBAGH AND BARKAKHANA,,3/1999,7/2005,,3/2006,491.19,,1033.0,541.81,110.31,215.35,43.84,43.84,0.0,8.0,High,General Execution Delay,,Other Infrastructure,Jharkhand,2.103,0.438,6.199,0,76.0,Administrative & Inter-Agency Coordination,243,High,124
JUL-2004,2004,JUL,MonthlyFR_july_2004.pdf,MOSPI_2004_NELLOREBYP,NELLORE BY PASS (GQ) KM.178.2-KM.161 (NH-5),GQ,4/2000,12/2003,,8/2004,143.2,,143.2,0.0,0.0,147.01,100.0,102.66,2.66,8.0,Medium,General Execution Delay,,Road Transport & Highways,Multi-State / Central,1.0,1.027,4.971,0,44.0,Administrative & Inter-Agency Coordination,243,Medium,125
JUL-2004,2004,JUL,MonthlyFR_july_2004.pdf,MOSPI_2004_GULABPURAB,GULABPURA-BHILWARA BYPASS (GQ) KM.70- KM.120 (NH-79),GQ,4/2000,5/2004,,8/2004,164.25,,164.25,0.0,0.0,159.22,96.94,96.94,0.0,3.0,Low,General Execution Delay,,Road Transport & Highways,Multi-State / Central,1.0,0.969,5.107,0,49.0,On Schedule,91,Low,126
JUL-2004,2004,JUL,MonthlyFR_july_2004.pdf,MOSPI_2004_SIRATUMKUR,SIRA-TUMKUR (GQ) KM.116.4-KM.75 (NH-4),GQ,4/2000,8/2004,,8/2004,184.0,,184.0,0.0,0.0,138.26,75.14,75.14,0.0,0.0,Low,On Schedule,,Road Transport & Highways,Multi-State / Central,1.0,0.751,5.22,0,52.0,On Schedule,0,Low,127
JUL-2004,2004,JUL,MonthlyFR_july_2004.pdf,MOSPI_2004_MAHARASHTR,MAHARASHTRA BORDER- BELGAUM (GQ) KM.592- KM.575 (NH-4),GQ,4/2000,12/2004,,8/2004,332.0,,332.0,0.0,0.0,539.26,100.0,162.43,62.43,0.0,Low,On Schedule,,Road Transport & Highways,Maharashtra,1.0,1.624,5.808,1,56.0,On Schedule,0,Low,128
DEC-2004,2004,DEC,MonthlyFR_dec_2004.pdf,MOSPI_2004_ANKAPALLIT,ANKAPALLI-TUNI (GQ) KM.28.-KM.49 (NH-5),GQ,4/2000,11/2004,,1/2005,283.2,,283.2,0.0,0.0,232.5,82.1,82.1,0.0,2.0,Low,General Execution Delay,,Road Transport & Highways,Multi-State / Central,1.0,0.821,5.65,0,55.0,On Schedule,61,Low,129
DEC-2004,2004,DEC,MonthlyFR_dec_2004.pdf,MOSPI_2004_KHAGAKOKHR,KHAGA-KOKHRAJ (GQ) KM.115-KM.158 (NH-2),GQ,4/2000,2/2004,,1/2005,151.7,,151.7,0.0,0.0,184.2,100.0,121.42,21.42,11.0,Medium,General Execution Delay,,Road Transport & Highways,Multi-State / Central,1.0,1.214,5.028,1,46.0,Administrative & Inter-Agency Coordination,334,Medium,130
DEC-2004,2004,DEC,MonthlyFR_dec_2004.pdf,MOSPI_2004_TAMBARAMTI,TAMBARAM-TINDIVANAM (OTHERS) KM.28-KM.121 (NH-45),OTHERS,4/2000,11/2004,,1/2005,375.0,,375.0,0.0,0.0,23.01,6.14,6.14,0.0,2.0,Low,General Execution Delay,,Road Transport & Highways,Multi-State / Central,1.0,0.061,5.93,0,55.0,On Schedule,61,Low,131
JUL-2004,2004,JUL,MonthlyFR_july_2004.pdf,MOSPI_2004_2NT3RDGENE,2NT & 3RD GENERATION MOBILE COMMUNICATION,,3/2003,3/2006,,6/2006,147.0,,147.0,0.0,0.0,29.3,19.93,19.93,0.0,3.0,Low,General Execution Delay,,Other Infrastructure,Multi-State / Central,1.0,0.199,4.997,0,36.0,On Schedule,91,Low,132
JAN-2005,2005,JAN,MonthlyFR_jan_2005.pdf,MOSPI_2005_GSMPROJECT,GSM PROJECT MOTOROLA (MTNL) (DELHI),MTNL,3/2004,1/2005,,1/2005,227.42,,227.42,0.0,0.0,116.1,51.05,51.05,0.0,0.0,Low,On Schedule,,Other Infrastructure,Delhi & NCR,1.0,0.511,5.431,0,10.0,On Schedule,0,Low,133
JAN-2005,2005,JAN,MonthlyFR_jan_2005.pdf,MOSPI_2005_CHAMPAWATI,CHAMPAWATI- VISHAKHAPATNAM (GQ) KM.49-KM.28 (NH-5),GQ,4/2000,2/2004,,2/2005,200.0,,200.0,0.0,0.0,181.5,90.75,90.75,0.0,12.0,Medium,General Execution Delay,,Road Transport & Highways,Bihar,1.0,0.907,5.303,0,46.0,Administrative & Inter-Agency Coordination,365,Medium,134
MAR-2005,2005,MAR,MonthlyFR_mar_2005.pdf,MOSPI_2005_BRIDGESSEC,BRIDGES SECTION (GQ) KM.80-KM.162 (NH-5),GQ,4/2000,2/2004,,5/2005,131.33,,131.33,0.0,0.0,96.28,73.31,73.31,0.0,15.0,Medium,General Execution Delay,,Road Transport & Highways,Multi-State / Central,1.0,0.733,4.885,0,46.0,Administrative & Inter-Agency Coordination,456,Medium,135
MAR-2005,2005,MAR,MonthlyFR_mar_2005.pdf,MOSPI_2005_KAVALINELL,KAVALI-NELLORE (GQ) KM.222-KM.178 (NH-5),GQ,4/2000,1/2004,,5/2005,181.0,,181.0,0.0,0.0,186.7,100.0,103.15,3.15,16.0,Medium,General Execution Delay,,Road Transport & Highways,Multi-State / Central,1.0,1.031,5.204,0,45.0,Administrative & Inter-Agency Coordination,486,Medium,136
JAN-2005,2005,JAN,MonthlyFR_jan_2005.pdf,MOSPI_2005_400220KVSY,400/220/KV SYSTEM STRENGHTANING SCHEME OF WR AT KHANDWA.,,1/2002,1/2005,,1/2005,109.77,,109.77,0.0,0.0,71.58,65.21,65.21,0.0,0.0,Low,On Schedule,,Power & Renewable Energy,Multi-State / Central,1.0,0.652,4.707,0,36.0,On Schedule,0,Low,137
JAN-2005,2005,JAN,MonthlyFR_jan_2005.pdf,MOSPI_2005_GAZUVAKAHV,GAZUVAKA HVDC BACK TO BACK PROJECT - II (500 MW),500 MW,1/2002,1/2005,,3/2005,769.25,,770.48,1.23,0.16,438.3,56.98,56.98,0.0,2.0,Low,General Execution Delay,,Power & Renewable Energy,Multi-State / Central,1.002,0.57,6.647,0,36.0,On Schedule,61,Low,138
FEB-2005,2005,FEB,MonthlyFR_feb_2005.pdf,MOSPI_2005_SHIKOHABAD,SHIKOHABAD-ETAWAH (GQ) KM.250.5-KM.307.5 (NH-2),GQ,4/2000,3/2005,,12/2006,261.22,,261.22,0.0,0.0,55.59,21.28,21.28,0.0,21.0,Medium,General Execution Delay,,Road Transport & Highways,Multi-State / Central,1.0,0.213,5.569,0,59.0,Land Acquisition & Right of Way,638,Medium,139
FEB-2005,2005,FEB,MonthlyFR_feb_2005.pdf,MOSPI_2005_GANJAMICCH,GANJAM-ICCHAPURAM (GQ) KM.284-KM.223 (NH-5),GQ,4/2000,2/2004,,12/2006,256.55,,256.55,0.0,0.0,97.94,38.18,38.18,0.0,34.0,High,General Execution Delay,,Road Transport & Highways,Multi-State / Central,1.0,0.382,5.551,0,46.0,Land Acquisition & Right of Way,1034,High,140
FEB-2005,2005,FEB,MonthlyFR_feb_2005.pdf,MOSPI_2005_SRIKAKULAM,SRIKAKULAM- CHAMPAWATI (GQ) KM.97- KM.49 (NH-5),GQ,4/2000,2/2004,,12/2005,171.97,,171.97,0.0,0.0,111.1,64.6,64.6,0.0,22.0,Medium,General Execution Delay,,Road Transport & Highways,Multi-State / Central,1.0,0.646,5.153,0,46.0,Land Acquisition & Right of Way,669,Medium,141
FEB-2005,2005,FEB,MonthlyFR_feb_2005.pdf,MOSPI_2005_DIVANCHERU,DIVANCHERU-GOWTHAMI (GQ) KM.200-KM.164.5 (NH- 5),GQ,4/2000,12/2003,,3/2005,130.8,,130.8,0.0,0.0,95.5,73.01,73.01,0.0,15.0,Medium,General Execution Delay,,Other Infrastructure,Multi-State / Central,1.0,0.73,4.881,0,44.0,Administrative & Inter-Agency Coordination,456,Medium,142
FEB-2005,2005,FEB,MonthlyFR_feb_2005.pdf,MOSPI_2005_MANGALWRUD,MANGALWR-UDAIPUR (GQ) KM.172-KM.113.825 (NH-76),GQ,4/2000,5/2004,,3/2005,170.0,,170.0,0.0,0.0,208.2,100.0,122.47,22.47,10.0,Medium,General Execution Delay,,Road Transport & Highways,Rajasthan,1.0,1.225,5.142,1,49.0,Administrative & Inter-Agency Coordination,304,Medium,143
FEB-2005,2005,FEB,MonthlyFR_feb_2005.pdf,MOSPI_2005_KESARIAJIR,KESARIAJI RATANPUR (GQ) KM.340-KM.388.4 (NH- 8),GQ,4/2000,4/2004,,3/2005,226.05,,226.05,0.0,0.0,146.6,64.85,64.85,0.0,11.0,Medium,General Execution Delay,,Other Infrastructure,Multi-State / Central,1.0,0.649,5.425,0,48.0,Administrative & Inter-Agency Coordination,334,Medium,144
FEB-2005,2005,FEB,MonthlyFR_feb_2005.pdf,MOSPI_2005_MAHAPURAKI,MAHAPURA-KISHANGARH (GQ) KM. 273.5 - KM. 363 - 885 (NH-8),GQ,4/2000,10/2005,,3/2005,644.0,,644.0,0.0,0.0,632.8,98.26,98.26,0.0,0.0,Low,On Schedule,,Road Transport & Highways,Multi-State / Central,1.0,0.983,6.469,0,66.0,On Schedule,0,Low,145
FEB-2005,2005,FEB,MonthlyFR_feb_2005.pdf,MOSPI_2005_KRISHNAGIR,KRISHNAGIRI- VANIYAMBADI (GQ) KM.0.0-49.0 (NH-46),GQ,4/2000,6/2004,,3/2005,195.0,,195.0,0.0,0.0,231.5,100.0,118.72,18.72,9.0,Medium,General Execution Delay,,Road Transport & Highways,Multi-State / Central,1.0,1.187,5.278,1,50.0,Administrative & Inter-Agency Coordination,274,Medium,146
FEB-2005,2005,FEB,MonthlyFR_feb_2005.pdf,MOSPI_2005_KOLAGHATKH,KOLAGHAT-KHARAGPUR (GQ) KM.72-KM.132.45 (NH- 6),GQ,4/2000,12/2003,,3/2005,375.0,,375.0,0.0,0.0,429.2,100.0,114.45,14.45,15.0,Medium,General Execution Delay,,Other Infrastructure,Multi-State / Central,1.0,1.145,5.93,0,44.0,Administrative & Inter-Agency Coordination,456,Medium,147
FEB-2005,2005,FEB,MonthlyFR_feb_2005.pdf,MOSPI_2005_BHADRAKCHA,BHADRAK-CHANDIKHOLE (GQ) KM.61-KM.136 (NH-5),GQ,4/2000,12/2003,,3/2005,305.3,,305.3,0.0,0.0,311.3,100.0,101.97,1.97,15.0,Medium,General Execution Delay,,Road Transport & Highways,Multi-State / Central,1.0,1.02,5.725,0,44.0,Administrative & Inter-Agency Coordination,456,Medium,148
FEB-2005,2005,FEB,MonthlyFR_feb_2005.pdf,MOSPI_2005_BRIDGESSEC,BRIDGES SECTION (GQ) KM.162-KM.200 (NH-5),GQ,4/2000,2/2004,,2/2005,136.45,,136.45,0.0,0.0,99.81,73.15,73.15,0.0,12.0,Medium,General Execution Delay,,Road Transport & Highways,Multi-State / Central,1.0,0.731,4.923,0,46.0,Administrative & Inter-Agency Coordination,365,Medium,149
FEB-2005,2005,FEB,MonthlyFR_feb_2005.pdf,MOSPI_2005_DHARMAVARA,DHARMAVARAM- RAJAMUNDRY (GQ) KM.253-KM.200 (NH-5),GQ,4/2000,11/2004,,3/2005,206.0,,206.0,0.0,0.0,250.1,100.0,121.41,21.41,4.0,Low,General Execution Delay,,Road Transport & Highways,Multi-State / Central,1.0,1.214,5.333,1,55.0,On Schedule,122,Low,150
FEB-2005,2005,FEB,MonthlyFR_feb_2005.pdf,MOSPI_2005_ELECTRIFIC,ELECTRIFICATION OF ERNAKULAM- TRIVANDRUM (RE),RE,5/2001,8/2003,,3/2005,162.03,,162.32,0.29,0.18,144.13,88.95,88.95,0.0,19.0,Medium,General Execution Delay,,Railways,Multi-State / Central,1.002,0.89,5.094,0,27.0,Land Acquisition & Right of Way,578,Medium,151
FEB-2005,2005,FEB,MonthlyFR_feb_2005.pdf,MOSPI_2005_RAMAGUNDAM,RAMAGUNDAM-III TRANSMISSION SYSTEM (P.GRID),P.GRID,8/2001,8/2005,,3/2005,390.12,,302.37,-87.75,-22.49,273.3,70.06,70.06,0.0,0.0,Low,On Schedule,,Power & Renewable Energy,Multi-State / Central,0.775,0.701,5.969,0,48.0,On Schedule,0,Low,152
FEB-2005,2005,FEB,MonthlyFR_feb_2005.pdf,MOSPI_2005_DHAULIGANG,DHAULIGANGA BAREILY LINE TRANSMISSION(P.GRID),P.GRID,1/2001,1/2005,,4/2005,150.53,,195.62,45.09,29.95,139.45,92.64,92.64,0.0,3.0,Medium,General Execution Delay,,Power & Renewable Energy,Multi-State / Central,1.3,0.926,5.021,0,48.0,Administrative & Inter-Agency Coordination,91,Medium,153
FEB-2005,2005,FEB,MonthlyFR_feb_2005.pdf,MOSPI_2005_TALCHERSTP,TALCHER STPP ST- II(NTPC),NTPC,1/1999,2/2006,,2/2005,6648.83,,6648.83,0.0,0.0,4378.35,65.85,65.85,0.0,0.0,Low,On Schedule,,Power & Renewable Energy,Multi-State / Central,1.0,0.659,8.802,0,85.0,On Schedule,0,Low,154
FEB-2005,2005,FEB,MonthlyFR_feb_2005.pdf,MOSPI_2005_RAIPURCHAN,RAIPUR-CHANDRAPUR 400KV LINE (P.GRID),P.GRID,3/2003,12/2005,,3/2005,248.6,,235.35,-13.25,-5.33,219.89,88.45,88.45,0.0,0.0,Low,On Schedule,,Power & Renewable Energy,Chhattisgarh,0.947,0.885,5.52,0,33.0,On Schedule,0,Low,155
FEB-2005,2005,FEB,MonthlyFR_feb_2005.pdf,MOSPI_2005_IORSCHEMEN,IOR SCHEME NEELAM(ONGCL),ONGCL,1/2001,7/2003,,5/2005,347.69,,347.69,0.0,0.0,299.77,86.22,86.22,0.0,22.0,Medium,General Execution Delay,,Petroleum & Natural Gas,Multi-State / Central,1.0,0.862,5.854,0,30.0,Administrative & Inter-Agency Coordination,669,Medium,156
JUN-2005,2005,JUN,MonthlyFR_june_2005.pdf,MOSPI_2005_TARAPUR34T,TARAPUR 3 & 4 TRANSMISSION SYSTEM (P.GRID),P.GRID,9/2002,9/2005,,7/2005,237.0,,237.02,0.02,0.01,222.39,93.84,93.84,0.0,0.0,Low,On Schedule,,Power & Renewable Energy,Multi-State / Central,1.0,0.938,5.472,0,36.0,On Schedule,0,Low,157
JUN-2005,2005,JUN,MonthlyFR_june_2005.pdf,MOSPI_2005_ULDCSFOREA,ULDCS FOR EASTERN REGION (P.GRID),P.GRID,9/1998,9/2003,,6/2005,290.01,,305.7,15.69,5.41,281.21,96.97,96.97,0.0,21.0,Medium,General Execution Delay,,Power & Renewable Energy,Multi-State / Central,1.054,0.97,5.673,0,60.0,Administrative & Inter-Agency Coordination,638,Medium,158
AUG-2005,2005,AUG,MonthlyFR_aug_2005.pdf,MOSPI_2005_INPROJECTB,IN PROJECT (BSNL),BSNL,10/2003,10/2004,,6/2005,120.0,,160.0,40.0,33.33,39.09,32.58,32.58,0.0,8.0,Medium,General Execution Delay,,Other Infrastructure,Multi-State / Central,1.333,0.326,4.796,0,12.0,Administrative & Inter-Agency Coordination,243,Medium,159
AUG-2005,2005,AUG,MonthlyFR_aug_2005.pdf,MOSPI_2005_HIMATNAGAR,HIMATNAGAR-CHILODA (GQ) KM.443-KM.495 (NH-8),GQ,4/2000,12/2003,,10/2005,180.31,,175.0,-5.31,-2.94,132.1,73.26,73.26,0.0,22.0,Medium,General Execution Delay,,Road Transport & Highways,Multi-State / Central,0.971,0.733,5.2,0,44.0,Land Acquisition & Right of Way,669,Medium,160
AUG-2005,2005,AUG,MonthlyFR_aug_2005.pdf,MOSPI_2005_MADURAITHI,MADURAI- THIRUVANANTHAPURAM 400 KV D/C LINE(P.GRID),P.GRID,10/2000,10/2003,,7/2005,195.97,,247.69,51.72,26.39,235.35,100.0,120.09,20.09,21.0,Medium,General Execution Delay,,Power & Renewable Energy,Tamil Nadu,1.264,1.201,5.283,1,36.0,Administrative & Inter-Agency Coordination,638,Medium,161
AUG-2005,2005,AUG,MonthlyFR_aug_2005.pdf,MOSPI_2005_DHAULIGANG,DHAULIGANGA H.E.P.-I (NHPC),NHPC,4/1991,10/1998,,8/2005,601.98,,1578.31,976.33,162.19,1658.93,100.0,275.58,175.58,82.0,High,General Execution Delay,,Power & Renewable Energy,Multi-State / Central,2.622,2.756,6.402,1,90.0,Fund Constraint & Financial Stress,2493,High,162
AUG-2005,2005,AUG,MonthlyFR_aug_2005.pdf,MOSPI_2005_UPGRADATIO,UPGRADATION ERW PIPE PLANT,,3/2002,8/2005,,11/2005,89.15,,108.72,19.57,21.95,76.13,85.4,85.4,0.0,3.0,Medium,General Execution Delay,,Other Infrastructure,Multi-State / Central,1.22,0.854,4.501,0,41.0,Administrative & Inter-Agency Coordination,91,Medium,163
MAY-2005,2005,MAY,MonthlyFR_may_2005.pdf,MOSPI_2005_BROADBANDR,BROAD BAND RAS (BSNL),BSNL,7/2004,12/2004,,5/2005,350.0,,350.0,0.0,0.0,8.85,2.53,2.53,0.0,5.0,Low,General Execution Delay,,Road Transport & Highways,Multi-State / Central,1.0,0.025,5.861,0,5.0,On Schedule,152,Low,164
MAY-2005,2005,MAY,MonthlyFR_may_2005.pdf,MOSPI_2005_CHENNAIPHA,CHENNAI PHASE-III CMTS (BSNL),BSNL,5/2003,3/2004,,6/2005,233.21,,233.21,0.0,0.0,72.3,31.0,31.0,0.0,15.0,Medium,General Execution Delay,,Other Infrastructure,Tamil Nadu,1.0,0.31,5.456,0,10.0,Administrative & Inter-Agency Coordination,456,Medium,165
MAY-2005,2005,MAY,MonthlyFR_may_2005.pdf,MOSPI_2005_CMTSPHASEI,CMTS - PHASE - III (BSNL) (KERALA),BSNL,5/2003,6/2004,,6/2005,186.04,,186.05,0.01,0.01,50.43,27.11,27.11,0.0,12.0,Medium,General Execution Delay,,Other Infrastructure,Kerala,1.0,0.271,5.231,0,13.0,Administrative & Inter-Agency Coordination,365,Medium,166
MAY-2005,2005,MAY,MonthlyFR_may_2005.pdf,MOSPI_2005_DELHICDMAI,DELHI CDMA IN WLL (MTNL),MTNL,6/2004,9/2004,,7/2005,460.28,,460.28,0.0,0.0,26.49,5.76,5.76,0.0,10.0,Medium,General Execution Delay,,Other Infrastructure,Delhi & NCR,1.0,0.058,6.134,0,3.0,Administrative & Inter-Agency Coordination,304,Medium,167
MAY-2005,2005,MAY,MonthlyFR_may_2005.pdf,MOSPI_2005_DEHRIONSON,DEHRI-ON-SONE- AURANGABAD (GQ) KM.140-KM.180 (NH-2),GQ,4/2000,2/2004,,9/2005,242.61,,242.61,0.0,0.0,235.0,96.86,96.86,0.0,19.0,Medium,General Execution Delay,,Road Transport & Highways,Multi-State / Central,1.0,0.969,5.496,0,46.0,Land Acquisition & Right of Way,578,Medium,168
MAY-2005,2005,MAY,MonthlyFR_may_2005.pdf,MOSPI_2005_ICHHAPURAM,ICHHAPURAM-KORLAM (GQ) KM.233-KM.200 (NH-5),GQ,4/2000,1/2004,,10/2005,143.05,,143.05,0.0,0.0,78.45,54.84,54.84,0.0,21.0,Medium,General Execution Delay,,Road Transport & Highways,Multi-State / Central,1.0,0.548,4.97,0,45.0,Land Acquisition & Right of Way,638,Medium,169
MAY-2005,2005,MAY,MonthlyFR_may_2005.pdf,MOSPI_2005_ONGOLEKAVA,ONGOLE-KAVALI (GQ) KM.291-KM.222,GQ,4/2000,4/2004,,12/2005,321.41,,321.41,0.0,0.0,295.7,92.0,92.0,0.0,20.0,Medium,General Execution Delay,,Other Infrastructure,Multi-State / Central,1.0,0.92,5.776,0,48.0,Administrative & Inter-Agency Coordination,608,Medium,170
MAY-2005,2005,MAY,MonthlyFR_may_2005.pdf,MOSPI_2005_PANAGARHPA,PANAGARH-PALSIT (GQ) KM.517-KM.581 (NH-2),GQ,4/2000,12/2004,,6/2005,350.0,,350.0,0.0,0.0,592.2,100.0,169.2,69.2,6.0,Low,General Execution Delay,,Road Transport & Highways,Multi-State / Central,1.0,1.692,5.861,1,56.0,On Schedule,182,Low,171
MAY-2005,2005,MAY,MonthlyFR_may_2005.pdf,MOSPI_2005_PALSITDANK,PALSIT DANKUNI (GQ) KM.581-KM.646 (NH-2),GQ,4/2000,2/2005,,6/2005,432.4,,432.4,0.0,0.0,435.3,100.0,100.67,0.67,4.0,Low,General Execution Delay,,Road Transport & Highways,Multi-State / Central,1.0,1.007,6.072,0,58.0,On Schedule,122,Low,172
MAY-2005,2005,MAY,MonthlyFR_may_2005.pdf,MOSPI_2005_PALASASRIK,PALASA-SRIKAKULAM (GQ) KM.171-KM.97 (NH-5),GQ,4/2000,12/2003,,6/2005,324.0,,324.0,0.0,0.0,263.0,81.17,81.17,0.0,18.0,Medium,General Execution Delay,,Road Transport & Highways,Multi-State / Central,1.0,0.812,5.784,0,44.0,Land Acquisition & Right of Way,547,Medium,173
MAY-2005,2005,MAY,MonthlyFR_may_2005.pdf,MOSPI_2005_KORLAMPALA,KORLAM-PALASA (GQ) KM.200-KM.171 (NH-5),GQ,4/2000,1/2004,,8/2005,135.11,,135.11,0.0,0.0,92.19,68.23,68.23,0.0,19.0,Medium,General Execution Delay,,Road Transport & Highways,Multi-State / Central,1.0,0.682,4.913,0,45.0,Land Acquisition & Right of Way,578,Medium,174
MAY-2005,2005,MAY,MonthlyFR_may_2005.pdf,MOSPI_2005_SURENDRANA,SURENDRANAGAR- BHAVANAGAR,,3/1997,3/2004,,5/2005,437.4,,528.49,91.09,20.83,429.29,98.15,98.15,0.0,14.0,Medium,General Execution Delay,,Other Infrastructure,Multi-State / Central,1.208,0.981,6.083,0,84.0,Administrative & Inter-Agency Coordination,426,Medium,175
MAY-2005,2005,MAY,MonthlyFR_may_2005.pdf,MOSPI_2005_TADACHENNA,TADA-CHENNAI (GQ) KM.52.8-KM.11 (NH-5),GQ,4/2000,12/2003,,12/2005,233.0,,233.0,0.0,0.0,276.2,100.0,118.54,18.54,24.0,Medium,General Execution Delay,,Road Transport & Highways,Tamil Nadu,1.0,1.185,5.455,1,44.0,Land Acquisition & Right of Way,730,Medium,176
MAY-2005,2005,MAY,MonthlyFR_may_2005.pdf,MOSPI_2005_UNIFIEDLOA,UNIFIED LOAD DESPATCH & COMMUNICATION SCHEME W R (PR.GRID),PR.GRID,2/2001,2/2003,,8/2005,294.82,,226.71,-68.11,-23.1,113.17,38.39,38.39,0.0,30.0,High,General Execution Delay,,Power & Renewable Energy,Multi-State / Central,0.769,0.384,5.69,0,24.0,Contractor / Vendor Non-Performance,912,High,177
MAY-2005,2005,MAY,MonthlyFR_may_2005.pdf,MOSPI_2005_SURATATULG,SURAT-ATUL (GQ) KM.263.4-KM.343 (NH-8),GQ,4/2000,10/2003,,6/2005,275.58,,504.6,229.02,83.1,410.4,100.0,148.92,48.92,20.0,High,General Execution Delay,,Road Transport & Highways,Gujarat,1.831,1.489,5.623,1,42.0,Land Acquisition & Right of Way,608,High,178
MAY-2005,2005,MAY,MonthlyFR_may_2005.pdf,MOSPI_2005_TUNIDHARMA,TUNI-DHARMAVARAM (GQ) KM.300-KM.253 (NH-5),GQ,4/2000,11/2004,,6/2005,231.9,,231.9,0.0,0.0,268.2,100.0,115.65,15.65,7.0,Medium,General Execution Delay,,Road Transport & Highways,Multi-State / Central,1.0,1.157,5.451,1,55.0,Administrative & Inter-Agency Coordination,213,Medium,179
MAY-2005,2005,MAY,MonthlyFR_may_2005.pdf,MOSPI_2005_ARSIKEREHA,"ARSIKERE-HASSAN- MANGALORE(GC),SWR",GC,4/1995,3/1996,,3/2005,186.16,,312.42,126.26,67.82,287.55,100.0,154.46,54.46,108.0,High,General Execution Delay,,Other Infrastructure,Karnataka,1.678,1.545,5.232,1,11.0,Fund Constraint & Financial Stress,3283,High,180
MAY-2005,2005,MAY,MonthlyFR_may_2005.pdf,MOSPI_2005_MANSISAHAR,"MANSI-SAHARSA (GC), ECR",GC,4/1996,2/2005,,4/2005,55.11,,114.0,58.89,106.86,103.47,100.0,187.75,87.75,2.0,High,General Execution Delay,,Other Infrastructure,Multi-State / Central,2.069,1.877,4.027,1,106.0,Fund Constraint & Financial Stress,61,High,181
MAY-2005,2005,MAY,MonthlyFR_may_2005.pdf,MOSPI_2005_CHENNAIBEA,CHENNAI BEACH- CHENGALPATTU VIA TAMBARAM(MTP),MTP,4/1999,4/2004,,12/2006,464.99,,622.52,157.53,33.88,486.37,100.0,104.6,4.6,32.0,High,General Execution Delay,,Other Infrastructure,Tamil Nadu,1.339,1.046,6.144,0,60.0,Scope & Engineering Design Modifications,973,High,182
MAY-2005,2005,MAY,MonthlyFR_may_2005.pdf,MOSPI_2005_NAMRUPPLAN,NAMRUP PLANT REVAMP(BVFC),BVFC,10/1997,5/2001,,6/2005,350.0,,610.24,260.24,74.35,524.46,100.0,149.85,49.85,49.0,High,General Execution Delay,,Other Infrastructure,Multi-State / Central,1.744,1.498,5.861,1,43.0,Fund Constraint & Financial Stress,1490,High,183
MAY-2005,2005,MAY,MonthlyFR_may_2005.pdf,MOSPI_2005_RIHANDIITR,RIHAND - II TRANSMISSION (P.GRID),P.GRID,12/2002,12/2005,,12/2005,1044.44,,855.6,-188.84,-18.08,779.28,74.61,74.61,0.0,0.0,Low,On Schedule,,Power & Renewable Energy,Multi-State / Central,0.819,0.746,6.952,0,36.0,On Schedule,0,Low,184
MAY-2005,2005,MAY,MonthlyFR_may_2005.pdf,MOSPI_2005_KAIGANAREN,KAIGA-NARENDRA TR.SYSTEM (P.GR.),P.GR.,11/1999,11/2002,,3/2006,75.99,,135.14,59.15,77.84,104.68,100.0,137.75,37.75,40.0,High,General Execution Delay,,Other Infrastructure,Multi-State / Central,1.778,1.378,4.344,1,36.0,Fund Constraint & Financial Stress,1216,High,185
MAY-2005,2005,MAY,MonthlyFR_may_2005.pdf,MOSPI_2005_RIHANDSTPP,RIHAND STPP ST - II(NTPC),NTPC,5/2001,5/2006,,5/2006,3384.77,,3451.97,67.2,1.99,2288.5,67.61,67.61,0.0,0.0,Low,On Schedule,,Power & Renewable Energy,Multi-State / Central,1.02,0.676,8.127,0,60.0,On Schedule,0,Low,186
MAY-2005,2005,MAY,MonthlyFR_may_2005.pdf,MOSPI_2005_MSQUALITYU,MS QUALITY UPGRADATION FACILITIES AT HALDIA (IOCL),IOCL,5/2003,7/2005,,9/2005,359.0,,373.0,14.0,3.9,250.31,69.72,69.72,0.0,2.0,Low,General Execution Delay,,Petroleum & Natural Gas,West Bengal,1.039,0.697,5.886,0,26.0,On Schedule,61,Low,187
MAY-2005,2005,MAY,MonthlyFR_may_2005.pdf,MOSPI_2005_CHENNAITRI,CHENNAI-TRICHY- MADURAI PRODUCT PIPELINE (IOCL),IOCL,7/2003,7/2005,,7/2005,363.21,,363.21,0.0,0.0,265.15,73.0,73.0,0.0,0.0,Low,On Schedule,,Petroleum & Natural Gas,Tamil Nadu,1.0,0.73,5.898,0,24.0,On Schedule,0,Low,188
MAY-2005,2005,MAY,MonthlyFR_may_2005.pdf,MOSPI_2005_REFINERYMO,REFINERY MODERNISATION(BPCL),BPCL,12/2000,9/2003,,7/2005,1592.65,,1831.0,238.35,14.97,1546.64,97.11,97.11,0.0,22.0,Medium,General Execution Delay,,Petroleum & Natural Gas,Multi-State / Central,1.15,0.971,7.374,0,33.0,Administrative & Inter-Agency Coordination,669,Medium,189
MAY-2005,2005,MAY,MonthlyFR_may_2005.pdf,MOSPI_2005_IORGANDHAR,IOR GANDHAR(ONGCL),ONGCL,12/2000,3/2004,,6/2005,609.44,,692.45,83.01,13.62,543.49,89.18,89.18,0.0,15.0,Medium,General Execution Delay,,Petroleum & Natural Gas,Multi-State / Central,1.136,0.892,6.414,0,39.0,Administrative & Inter-Agency Coordination,456,Medium,190
MAY-2005,2005,MAY,MonthlyFR_may_2005.pdf,MOSPI_2005_SIDPURSANG,SIDPUR-SANGANER PRODUCT PIPE LINE (IOCL),IOCL,2/2002,11/2004,,6/2005,352.69,,365.0,12.31,3.49,353.73,100.0,100.29,0.29,7.0,Medium,General Execution Delay,,Petroleum & Natural Gas,Multi-State / Central,1.035,1.003,5.868,0,33.0,Administrative & Inter-Agency Coordination,213,Medium,191
MAY-2005,2005,MAY,MonthlyFR_may_2005.pdf,MOSPI_2005_DHDTMSQPRO,"DHDT & M.S.Q PROJECT, MATHURA REFINERY (IOCL)",IOCL,8/2001,8/2004,,6/2005,1483.0,,1602.0,119.0,8.02,1185.14,79.92,79.92,0.0,10.0,Medium,General Execution Delay,,Petroleum & Natural Gas,Maharashtra,1.08,0.799,7.302,0,36.0,Administrative & Inter-Agency Coordination,304,Medium,192
MAY-2005,2005,MAY,MonthlyFR_may_2005.pdf,MOSPI_2005_MUMBAIHIGH,MUMBAI HIGH-URAN TRUNK PIPELINE (ONGC),ONGC,12/2003,5/2005,,5/2005,2792.5,,2792.5,0.0,0.0,1697.13,60.77,60.77,0.0,0.0,Low,On Schedule,,Petroleum & Natural Gas,Maharashtra,1.0,0.608,7.935,0,17.0,On Schedule,0,Low,193
JUN-2006,2006,JUN,MonthlyFR_june_2006.pdf,MOSPI_2006_MADURAIKAN,"MADURAI - KANYAKUMARI, KM.80- KM.120, NH-7 (TAMIL NADU)",TAMIL NADU,12/2003,3/2008,,3/2008,323.36,,323.36,0.0,0.0,3.82,1.18,1.18,0.0,0.0,Low,On Schedule,,Road Transport & Highways,Tamil Nadu,1.0,0.012,5.782,0,51.0,On Schedule,0,Low,194
MAY-2006,2006,MAY,MonthlyFR_may_2006.pdf,MOSPI_2006_BIJNIASSAM,"BIJNI-ASSAM/WEST BENGAL BORDER, KM.30- KM.60, NH-31C",,12/2003,6/2008,,6/2008,195.0,,195.0,0.0,0.0,11.42,5.86,5.86,0.0,0.0,Low,On Schedule,,Road Transport & Highways,Assam,1.0,0.059,5.278,0,54.0,On Schedule,0,Low,195
MAY-2006,2006,MAY,MonthlyFR_may_2006.pdf,MOSPI_2006_CDMAWLLEQU,CDMA WLL EQUIPMENT-1 (MUMBAI),MUMBAI,8/2003,2/2004,,5/2006,128.3,,128.3,0.0,0.0,50.44,39.31,39.31,0.0,27.0,High,General Execution Delay,,Other Infrastructure,Maharashtra,1.0,0.393,4.862,0,6.0,Contractor / Vendor Non-Performance,821,High,196
JUN-2006,2006,JUN,MonthlyFR_june_2006.pdf,MOSPI_2006_DHARMATULS,"DHARMATUL-SONAPUR, KM.230.50-KM.230.00, NH- 31 (ASSAM)",ASSAM,12/2003,6/2008,,6/2008,200.0,,200.0,0.0,0.0,8.88,4.44,4.44,0.0,0.0,Low,On Schedule,,Other Infrastructure,Assam,1.0,0.044,5.303,0,54.0,On Schedule,0,Low,197
JUN-2006,2006,JUN,MonthlyFR_june_2006.pdf,MOSPI_2006_HYDERABADB,"HYDERABAD- BANGALORE, KM.135.47- KM.211, NH-7 (A.P.)",A.P.,12/2003,3/2009,,3/2009,611.44,,611.44,0.0,0.0,12.69,2.08,2.08,0.0,0.0,Low,On Schedule,,Road Transport & Highways,Karnataka,1.0,0.021,6.417,0,63.0,On Schedule,0,Low,198
JUN-2006,2006,JUN,MonthlyFR_june_2006.pdf,MOSPI_2006_THRISSURAN,"THRISSUR-ANGAMALI, KM.270.00-KM.316.70, NH- 47 (KERALA)",KERALA,12/2003,3/2009,,3/2009,312.5,,312.5,0.0,0.0,12.1,3.87,3.87,0.0,0.0,Low,On Schedule,,Other Infrastructure,Kerala,1.0,0.039,5.748,0,63.0,On Schedule,0,Low,199
JUN-2006,2006,JUN,MonthlyFR_june_2006.pdf,MOSPI_2006_KARURMADUR,"KARUR-MADURAI, KM.373.275-KM.426.60, NH- 7 (TAMIL NADU)",TAMIL NADU,12/2003,12/2008,,12/2008,283.5,,283.5,0.0,0.0,0.44,0.16,0.16,0.0,0.0,Low,On Schedule,,Other Infrastructure,Tamil Nadu,1.0,0.002,5.651,0,60.0,On Schedule,0,Low,200
JUN-2006,2006,JUN,MonthlyFR_june_2006.pdf,MOSPI_2006_UPBIHARBOR,"UP/BIHAR BORDER-KASIA, KM.360.915-KM.319.8, NH- 28, (U.P.)",U.P.,12/2003,12/2008,,12/2008,227.0,,227.0,0.0,0.0,22.69,10.0,10.0,0.0,0.0,Low,On Schedule,,Other Infrastructure,Uttar Pradesh,1.0,0.1,5.429,0,60.0,On Schedule,0,Low,201
JUN-2006,2006,JUN,MonthlyFR_june_2006.pdf,MOSPI_2006_MAILBANGLU,"MAILBANG-LUNDING, KM.111.00-KM.126.45, NH- 54 (ASSAM)",ASSAM,12/2003,11/2008,,11/2008,155.04,,155.04,0.0,0.0,8.88,5.73,5.73,0.0,0.0,Low,On Schedule,,Other Infrastructure,Assam,1.0,0.057,5.05,0,59.0,On Schedule,0,Low,202
JUN-2006,2006,JUN,MonthlyFR_june_2006.pdf,MOSPI_2006_LALITPURSA,"LALITPUR-SAGAR (1), KM.94-KM.132, NH-26 (M.P.)",1,12/2003,11/2008,,11/2008,198.0,,198.0,0.0,0.0,0.53,0.27,0.27,0.0,0.0,Low,On Schedule,,Road Transport & Highways,Multi-State / Central,1.0,0.003,5.293,0,59.0,On Schedule,0,Low,203
SEP-2006,2006,SEP,MonthlyFR_sep_2006.pdf,MOSPI_2006_RAJASTHANM,"RAJASTHAN/MP BORDER- KOTA, KM.509-KM.449.15, NH-76",,12/2003,4/2008,,4/2008,378.22,,378.22,0.0,0.0,48.36,12.79,12.79,0.0,0.0,Low,On Schedule,,Road Transport & Highways,Rajasthan,1.0,0.128,5.938,0,52.0,On Schedule,0,Low,204
AUG-2006,2006,AUG,MonthlyFR_aug_2006.pdf,MOSPI_2006_FGUNCHAHAR,FG UNCHAHAR TPP STAGE- III (1X210MW)(NTPC),1X210MW,3/2004,9/2006,,9/2006,939.28,,939.28,0.0,0.0,682.58,72.67,72.67,0.0,0.0,Low,On Schedule,,Power & Renewable Energy,Multi-State / Central,1.0,0.727,6.846,0,30.0,On Schedule,0,Low,205
JUL-2006,2006,JUL,MonthlyFR_july_2006.pdf,MOSPI_2006_LALITPURSA,"LALITPUR-SAGAR (1), KM.94- KM.132, NH-26 (M.P.)",1,12/2003,11/2008,,11/2008,198.0,,198.0,0.0,0.0,0.55,0.28,0.28,0.0,0.0,Low,On Schedule,,Road Transport & Highways,Multi-State / Central,1.0,0.003,5.293,0,59.0,On Schedule,0,Low,206
JUN-2006,2006,JUN,MonthlyFR_june_2006.pdf,MOSPI_2006_SYSTEMSTRE,SYSTEM STRENGTHENING IN NORTHERN REGION (P.GRID),P.GRID,2/2003,8/2006,,7/2006,143.29,,143.29,0.0,0.0,360.29,100.0,251.44,151.44,0.0,Low,On Schedule,,Power & Renewable Energy,Multi-State / Central,1.0,2.514,4.972,1,42.0,On Schedule,0,Low,207
JUN-2006,2006,JUN,MonthlyFR_june_2006.pdf,MOSPI_2006_KBPLCONVER,KBPL CONVERSION TO CRUDE SERVICE & MUNDRA-KOL LINE (IOCL),IOCL,2/2002,8/2004,,7/2006,305.6,,300.0,-5.6,-1.83,297.19,97.25,97.25,0.0,23.0,Medium,General Execution Delay,,Petroleum & Natural Gas,Multi-State / Central,0.982,0.972,5.726,0,30.0,Administrative & Inter-Agency Coordination,699,Medium,208
JUN-2006,2006,JUN,MonthlyFR_june_2006.pdf,MOSPI_2006_KELARASMAL,KELARAS-MALANPUR PIPLINE (GAIL),GAIL,2/2005,7/2006,,7/2006,104.73,,104.73,0.0,0.0,39.96,38.16,38.16,0.0,0.0,Low,On Schedule,,Petroleum & Natural Gas,Multi-State / Central,1.0,0.382,4.661,0,17.0,On Schedule,0,Low,209
JAN-2006,2006,JAN,MonthlyFR_jan_2006.pdf,MOSPI_2006_VANIYAMBAD,VANIYAMBADI- PALLIKONDA (GQ) KM.49.00-KM.100.00 (NH- 46),GQ,4/2000,6/2004,,2/2006,223.0,,223.0,0.0,0.0,247.6,100.0,111.03,11.03,20.0,Medium,General Execution Delay,,Other Infrastructure,Multi-State / Central,1.0,1.11,5.412,0,50.0,Administrative & Inter-Agency Coordination,608,Medium,210
JAN-2006,2006,JAN,MonthlyFR_jan_2006.pdf,MOSPI_2006_DAITARIKEO,DAITARI-KEONJHAR- BANSPANI NEW LINE(ECOR) (RVNL),ECOR,3/1993,12/1997,,1/2006,242.5,,913.67,671.17,276.77,574.78,100.0,237.02,137.02,97.0,High,General Execution Delay,,Railways,Multi-State / Central,3.768,2.37,5.495,1,57.0,Land Acquisition & Right of Way,2949,High,211
MAR-2006,2006,MAR,MonthlyFR_mar_2006.pdf,MOSPI_2006_INTEGRATED,INTEGRATED PARA- XYLENE(IOCL),IOCL,6/1999,8/2005,,4/2006,4228.0,,4645.0,417.0,9.86,3167.0,74.91,74.91,0.0,8.0,Medium,General Execution Delay,,Petroleum & Natural Gas,Multi-State / Central,1.099,0.749,8.35,0,74.0,Administrative & Inter-Agency Coordination,243,Medium,212
MAR-2006,2006,MAR,MonthlyFR_mar_2006.pdf,MOSPI_2006_SYSTEMSTRE,SYSTEM STRENGTHENING - IV OF SOUTHERN REGION (P.GRID),P.GRID,1/2004,7/2006,,5/2006,101.94,,101.94,0.0,0.0,82.91,81.33,81.33,0.0,0.0,Low,On Schedule,,Power & Renewable Energy,Multi-State / Central,1.0,0.813,4.634,0,30.0,On Schedule,0,Low,213
MAR-2006,2006,MAR,MonthlyFR_mar_2006.pdf,MOSPI_2006_MADURAIKAN,"MADURAI- KANYAKUMARI, KM.120- KM.160, NH-7 (TAMIL NADU)",TAMIL NADU,12/2003,3/2008,,3/2008,507.49,,507.49,0.0,0.0,15.52,3.06,3.06,0.0,0.0,Low,On Schedule,,Road Transport & Highways,Tamil Nadu,1.0,0.031,6.231,0,51.0,On Schedule,0,Low,214
MAR-2006,2006,MAR,MonthlyFR_mar_2006.pdf,MOSPI_2006_GORAKHPURA,"GORAKHPUR-AYODHYA, KM.164-KM.135, NH-28 (U.P.)",U.P.,12/2003,10/2008,,10/2008,205.0,,205.0,0.0,0.0,7.08,3.45,3.45,0.0,0.0,Low,On Schedule,,Road Transport & Highways,Uttar Pradesh,1.0,0.035,5.328,0,58.0,On Schedule,0,Low,215
MAR-2006,2006,MAR,MonthlyFR_mar_2006.pdf,MOSPI_2006_KHARAGPURL,KHARAGPUR- LAXMANNATH (GQ) KM.53.41-KM.119.275 (NH-,GQ,4/2000,3/2004,,6/2006,332.0,,332.0,0.0,0.0,419.98,100.0,126.5,26.5,27.0,High,General Execution Delay,,Other Infrastructure,Multi-State / Central,1.0,1.265,5.808,1,47.0,Administrative & Inter-Agency Coordination,821,High,216
DEC-2006,2006,DEC,MonthlyFR_dec_2006.pdf,MOSPI_2006_NORHENREGI,NORHEN REGION SYSTEM STRENGTHENINGSCHEME-II (435 CKM),435 CKM,1/2004,12/2006,,12/2006,247.78,,260.15,12.37,4.99,226.69,91.49,91.49,0.0,0.0,Low,On Schedule,,Other Infrastructure,Multi-State / Central,1.05,0.915,5.517,0,35.0,On Schedule,0,Low,217
FEB-2006,2006,FEB,MonthlyFR_feb_2006.pdf,MOSPI_2006_JKCMTSPHAS,J&K CMTS PHASE IV (SRINAGAR) (BSNL),SRINAGAR,1/2004,3/2005,,3/2006,109.57,,109.57,0.0,0.0,35.81,32.68,32.68,0.0,12.0,Medium,General Execution Delay,,Other Infrastructure,Jammu & Kashmir,1.0,0.327,4.706,0,14.0,Administrative & Inter-Agency Coordination,365,Medium,218
OCT-2006,2006,OCT,MonthlyFR_oct_2006.pdf,MOSPI_2006_IMPROVEDOI,"IMPROVED OIL RECOVERY PROJECT, GELEKI",,9/2001,3/2007,,3/2007,390.09,,834.9,444.81,114.03,308.59,79.11,79.11,0.0,0.0,High,On Schedule,,Petroleum & Natural Gas,Multi-State / Central,2.14,0.791,5.969,0,66.0,On Schedule,0,High,219
FEB-2006,2006,FEB,MonthlyFR_feb_2006.pdf,MOSPI_2006_RAJASTHANM,"RAJASTHAN/MP BORDER- KOTA, KM.579-KM.509, NH- 76 (RAJASTHAN)",RAJASTHAN,12/2003,3/2008,,3/2008,311.35,,311.35,0.0,0.0,27.07,8.69,8.69,0.0,0.0,Low,On Schedule,,Other Infrastructure,Rajasthan,1.0,0.087,5.744,0,51.0,On Schedule,0,Low,220
FEB-2006,2006,FEB,MonthlyFR_feb_2006.pdf,MOSPI_2006_DELHIMETRO,DELHI METRO RAPID TRANSIT SYSTEM PH-I,,9/1996,3/2005,,10/2006,4860.0,,10571.0,5711.0,117.51,8209.03,100.0,168.91,68.91,19.0,High,General Execution Delay,,Urban Metro & Transit,Delhi & NCR,2.175,1.689,8.489,1,102.0,Land Acquisition & Right of Way,578,High,221
FEB-2006,2006,FEB,MonthlyFR_feb_2006.pdf,MOSPI_2006_ETAWAHBYPA,"ETAWAH BYPASS, KM.307.5-KM.321.1, NH-2 (U.P.)",U.P.,4/2000,10/2003,,2/2008,89.5,,132.18,42.68,47.69,38.62,43.15,43.15,0.0,52.0,High,General Execution Delay,,Road Transport & Highways,Multi-State / Central,1.477,0.432,4.505,0,42.0,Land Acquisition & Right of Way,1581,High,222
FEB-2006,2006,FEB,MonthlyFR_feb_2006.pdf,MOSPI_2006_SHIVPURIBY,"SHIVPURI BYPASS & UPTO MP/RJ BORDER, KM.53, NH- 25 & 76, MP",,12/2003,2/2008,,2/2008,360.34,,360.34,0.0,0.0,45.42,12.6,12.6,0.0,0.0,Low,On Schedule,,Road Transport & Highways,Multi-State / Central,1.0,0.126,5.89,0,50.0,On Schedule,0,Low,223
FEB-2006,2006,FEB,MonthlyFR_feb_2006.pdf,MOSPI_2006_RADHANPURG,"RADHANPUR-GAGODHAR- V, KM.138.8-KM.245.0, NH- 15 (GUJARAT)",GUJARAT,12/2003,2/2005,,11/2007,429.4,,429.4,0.0,0.0,113.6,26.46,26.46,0.0,33.0,High,General Execution Delay,,Other Infrastructure,Gujarat,1.0,0.265,6.065,0,14.0,Contractor / Vendor Non-Performance,1003,High,224
FEB-2006,2006,FEB,MonthlyFR_feb_2006.pdf,MOSPI_2006_GAGODHARGA,"GAGODHAR-GARAMORE, KM.245-KM.281.3 & KM.308-KM.254, NH-8A",,12/2003,11/2007,,11/2007,412.78,,412.78,0.0,0.0,118.8,28.78,28.78,0.0,0.0,Low,On Schedule,,Road Transport & Highways,Multi-State / Central,1.0,0.288,6.025,0,47.0,On Schedule,0,Low,225
FEB-2006,2006,FEB,MonthlyFR_feb_2006.pdf,MOSPI_2006_DEEWAPURUP,"DEEWAPUR-UP/BIHAR BORDER, KM.402- KM.360.915, NH-28 (BIHAR)",BIHAR,12/2003,10/2008,,10/2008,300.0,,300.0,0.0,0.0,17.86,5.95,5.95,0.0,0.0,Low,On Schedule,,Road Transport & Highways,Uttar Pradesh,1.0,0.06,5.707,0,58.0,On Schedule,0,Low,226
FEB-2006,2006,FEB,MonthlyFR_feb_2006.pdf,MOSPI_2006_GORAKHPURA,"GORAKHPUR-AYODHYA, KM.251.70-KM.208.00, NH- 28 (U.P.)",U.P.,12/2003,10/2008,,10/2008,239.0,,239.0,0.0,0.0,19.89,8.32,8.32,0.0,0.0,Low,On Schedule,,Other Infrastructure,Uttar Pradesh,1.0,0.083,5.481,0,58.0,On Schedule,0,Low,227
FEB-2006,2006,FEB,MonthlyFR_feb_2006.pdf,MOSPI_2006_COCHINPORT,"COCHIN PORT, KM.10, NH- 47 (KERALA)",KERALA,4/2000,8/2006,,6/2007,106.0,,106.0,0.0,0.0,37.79,35.65,35.65,0.0,10.0,Medium,General Execution Delay,,Ports & Shipping,Kerala,1.0,0.357,4.673,0,76.0,Administrative & Inter-Agency Coordination,304,Medium,228
FEB-2006,2006,FEB,MonthlyFR_feb_2006.pdf,MOSPI_2006_HALDIAPORT,"HALDIA PORT, KM.53, NH- 41 (WEST BENGAL)",WEST BENGAL,4/2000,3/2005,,6/2007,273.0,,273.0,0.0,0.0,118.3,43.33,43.33,0.0,27.0,High,General Execution Delay,,Ports & Shipping,West Bengal,1.0,0.433,5.613,0,59.0,Administrative & Inter-Agency Coordination,821,High,229
FEB-2006,2006,FEB,MonthlyFR_feb_2006.pdf,MOSPI_2006_VIVEKANAND,"VIVEKANANDA BRIDGE AND APPROACH (GQ), NH- 2",GQ,4/2000,6/2005,,4/2007,641.0,,641.0,0.0,0.0,433.2,67.58,67.58,0.0,22.0,Medium,General Execution Delay,,Other Infrastructure,Multi-State / Central,1.0,0.676,6.465,0,62.0,Administrative & Inter-Agency Coordination,669,Medium,230
FEB-2006,2006,FEB,MonthlyFR_feb_2006.pdf,MOSPI_2006_SASARAMDEH,"SASARAM-DEHRI-ON- SONE, KM.110-KM.140, NH- 2 (BIHAR)",BIHAR,4/2000,3/2005,,12/2006,221.87,,221.87,0.0,0.0,152.1,68.55,68.55,0.0,21.0,Medium,General Execution Delay,,Other Infrastructure,Bihar,1.0,0.686,5.407,0,59.0,Administrative & Inter-Agency Coordination,638,Medium,231
FEB-2006,2006,FEB,MonthlyFR_feb_2006.pdf,MOSPI_2006_SRIKAKULAM,"SRIKAKULAM - CHAMPAWATI, KM.97- KM.49, NH-5, GQ",,4/2000,2/2004,,12/2006,171.97,,171.97,0.0,0.0,119.6,69.55,69.55,0.0,34.0,High,General Execution Delay,,Road Transport & Highways,Multi-State / Central,1.0,0.695,5.153,0,46.0,Land Acquisition & Right of Way,1034,High,232
FEB-2006,2006,FEB,MonthlyFR_feb_2006.pdf,MOSPI_2006_MADURAIKAN,"MADURAI- KANYAKUMARI, KM.42- KM.80, NH-7 (TAMIL NADU)",TAMIL NADU,12/2003,3/2008,,3/2008,474.21,,474.21,0.0,0.0,2.22,0.47,0.47,0.0,0.0,Low,On Schedule,,Road Transport & Highways,Tamil Nadu,1.0,0.005,6.164,0,51.0,On Schedule,0,Low,233
FEB-2006,2006,FEB,MonthlyFR_feb_2006.pdf,MOSPI_2006_AURANGABAD,AURANGABAD- BARACHATTI (GQ) KM.180-KM.240 (NH-2),GQ,4/2000,3/2005,,12/2006,320.42,,320.42,0.0,0.0,255.6,79.77,79.77,0.0,21.0,Medium,General Execution Delay,,Road Transport & Highways,Multi-State / Central,1.0,0.798,5.773,0,59.0,Land Acquisition & Right of Way,638,Medium,234
FEB-2006,2006,FEB,MonthlyFR_feb_2006.pdf,MOSPI_2006_LAXMANNATH,LAXMANNATH- BALESHWAR (GQ) KM.0- KM.53.41 (NH-60),GQ,4/2000,12/2003,,6/2006,272.0,,272.0,0.0,0.0,257.9,94.82,94.82,0.0,30.0,High,General Execution Delay,,Road Transport & Highways,Multi-State / Central,1.0,0.948,5.609,0,44.0,Land Acquisition & Right of Way,912,High,235
FEB-2006,2006,FEB,MonthlyFR_feb_2006.pdf,MOSPI_2006_KHURDASUNA,KHURDA-SUNAKHALA (GQ) KM.388-KM.338 (NH-5),GQ,4/2000,12/2003,,3/2006,189.68,,189.68,0.0,0.0,159.0,83.83,83.83,0.0,27.0,High,General Execution Delay,,Road Transport & Highways,Multi-State / Central,1.0,0.838,5.251,0,44.0,Land Acquisition & Right of Way,821,High,236
FEB-2006,2006,FEB,MonthlyFR_feb_2006.pdf,MOSPI_2006_SATARAKAGA,SATARA-KAGAL (GQ) KM.725-KM.592.24 (NH-4),GQ,4/2000,5/2004,,3/2006,600.0,,600.0,0.0,0.0,603.5,100.0,100.58,0.58,22.0,Medium,General Execution Delay,,Road Transport & Highways,Multi-State / Central,1.0,1.006,6.399,0,49.0,Land Acquisition & Right of Way,669,Medium,237
FEB-2006,2006,FEB,MonthlyFR_feb_2006.pdf,MOSPI_2006_MOHANIASAS,MOHANIA-SASARAM (GQ) KM.65-KM.110 (NH-2),GQ,4/2000,2/2004,,3/2006,230.55,,230.55,0.0,0.0,256.0,100.0,111.04,11.04,25.0,High,General Execution Delay,,Road Transport & Highways,Multi-State / Central,1.0,1.11,5.445,0,46.0,Land Acquisition & Right of Way,760,High,238
FEB-2006,2006,FEB,MonthlyFR_feb_2006.pdf,MOSPI_2006_CHILKAURIP,CHILKAURIPET-ONGOLE (GQ) KM.357.9-KM.291 (NH- 5),GQ,4/2000,12/2003,,3/2006,319.21,,319.21,0.0,0.0,255.4,80.01,80.01,0.0,27.0,High,General Execution Delay,,Other Infrastructure,Multi-State / Central,1.0,0.8,5.769,0,44.0,Administrative & Inter-Agency Coordination,821,High,239
FEB-2006,2006,FEB,MonthlyFR_feb_2006.pdf,MOSPI_2006_KHARAGPURL,KHARAGPUR- LAXMANNATH (GQ) KM.53.41-KM.119.275 (NH- 60),GQ,4/2000,3/2004,,6/2006,332.0,,332.0,0.0,0.0,412.0,100.0,124.1,24.1,27.0,High,General Execution Delay,,Other Infrastructure,Multi-State / Central,1.0,1.241,5.808,1,47.0,Administrative & Inter-Agency Coordination,821,High,240
FEB-2006,2006,FEB,MonthlyFR_feb_2006.pdf,MOSPI_2006_KANCHIPURA,KANCHIPURAM- POONAMALEE (GQ) KM.70.2-KM.13.8 (NH-4),GQ,4/2000,12/2003,,6/2006,211.0,,211.0,0.0,0.0,185.7,88.01,88.01,0.0,30.0,High,General Execution Delay,,Road Transport & Highways,Multi-State / Central,1.0,0.88,5.357,0,44.0,Land Acquisition & Right of Way,912,High,241
FEB-2006,2006,FEB,MonthlyFR_feb_2006.pdf,MOSPI_2006_VIJAYPURKO,VIJAYPUR-KOTA PIPELINE PROJECT (GAIL),GAIL,6/2004,12/2006,,12/2006,299.84,,299.84,0.0,0.0,6.45,2.15,2.15,0.0,0.0,Low,On Schedule,,Petroleum & Natural Gas,Rajasthan,1.0,0.022,5.707,0,30.0,On Schedule,0,Low,242
FEB-2006,2006,FEB,MonthlyFR_feb_2006.pdf,MOSPI_2006_RAILCOACHF,"RAIL COACH FACTORY,KAPURTHALA PH -II (NR)",NR,8/1985,3/1992,,3/2006,180.0,,452.68,272.68,151.49,456.15,100.0,253.42,153.42,168.0,High,General Execution Delay,,Railways,Multi-State / Central,2.515,2.534,5.198,1,79.0,Land Acquisition & Right of Way,5107,High,243
FEB-2006,2006,FEB,MonthlyFR_feb_2006.pdf,MOSPI_2006_NORHENREGI,NORHEN REGION SYSTEM STRENGTHENINGSCHEME- II (435 CKM),435 CKM,1/2004,12/2006,,12/2006,247.78,,247.78,0.0,0.0,177.82,71.77,71.77,0.0,0.0,Low,On Schedule,,Other Infrastructure,Multi-State / Central,1.0,0.718,5.517,0,35.0,On Schedule,0,Low,244
FEB-2006,2006,FEB,MonthlyFR_feb_2006.pdf,MOSPI_2006_FGUNCHAHAR,FG UNCHAHAR TPP STAGE-III (1X210MW)(NTPC),1X210MW,3/2004,9/2006,,9/2006,939.28,,939.28,0.0,0.0,503.66,53.62,53.62,0.0,0.0,Low,On Schedule,,Power & Renewable Energy,Multi-State / Central,1.0,0.536,6.846,0,30.0,On Schedule,0,Low,245
FEB-2006,2006,FEB,MonthlyFR_feb_2006.pdf,MOSPI_2006_DULHASTICO,DULHASTI COMBINED TR.SYSTEM(P.GRID),P.GRID,7/2002,7/2006,,6/2006,567.05,,465.01,-102.04,-17.99,413.65,72.95,72.95,0.0,0.0,Low,On Schedule,,Power & Renewable Energy,Multi-State / Central,0.82,0.729,6.342,0,48.0,On Schedule,0,Low,246
FEB-2006,2006,FEB,MonthlyFR_feb_2006.pdf,MOSPI_2006_TALASILIGU,TALA-SILIGURI TRANSMISSION LINE (P.GRID),P.GRID,7/2002,10/2004,,3/2006,231.53,,290.09,58.56,25.29,247.06,100.0,106.71,6.71,17.0,Medium,General Execution Delay,,Power & Renewable Energy,West Bengal,1.253,1.067,5.449,0,27.0,Administrative & Inter-Agency Coordination,517,Medium,247
FEB-2006,2006,FEB,MonthlyFR_feb_2006.pdf,MOSPI_2006_TEHRITRSYS,TEHRI TR. SYSTEM(P.GRID),P.GRID,3/1994,3/1999,,3/2006,421.0,,913.84,492.84,117.06,836.33,100.0,198.65,98.65,84.0,High,General Execution Delay,,Power & Renewable Energy,Multi-State / Central,2.171,1.987,6.045,1,60.0,Fund Constraint & Financial Stress,2554,High,248
FEB-2006,2006,FEB,MonthlyFR_feb_2006.pdf,MOSPI_2006_PIPLINEEXT,PIPLINE EXTENTION TO PAKNI VIA HAZARWADI (HPCL),HPCL,4/2004,9/2006,,9/2006,335.17,,335.17,0.0,0.0,71.35,21.29,21.29,0.0,0.0,Low,On Schedule,,Petroleum & Natural Gas,Multi-State / Central,1.0,0.213,5.818,0,29.0,On Schedule,0,Low,249
FEB-2006,2006,FEB,MonthlyFR_feb_2006.pdf,MOSPI_2006_MSQUALITYU,MS QUALITY UPGRADATION FACILITIES AT GUJARAT (IOCL),IOCL,7/2003,7/2005,,8/2006,390.0,,484.0,94.0,24.1,282.0,72.31,72.31,0.0,13.0,Medium,General Execution Delay,,Petroleum & Natural Gas,Gujarat,1.241,0.723,5.969,0,24.0,Administrative & Inter-Agency Coordination,395,Medium,250
FEB-2006,2006,FEB,MonthlyFR_feb_2006.pdf,MOSPI_2006_PANIPATREF,PANIPAT REFINERY EXPANSION (IOCL),IOCL,8/1999,1/2005,,6/2006,3365.0,,4354.0,989.0,29.39,3294.0,97.89,97.89,0.0,17.0,Medium,General Execution Delay,,Petroleum & Natural Gas,Haryana,1.294,0.979,8.121,0,65.0,Administrative & Inter-Agency Coordination,517,Medium,251
FEB-2006,2006,FEB,MonthlyFR_feb_2006.pdf,MOSPI_2006_THULENDIPH,THULENDI-PHULPUR PIPELINE PROJECT(GAIL),GAIL,9/2003,4/2006,,3/2006,220.0,,155.0,-65.0,-29.55,65.73,29.88,29.88,0.0,0.0,Low,On Schedule,,Petroleum & Natural Gas,Multi-State / Central,0.705,0.299,5.398,0,31.0,On Schedule,0,Low,252
FEB-2006,2006,FEB,MonthlyFR_feb_2006.pdf,MOSPI_2006_MUMBAIHIGH,MUMBAI HIGH NORTH DEV(ONGCL),ONGCL,12/2000,12/2005,,2/2006,2929.4,,2929.4,0.0,0.0,3086.85,100.0,105.37,5.37,2.0,Low,General Execution Delay,,Petroleum & Natural Gas,Maharashtra,1.0,1.054,7.983,0,60.0,On Schedule,61,Low,253
FEB-2006,2006,FEB,MonthlyFR_feb_2006.pdf,MOSPI_2006_TARAPURATO,"TARAPUR ATOMIC POWER PROJECT, TARAPUR,MAHARASHTRA (NPCIL)",NPCIL,1/1991,1/2007,,1/2007,3447.06,,6525.0,3077.94,89.29,5446.0,100.0,157.99,57.99,0.0,High,On Schedule,,Power & Renewable Energy,Maharashtra,1.893,1.58,8.146,1,192.0,On Schedule,0,High,254
MAR-2006,2006,MAR,MonthlyFR_mar_2006.pdf,MOSPI_2006_KATRAJREAL,KATRAJ REALIGNMENT (GQ) KM.825-KM.30 OF BYPASS (NH-4),GQ,4/2000,2/2005,,6/2006,146.25,,146.25,0.0,0.0,177.56,100.0,121.41,21.41,16.0,Medium,General Execution Delay,,Road Transport & Highways,Multi-State / Central,1.0,1.214,4.992,1,58.0,Land Acquisition & Right of Way,486,Medium,255
MAR-2006,2006,MAR,MonthlyFR_mar_2006.pdf,MOSPI_2006_BELGAUMBYP,BELGAUM BYPASS (GQ) KM.515-KM.495 (NH-4),GQ,4/2000,12/2003,,4/2006,115.9,,115.9,0.0,0.0,154.28,100.0,133.11,33.11,28.0,High,General Execution Delay,,Road Transport & Highways,Karnataka,1.0,1.331,4.761,1,44.0,Land Acquisition & Right of Way,851,High,256
JUL-2006,2006,JUL,MonthlyFR_july_2006.pdf,MOSPI_2006_MADURAIRAM,MADURAI- RAMESWARAM(GC).SR,GC,7/1998,7/2006,,7/2006,193.18,,243.0,49.82,25.79,151.65,78.5,78.5,0.0,0.0,Medium,On Schedule,,Other Infrastructure,Tamil Nadu,1.258,0.785,5.269,0,96.0,On Schedule,0,Medium,257
JUL-2006,2006,JUL,MonthlyFR_july_2006.pdf,MOSPI_2006_NATIONALIN,"NATIONAL INSTITUTE OF BIOLOGICALS, NOIDA",,3/1992,9/1998,,8/2006,69.74,,269.24,199.5,286.06,234.26,100.0,335.9,235.9,95.0,High,General Execution Delay,,Other Infrastructure,Delhi & NCR,3.861,3.359,4.259,1,78.0,Fund Constraint & Financial Stress,2888,High,258
SEP-2007,2007,SEP,MonthlyFR_sep_2007.pdf,MOSPI_2007_SYSTRINSOU,SY. STR. IN SOUTH- WESTERN PART OF NORTHERN GRID (PART- B),,10/2006,10/2009,,10/2009,150.26,,150.26,0.0,0.0,37.66,25.06,25.06,0.0,0.0,Low,On Schedule,,Power & Renewable Energy,Multi-State / Central,1.0,0.251,5.019,0,36.0,On Schedule,0,Low,259
SEP-2007,2007,SEP,MonthlyFR_sep_2007.pdf,MOSPI_2007_VINDHYACHA,VINDHYACHAL STAGE - III TRANSMISSION SYSTEM (P.GR.),P.GR.,7/2004,7/2007,,11/2007,596.47,,692.41,95.94,16.08,577.31,96.79,96.79,0.0,4.0,Medium,General Execution Delay,,Power & Renewable Energy,Multi-State / Central,1.161,0.968,6.393,0,36.0,Administrative & Inter-Agency Coordination,122,Medium,260
DEC-2007,2007,DEC,MonthlyFR_dec_2007.pdf,MOSPI_2007_DHARMATULS,"DHARMATUL- SONAPUR, KM.230.50- KM.230.00, NH-31",,12/2003,6/2008,,12/2008,200.0,,200.0,0.0,0.0,31.88,15.94,15.94,0.0,6.0,Low,General Execution Delay,,Road Transport & Highways,Multi-State / Central,1.0,0.159,5.303,0,54.0,On Schedule,182,Low,261
DEC-2007,2007,DEC,MonthlyFR_dec_2007.pdf,MOSPI_2007_MADURAITIR,"MADURAI- TIRUNELVELI, KM.0- KM.42, NH-7 (TAMIL",,12/2003,3/2008,,10/2008,567.38,,567.38,0.0,0.0,162.2,28.59,28.59,0.0,7.0,Medium,General Execution Delay,,Road Transport & Highways,Tamil Nadu,1.0,0.286,6.343,0,51.0,Administrative & Inter-Agency Coordination,213,Medium,262
JUL-2007,2007,JUL,MonthlyFR_july_2007.pdf,MOSPI_2007_MAILBANGLU,"MAILBANG-LUNDING, KM.60.50-KM.83.40, NH-54 (ASSAM)",ASSAM,12/2003,11/2008,,11/2008,167.64,,167.64,0.0,0.0,13.13,7.83,7.83,0.0,0.0,Low,On Schedule,,Road Transport & Highways,Assam,1.0,0.078,5.128,0,59.0,On Schedule,0,Low,263
MAR-2007,2007,MAR,MonthlyFR_mar_2007.pdf,MOSPI_2007_SYSTEMSTRE,SYSTEM STRENGTHENING - III OF SOUTHERN REGION (PGCIL),PGCIL,10/2004,4/2007,,4/2007,284.79,,235.08,-49.71,-17.45,220.02,77.26,77.26,0.0,0.0,Low,On Schedule,,Coal & Mines,Multi-State / Central,0.825,0.773,5.655,0,30.0,On Schedule,0,Low,264
OCT-2007,2007,OCT,FR_OCT_2007.pdf,MOSPI_2007_KADALARMUR,"KADAL-ARMUR, KM.278- KM.208, NH-7, (A.P.)",A.P.,12/2003,11/2009,,11/2009,271.73,,271.73,0.0,0.0,0.13,0.05,0.05,0.0,0.0,Low,On Schedule,,Road Transport & Highways,Multi-State / Central,1.0,0.0,5.608,0,71.0,On Schedule,0,Low,265
OCT-2007,2007,OCT,FR_OCT_2007.pdf,MOSPI_2007_JHANSILALI,"JHANSI-LALITPUR, KM.49.7- KM.99, NH-26 (U.P.)",U.P.,12/2003,9/2009,,9/2009,276.09,,276.09,0.0,0.0,35.0,12.68,12.68,0.0,0.0,Low,On Schedule,,Road Transport & Highways,Multi-State / Central,1.0,0.127,5.624,0,69.0,On Schedule,0,Low,266
OCT-2007,2007,OCT,FR_OCT_2007.pdf,MOSPI_2007_BANGALOREH,"BANGALORE-HOSKOTE- MUDBAGAL SECTION, KM.237.7-KM.318 (KAR.)",KAR.,3/2005,7/2010,,7/2010,565.0,,565.0,0.0,0.0,1.84,0.33,0.33,0.0,0.0,Low,On Schedule,,Other Infrastructure,Karnataka,1.0,0.003,6.339,0,64.0,On Schedule,0,Low,267
APR-2007,2007,APR,MonthlyFR_april_2007.pdf,MOSPI_2007_MADURAIKAN,"MADURAI-KANYAKUMARI, KM.42-KM.80, NH-7 (TAMIL NADU)",TAMIL NADU,12/2003,3/2008,,3/2008,474.21,,474.21,0.0,0.0,55.61,11.73,11.73,0.0,0.0,Low,On Schedule,,Road Transport & Highways,Tamil Nadu,1.0,0.117,6.164,0,51.0,On Schedule,0,Low,268
APR-2007,2007,APR,MonthlyFR_april_2007.pdf,MOSPI_2007_GUWAHATINA,"GUWAHATI-NALBARI, KM.1121-KM.1093, NH-31 (ASSAM)",ASSAM,12/2003,4/2008,,4/2008,175.96,,175.96,0.0,0.0,19.5,11.08,11.08,0.0,0.0,Low,On Schedule,,Road Transport & Highways,Assam,1.0,0.111,5.176,0,52.0,On Schedule,0,Low,269
AUG-2007,2007,AUG,MonthlyFR_aug_2007.pdf,MOSPI_2007_BRAHMPUTRA,"BRAHMPUTRA BRIDGE, KM.1126-KM.1121, NH-31 (ASSAM)",ASSAM,12/2003,4/2010,,4/2010,217.61,,217.61,0.0,0.0,12.44,5.72,5.72,0.0,0.0,Low,On Schedule,,Road Transport & Highways,Assam,1.0,0.057,5.387,0,76.0,On Schedule,0,Low,270
AUG-2007,2007,AUG,MonthlyFR_aug_2007.pdf,MOSPI_2007_KOSIBRIDGE,"KOSI BRIDGE INCLUDING APPROCHES, KM.155-KM.165, NH-57",,12/2003,3/2010,,3/2010,418.04,,418.04,0.0,0.0,0.4,0.1,0.1,0.0,0.0,Low,On Schedule,,Road Transport & Highways,Multi-State / Central,1.0,0.001,6.038,0,75.0,On Schedule,0,Low,271
AUG-2007,2007,AUG,MonthlyFR_aug_2007.pdf,MOSPI_2007_GORAKHPURB,"GORAKHPUR BYPASS, KM.251.7-KM.279.8, NH-28 (U.P.)",U.P.,12/2003,10/2009,,10/2009,600.24,,600.24,0.0,0.0,68.5,11.41,11.41,0.0,0.0,Low,On Schedule,,Road Transport & Highways,Multi-State / Central,1.0,0.114,6.399,0,70.0,On Schedule,0,Low,272
AUG-2007,2007,AUG,MonthlyFR_aug_2007.pdf,MOSPI_2007_GWALIORBYP,"GWALIOR BYPASS, KM.0- KM.033, NH-75, 3 (M.P.)",M.P.,12/2003,10/2009,,10/2009,300.93,,300.93,0.0,0.0,2.76,0.92,0.92,0.0,0.0,Low,On Schedule,,Road Transport & Highways,Madhya Pradesh,1.0,0.009,5.71,0,70.0,On Schedule,0,Low,273
AUG-2007,2007,AUG,MonthlyFR_aug_2007.pdf,MOSPI_2007_THANJAVURT,"THANJAVUR-TRICHY, KM.80- KM.135.75, NH-67 (T.N.)",T.N.,3/2005,6/2009,,6/2009,280.0,,280.0,0.0,0.0,35.0,12.5,12.5,0.0,0.0,Low,On Schedule,,Road Transport & Highways,Multi-State / Central,1.0,0.125,5.638,0,51.0,On Schedule,0,Low,274
JAN-2007,2007,JAN,MonthlyFR_jan_2007.pdf,MOSPI_2007_JAGOTIPAIT,JAGOTI-PAITHAMPUR PIPLINE (GAIL),GAIL,1/2005,10/2006,,3/2007,194.82,,151.19,-43.63,-22.4,66.82,34.3,34.3,0.0,5.0,Low,General Execution Delay,,Petroleum & Natural Gas,Multi-State / Central,0.776,0.343,5.277,0,21.0,On Schedule,152,Low,275
JAN-2007,2007,JAN,MonthlyFR_jan_2007.pdf,MOSPI_2007_TEHRIDAMHP,TEHRI DAM & H.P.P.(THDCL),THDCL,3/1994,3/1999,,2/2007,2963.66,,6672.88,3709.22,125.16,7985.31,100.0,269.44,169.44,95.0,High,General Execution Delay,,Water Resources & Irrigation,Himachal Pradesh,2.252,2.694,7.995,1,60.0,Fund Constraint & Financial Stress,2888,High,276
JAN-2007,2007,JAN,MonthlyFR_jan_2007.pdf,MOSPI_2007_DEVELOPMEN,DEVELOPMENT OF VISAKHAPATNAM AIRPORT.,,12/2002,12/2005,,2/2007,191.52,,191.52,0.0,0.0,149.37,77.99,77.99,0.0,14.0,Medium,General Execution Delay,,Civil Aviation,Bihar,1.0,0.78,5.26,0,36.0,Administrative & Inter-Agency Coordination,426,Medium,277
JAN-2007,2007,JAN,MonthlyFR_jan_2007.pdf,MOSPI_2007_TIRUMALAIV,TIRUMALAI - VELLACHERI EXTN. OF MRTS (MTP),MTP,4/1996,3/2002,,2/2007,605.7,,733.39,127.69,21.08,663.72,100.0,109.58,9.58,59.0,High,General Execution Delay,,Urban Metro & Transit,Multi-State / Central,1.211,1.096,6.408,0,71.0,Land Acquisition & Right of Way,1794,High,278
JAN-2007,2007,JAN,MonthlyFR_jan_2007.pdf,MOSPI_2007_REBUILDING,REBUILDING OFCOKE OVEN BATTERY NO. 1 (SAIL),SAIL,3/2003,12/2005,,3/2007,112.39,,112.39,0.0,0.0,90.34,80.38,80.38,0.0,15.0,Medium,General Execution Delay,,Other Infrastructure,Multi-State / Central,1.0,0.804,4.731,0,33.0,Administrative & Inter-Agency Coordination,456,Medium,279
JAN-2007,2007,JAN,MonthlyFR_jan_2007.pdf,MOSPI_2007_TECHNOLOGY,TECHNOLOGY UPGRADATION OF BF-7 (SAIL),SAIL,1/2005,1/2006,,2/2007,170.41,,170.41,0.0,0.0,118.46,69.51,69.51,0.0,13.0,Medium,General Execution Delay,,Other Infrastructure,Multi-State / Central,1.0,0.695,5.144,0,12.0,Administrative & Inter-Agency Coordination,395,Medium,280
JAN-2007,2007,JAN,MonthlyFR_jan_2007.pdf,MOSPI_2007_VINDHYACHA,VINDHYACHAL-KORBA (P.GRID),P.GRID,2/2004,2/2007,,2/2007,164.02,,222.0,57.98,35.35,167.27,100.0,101.98,1.98,0.0,Medium,On Schedule,,Power & Renewable Energy,Multi-State / Central,1.353,1.02,5.106,0,36.0,On Schedule,0,Medium,281
JAN-2007,2007,JAN,MonthlyFR_jan_2007.pdf,MOSPI_2007_SYSTEMSTRE,SYSTEM STRENGTHENING IN EASTERN REGION (P.GRID),P.GRID,2/2003,5/2006,,2/2007,247.91,,427.01,179.1,72.24,403.23,100.0,162.65,62.65,9.0,High,General Execution Delay,,Power & Renewable Energy,Multi-State / Central,1.722,1.627,5.517,1,39.0,Fund Constraint & Financial Stress,274,High,282
JAN-2007,2007,JAN,MonthlyFR_jan_2007.pdf,MOSPI_2007_MDPLPROJEC,MDPL PROJECT(HPCL),HPCL,4/2004,8/2007,,5/2007,1623.84,,1746.86,123.02,7.58,984.26,60.61,60.61,0.0,0.0,Low,On Schedule,,Petroleum & Natural Gas,Multi-State / Central,1.076,0.606,7.393,0,40.0,On Schedule,0,Low,283
JAN-2007,2007,JAN,MonthlyFR_jan_2007.pdf,MOSPI_2007_KANCHIPURA,KANCHIPURAM- POONAMALEE (GQ) KM.70.2- KM.13.8 (NH-4),GQ,4/2000,12/2003,,3/2007,211.0,,211.0,0.0,0.0,231.35,100.0,109.64,9.64,39.0,High,General Execution Delay,,Road Transport & Highways,Multi-State / Central,1.0,1.096,5.357,0,44.0,Land Acquisition & Right of Way,1186,High,284
JAN-2007,2007,JAN,MonthlyFR_jan_2007.pdf,MOSPI_2007_DULHASTIHY,DULHASTI HYDROELECTRIC PROJECT(NHPC),NHPC,11/1982,11/1990,,3/2007,183.45,,4982.62,4799.17,2616.06,4949.21,100.0,2697.85,2597.85,196.0,High,General Execution Delay,,Power & Renewable Energy,Multi-State / Central,10.0,10.0,5.217,1,96.0,Fund Constraint & Financial Stress,5958,High,285
JAN-2007,2007,JAN,MonthlyFR_jan_2007.pdf,MOSPI_2007_HOWRAHAMTA,HOWRAH-AMTA- CHAMPADANGA,,4/1974,3/2007,,3/2007,31.42,,154.3,122.88,391.09,82.81,100.0,263.56,163.56,0.0,High,On Schedule,,Other Infrastructure,West Bengal,4.911,2.635,3.479,1,240.0,On Schedule,0,High,286
JAN-2007,2007,JAN,MonthlyFR_jan_2007.pdf,MOSPI_2007_NIMACHRATL,"NIMACH-RATLAM(GC),WR",GC,4/1993,3/1996,,3/2007,65.0,,171.73,106.73,164.2,175.15,100.0,269.46,169.46,132.0,High,General Execution Delay,,Other Infrastructure,Multi-State / Central,2.642,2.695,4.19,1,35.0,Fund Constraint & Financial Stress,4013,High,287
JAN-2007,2007,JAN,MonthlyFR_jan_2007.pdf,MOSPI_2007_DHANKUNIKO,DHANKUNI-KOLAGHAT (GQ) KM.17.6-KM.72 (NH-6),GQ,4/2000,3/2004,,3/2007,393.0,,393.0,0.0,0.0,530.17,100.0,134.9,34.9,36.0,High,General Execution Delay,,Road Transport & Highways,Multi-State / Central,1.0,1.349,5.976,1,47.0,Land Acquisition & Right of Way,1094,High,288
JAN-2007,2007,JAN,MonthlyFR_jan_2007.pdf,MOSPI_2007_SIKANDARAB,SIKANDARA-BHAUNTI (GQ) KM.393-KM.470 (NH-2),GQ,4/2000,8/2004,,2/2007,323.62,,323.62,0.0,0.0,310.39,95.91,95.91,0.0,30.0,High,General Execution Delay,,Road Transport & Highways,Multi-State / Central,1.0,0.959,5.783,0,52.0,Land Acquisition & Right of Way,912,High,289
JAN-2007,2007,JAN,MonthlyFR_jan_2007.pdf,MOSPI_2007_VIVEKANAND,"VIVEKANANDA BRIDGE AND APPROACH (GQ), NH-2",GQ,4/2000,6/2005,,4/2007,641.0,,641.0,0.0,0.0,533.86,83.29,83.29,0.0,22.0,Medium,General Execution Delay,,Road Transport & Highways,Multi-State / Central,1.0,0.833,6.465,0,62.0,Land Acquisition & Right of Way,669,Medium,290
JAN-2007,2007,JAN,MonthlyFR_jan_2007.pdf,MOSPI_2007_LAXMANNATH,LAXMANNATH-BALESHWAR (GQ) KM.0-KM.53.41 (NH-60),GQ,4/2000,12/2003,,3/2007,272.0,,272.0,0.0,0.0,291.34,100.0,107.11,7.11,39.0,High,General Execution Delay,,Road Transport & Highways,Multi-State / Central,1.0,1.071,5.609,0,44.0,Land Acquisition & Right of Way,1186,High,291
JAN-2007,2007,JAN,MonthlyFR_jan_2007.pdf,MOSPI_2007_GORAKHPURA,"GORAKHPUR-AYODHYA, KM.251.70-KM.208.00, NH-28 (U.P.)",U.P.,12/2003,10/2008,,10/2008,239.0,,239.0,0.0,0.0,32.97,13.79,13.79,0.0,0.0,Low,On Schedule,,Road Transport & Highways,Uttar Pradesh,1.0,0.138,5.481,0,58.0,On Schedule,0,Low,292
JAN-2007,2007,JAN,MonthlyFR_jan_2007.pdf,MOSPI_2007_CDMAWLLEQU,CDMA WLL EQUIPMENT-2 (MUMBAI),MUMBAI,7/2004,12/2004,,2/2007,362.26,,122.91,-239.35,-66.07,58.69,16.2,16.2,0.0,26.0,High,General Execution Delay,,Other Infrastructure,Maharashtra,0.5,0.162,5.895,0,5.0,Contractor / Vendor Non-Performance,790,High,293
JAN-2007,2007,JAN,MonthlyFR_jan_2007.pdf,MOSPI_2007_CDMA2000WL,CDMA 2000 WLL (DELHI),DELHI,6/2004,10/2004,,1/2007,460.28,,460.28,0.0,0.0,72.78,15.81,15.81,0.0,27.0,High,General Execution Delay,,Other Infrastructure,Delhi & NCR,1.0,0.158,6.134,0,4.0,Contractor / Vendor Non-Performance,821,High,294
AUG-2007,2007,AUG,MonthlyFR_aug_2007.pdf,MOSPI_2007_BIJNIASSAM,"BIJNI-ASSAM/WEST BENGAL BORDER, KM.30-KM.60, NH- 31C",,12/2003,6/2008,,12/2008,195.0,,195.0,0.0,0.0,26.68,13.68,13.68,0.0,6.0,Low,General Execution Delay,,Other Infrastructure,Assam,1.0,0.137,5.278,0,54.0,On Schedule,182,Low,295
AUG-2007,2007,AUG,MonthlyFR_aug_2007.pdf,MOSPI_2007_NALBARIBIJ,"NALBARI-BIJNI, KM.1013- KM.983, NH-31 (ASSAM)",ASSAM,12/2003,6/2008,,12/2008,200.0,,200.0,0.0,0.0,23.68,11.84,11.84,0.0,6.0,Low,General Execution Delay,,Road Transport & Highways,Assam,1.0,0.118,5.303,0,54.0,On Schedule,182,Low,296
OCT-2007,2007,OCT,FR_OCT_2007.pdf,MOSPI_2007_APKARNATAK,AP/ KARNATAKA BORDER NANDI HILL CROSSING KM.464.6-KM.527,,12/2003,3/2009,,3/2009,402.8,,402.8,0.0,0.0,48.02,11.92,11.92,0.0,0.0,Low,On Schedule,,Other Infrastructure,Karnataka,1.0,0.119,6.001,0,63.0,On Schedule,0,Low,297
OCT-2007,2007,OCT,FR_OCT_2007.pdf,MOSPI_2007_HARANGAJOM,"HARANGAJO-MAILBANG, KM.126.45-KM.140.70, NH-54 (ASSAM)",ASSAM,12/2003,2/2009,,2/2009,280.0,,280.0,0.0,0.0,49.02,17.51,17.51,0.0,0.0,Low,On Schedule,,Road Transport & Highways,Assam,1.0,0.175,5.638,0,62.0,On Schedule,0,Low,298
OCT-2007,2007,OCT,FR_OCT_2007.pdf,MOSPI_2007_JHANSITOLA,"JHANSI TO LALITPUR, NH- 25,26 (NS, PH-II)",,12/2003,9/2009,,9/2009,355.06,,355.06,0.0,0.0,43.0,12.11,12.11,0.0,0.0,Low,On Schedule,,Other Infrastructure,Multi-State / Central,1.0,0.121,5.875,0,69.0,On Schedule,0,Low,299
OCT-2007,2007,OCT,FR_OCT_2007.pdf,MOSPI_2007_UIUNDURPET,"UIUNDURPET-PADALUR, KM.192.25-KM.285, NH-45 (T.N.)",T.N.,12/2003,6/2009,,12/2008,460.0,,460.0,0.0,0.0,287.6,62.52,62.52,0.0,0.0,Low,On Schedule,,Road Transport & Highways,Multi-State / Central,1.0,0.625,6.133,0,66.0,On Schedule,0,Low,300
OCT-2007,2007,OCT,FR_OCT_2007.pdf,MOSPI_2007_PADALURTRI,"PADALUR-TRICHY, KM.285- KM.325, NH-45 (T.N.I)",T.N.I,12/2003,5/2009,,12/2008,320.0,,320.0,0.0,0.0,138.5,43.28,43.28,0.0,0.0,Low,On Schedule,,Road Transport & Highways,Tamil Nadu,1.0,0.433,5.771,0,65.0,On Schedule,0,Low,301
OCT-2007,2007,OCT,FR_OCT_2007.pdf,MOSPI_2007_SALEMKERAL,"SALEM-KERALA BORDER, KM.203.96-KM.53, NH-47 (TAMIL NADU)",TAMIL NADU,12/2003,12/2008,,12/2008,469.8,,469.8,0.0,0.0,62.15,13.23,13.23,0.0,0.0,Low,On Schedule,,Road Transport & Highways,Tamil Nadu,1.0,0.132,6.154,0,60.0,On Schedule,0,Low,302
OCT-2007,2007,OCT,FR_OCT_2007.pdf,MOSPI_2007_KARURMADUR,"KARUR-MADURAI, KM.305.6- KM.373.28, NH-7 (TAMIL NADU)",TAMIL NADU,12/2003,1/2009,,12/2008,327.2,,327.2,0.0,0.0,84.61,25.86,25.86,0.0,0.0,Low,On Schedule,,Road Transport & Highways,Tamil Nadu,1.0,0.259,5.794,0,61.0,On Schedule,0,Low,303
OCT-2007,2007,OCT,FR_OCT_2007.pdf,MOSPI_2007_TINDIVANAM,"TINDIVANAM-UIUNDURPET, KM.121-KM.192.25, NH-45 (T.N.)",T.N.,12/2003,3/2009,,12/2008,480.0,,480.0,0.0,0.0,266.4,55.5,55.5,0.0,0.0,Low,On Schedule,,Road Transport & Highways,Multi-State / Central,1.0,0.555,6.176,0,63.0,On Schedule,0,Low,304
OCT-2007,2007,OCT,FR_OCT_2007.pdf,MOSPI_2007_PATHANKOTB,"PATHANKOT-BHOGPUR, KM.26-KM.70, NH-1A (PUNJAB)",PUNJAB,12/2003,5/2008,,12/2008,284.0,,284.0,0.0,0.0,111.4,39.23,39.23,0.0,7.0,Medium,General Execution Delay,,Road Transport & Highways,Punjab,1.0,0.392,5.652,0,53.0,Administrative & Inter-Agency Coordination,213,Medium,305
OCT-2007,2007,OCT,FR_OCT_2007.pdf,MOSPI_2007_DHARAMTULS,"DHARAMTUL-SONAPUR, KM.205-KM.183, NH-31 (ASSAM)",ASSAM,12/2003,5/2008,,12/2008,160.0,,160.0,0.0,0.0,19.67,12.29,12.29,0.0,7.0,Medium,General Execution Delay,,Road Transport & Highways,Assam,1.0,0.123,5.081,0,53.0,Administrative & Inter-Agency Coordination,213,Medium,306
OCT-2007,2007,OCT,FR_OCT_2007.pdf,MOSPI_2007_BIJNIASSAM,"BIJNI-ASSAM /WEST BENGAL.BORDER, KM.93- KM.60, NH-31C",,12/2003,6/2008,,12/2008,237.8,,237.8,0.0,0.0,32.43,13.64,13.64,0.0,6.0,Low,General Execution Delay,,Road Transport & Highways,Assam,1.0,0.136,5.476,0,54.0,On Schedule,182,Low,307
OCT-2007,2007,OCT,FR_OCT_2007.pdf,MOSPI_2007_NALBARIBIJ,"NALBARI-BIJNI, KM.983- KM.961.5, NH-31 (ASSAM)",ASSAM,12/2003,6/2008,,12/2008,142.0,,142.0,0.0,0.0,17.41,12.26,12.26,0.0,6.0,Low,General Execution Delay,,Road Transport & Highways,Assam,1.0,0.123,4.963,0,54.0,On Schedule,182,Low,308
OCT-2007,2007,OCT,FR_OCT_2007.pdf,MOSPI_2007_DARBHANGAM,"DARBHANGA- MUZAFFARPUR, KM 30-KM 0, NH-57 (BIHAR)",BIHAR,12/2003,6/2008,,12/2008,291.8,,291.8,0.0,0.0,93.44,32.02,32.02,0.0,6.0,Low,General Execution Delay,,Road Transport & Highways,Bihar,1.0,0.32,5.679,0,54.0,On Schedule,182,Low,309
OCT-2007,2007,OCT,FR_OCT_2007.pdf,MOSPI_2007_VIJAYAPURP,"VIJAYAPUR-PATHANKOT, KM.50-KM.80, NH1A (JAMMU & KASHMIR)",JAMMU & KASHMIR,12/2003,3/2008,,12/2008,166.27,,166.27,0.0,0.0,38.7,23.28,23.28,0.0,9.0,Medium,General Execution Delay,,Road Transport & Highways,Jammu & Kashmir,1.0,0.233,5.12,0,51.0,Administrative & Inter-Agency Coordination,274,Medium,310
OCT-2007,2007,OCT,FR_OCT_2007.pdf,MOSPI_2007_RAJMARGCHO,"RAJMARG CHORAHA- LAKHNANDON, KM.297- KM.351, NH-26 (M.P.)",M.P.,12/2003,10/2008,,10/2008,251.03,,251.03,0.0,0.0,35.04,13.96,13.96,0.0,0.0,Low,On Schedule,,Road Transport & Highways,Multi-State / Central,1.0,0.14,5.53,0,58.0,On Schedule,0,Low,311
OCT-2007,2007,OCT,FR_OCT_2007.pdf,MOSPI_2007_SAGARRAJMA,"SAGAR-RAJMARG CHORAHA, KM.255-KM.297, NH-26 (M.P.)",M.P.,12/2003,10/2008,,10/2008,206.96,,206.96,0.0,0.0,101.0,48.8,48.8,0.0,0.0,Low,On Schedule,,Road Transport & Highways,Multi-State / Central,1.0,0.488,5.337,0,58.0,On Schedule,0,Low,312
OCT-2007,2007,OCT,FR_OCT_2007.pdf,MOSPI_2007_PANIPATPAN,"PANIPAT-PANCHI GUJARAN, KM.86-KM.66, (HARYANA)",HARYANA,12/2003,10/2008,,10/2008,109.0,,109.0,0.0,0.0,16.45,15.09,15.09,0.0,0.0,Low,On Schedule,,Other Infrastructure,Haryana,1.0,0.151,4.7,0,58.0,On Schedule,0,Low,313
OCT-2007,2007,OCT,FR_OCT_2007.pdf,MOSPI_2007_MADURAIKAN,"MADURAI-KANYAKUMARI, KM.120-KM.160, NH-7 (TAMIL NADU)",TAMIL NADU,12/2003,3/2008,,6/2008,507.49,,507.49,0.0,0.0,148.7,29.3,29.3,0.0,3.0,Low,General Execution Delay,,Road Transport & Highways,Tamil Nadu,1.0,0.293,6.231,0,51.0,On Schedule,91,Low,314
JUN-2007,2007,JUN,MonthlyFR_june_2007.pdf,MOSPI_2007_HAPURGARHM,"HAPUR-GARHMUKTESWAR, KM.58-KM.93, NH-24 (U.P.)",U.P.,4/2000,9/2007,,9/2007,220.0,,220.0,0.0,0.0,46.68,21.22,21.22,0.0,0.0,Low,On Schedule,,Road Transport & Highways,Multi-State / Central,1.0,0.212,5.398,0,89.0,On Schedule,0,Low,315
JUN-2007,2007,JUN,MonthlyFR_june_2007.pdf,MOSPI_2007_BORIVILIVI,"BORIVILI-VIRAR QUADRUPLING,WR (MTP)",MTP,4/1995,3/2004,,12/2007,325.47,,504.22,178.75,54.92,410.57,100.0,126.15,26.15,45.0,High,General Execution Delay,,Other Infrastructure,Multi-State / Central,1.549,1.261,5.788,1,107.0,Fund Constraint & Financial Stress,1368,High,316
JUN-2007,2007,JUN,MonthlyFR_june_2007.pdf,MOSPI_2007_ADDITIONAL,"ADDITIONAL DEVELOPMENT HEERA, PART-II",,1/2005,4/2007,,9/2007,569.07,,569.07,0.0,0.0,291.27,51.18,51.18,0.0,5.0,Low,General Execution Delay,,Other Infrastructure,Multi-State / Central,1.0,0.512,6.346,0,27.0,On Schedule,152,Low,317
JUN-2007,2007,JUN,MonthlyFR_june_2007.pdf,MOSPI_2007_NORTHERNRE,NORTHERN REGION SYSTEM STRENGTHING SCHEME-III (180 CKM),180 CKM,7/2004,3/2008,,3/2008,230.52,,265.74,35.22,15.28,164.09,71.18,71.18,0.0,0.0,Medium,On Schedule,,Other Infrastructure,Multi-State / Central,1.153,0.712,5.445,0,44.0,On Schedule,0,Medium,318
JUN-2007,2007,JUN,MonthlyFR_june_2007.pdf,MOSPI_2007_BINANAGDAT,BINA-NAGDA TRANSMISSION SYSTEM (P.GR.),P.GR.,7/2004,3/2008,,10/2007,266.93,,294.25,27.32,10.23,284.97,100.0,106.76,6.76,0.0,Low,On Schedule,,Power & Renewable Energy,Multi-State / Central,1.102,1.068,5.591,0,44.0,On Schedule,0,Low,319
JUN-2007,2007,JUN,MonthlyFR_june_2007.pdf,MOSPI_2007_KAHALGAONI,KAHALGAON-II(PHASE-I) TRANSMISSION SYSTEM (PGCIL),PGCIL,10/2004,10/2007,,7/2007,1771.93,,2967.85,1195.92,67.49,2307.73,100.0,130.24,30.24,0.0,High,On Schedule,,Power & Renewable Energy,Multi-State / Central,1.675,1.302,7.48,1,36.0,On Schedule,0,High,320
JUN-2007,2007,JUN,MonthlyFR_june_2007.pdf,MOSPI_2007_SYSTEMSTRE,SYSTEM STRENGTHNING SCHEME-V OF SOUTH REGION,,6/2004,6/2007,,6/2007,92.12,,105.86,13.74,14.92,32.71,35.51,35.51,0.0,0.0,Low,On Schedule,,Other Infrastructure,Multi-State / Central,1.149,0.355,4.534,0,36.0,On Schedule,0,Low,321
JUN-2007,2007,JUN,MonthlyFR_june_2007.pdf,MOSPI_2007_MUMBAIHIGH,MUMBAI HIGH SOUTH DEVELOPMENT (ONGCL),ONGCL,10/2001,7/2007,,12/2008,5255.97,,6579.25,1323.28,25.18,6476.53,100.0,123.22,23.22,17.0,Medium,General Execution Delay,,Petroleum & Natural Gas,Maharashtra,1.252,1.232,8.567,1,69.0,Administrative & Inter-Agency Coordination,517,Medium,322
JUN-2007,2007,JUN,MonthlyFR_june_2007.pdf,MOSPI_2007_BLOOMCASTE,BLOOM CASTER(SAIL),SAIL,5/2004,5/2006,,7/2007,271.41,,271.41,0.0,0.0,203.63,75.03,75.03,0.0,14.0,Medium,General Execution Delay,,Other Infrastructure,Multi-State / Central,1.0,0.75,5.607,0,24.0,Administrative & Inter-Agency Coordination,426,Medium,323
MAR-2007,2007,MAR,MonthlyFR_mar_2007.pdf,MOSPI_2007_HAVERIHARI,"HAVERI-HARIHAR, KM.340- KM.284, NH-4 (KARNATAKA)",KARNATAKA,4/2000,8/2004,,6/2007,241.0,,241.0,0.0,0.0,201.01,83.41,83.41,0.0,34.0,High,General Execution Delay,,Road Transport & Highways,Karnataka,1.0,0.834,5.489,0,52.0,Land Acquisition & Right of Way,1034,High,324
MAR-2007,2007,MAR,MonthlyFR_mar_2007.pdf,MOSPI_2007_SRIKAKULAM,"SRIKAKULAM - CHAMPAWATI, KM.97-KM.49, NH-5, GQ",,4/2000,2/2004,,6/2007,171.97,,171.97,0.0,0.0,150.73,87.65,87.65,0.0,40.0,High,General Execution Delay,,Road Transport & Highways,Multi-State / Central,1.0,0.876,5.153,0,46.0,Land Acquisition & Right of Way,1216,High,325
MAR-2007,2007,MAR,MonthlyFR_mar_2007.pdf,MOSPI_2007_HARIHARCHI,"HARIHAR-CHITRADURGA, KM.284-KM.207 (GQ) NH-4 (KARNATAKA)",GQ,4/2000,8/2004,,6/2007,318.0,,318.0,0.0,0.0,262.28,82.48,82.48,0.0,34.0,High,General Execution Delay,,Road Transport & Highways,Karnataka,1.0,0.825,5.765,0,52.0,Land Acquisition & Right of Way,1034,High,326
MAR-2007,2007,MAR,MonthlyFR_mar_2007.pdf,MOSPI_2007_BELGAUMDHA,BELGAUM-DHARWAD (GQ) KM.495-KM.433 (NH-4),GQ,4/2000,2/2004,,5/2007,279.0,,279.0,0.0,0.0,316.31,100.0,113.37,13.37,39.0,High,General Execution Delay,,Road Transport & Highways,Karnataka,1.0,1.134,5.635,0,46.0,Land Acquisition & Right of Way,1186,High,327
MAR-2007,2007,MAR,MonthlyFR_mar_2007.pdf,MOSPI_2007_BARACHATTI,"BARACHATTI-GORHAR (GQ) KM.240-KM.320, NH-2",GQ,4/2000,3/2005,,5/2007,452.71,,452.71,0.0,0.0,495.32,100.0,109.41,9.41,26.0,High,General Execution Delay,,Road Transport & Highways,Multi-State / Central,1.0,1.094,6.117,0,59.0,Land Acquisition & Right of Way,790,High,328
MAR-2007,2007,MAR,MonthlyFR_mar_2007.pdf,MOSPI_2007_AURANGABAD,AURANGABAD- BARACHATTI (GQ) KM.180- KM.240 (NH-2),GQ,4/2000,3/2005,,5/2007,320.42,,320.42,0.0,0.0,307.81,96.06,96.06,0.0,26.0,High,General Execution Delay,,Road Transport & Highways,Multi-State / Central,1.0,0.961,5.773,0,59.0,Land Acquisition & Right of Way,790,High,329
MAR-2007,2007,MAR,MonthlyFR_mar_2007.pdf,MOSPI_2007_BORKHEDIJA,"BORKHEDI-JAM, KM.36.6- KM.64.0, NH-7 (MAHARASHTRA)",MAHARASHTRA,12/2003,6/2005,,12/2007,110.0,,110.0,0.0,0.0,10.39,9.45,9.45,0.0,30.0,High,General Execution Delay,,Road Transport & Highways,Maharashtra,1.0,0.094,4.71,0,18.0,Land Acquisition & Right of Way,912,High,330
MAR-2007,2007,MAR,MonthlyFR_mar_2007.pdf,MOSPI_2007_GARAMOREBA,"GARAMORE-BAMANBORE, KM.254-KM.182.60, NH-8A (GUJARAT)",GUJARAT,12/2003,11/2007,,11/2007,360.7,,380.7,20.0,5.54,171.7,47.6,47.6,0.0,0.0,Low,On Schedule,,Road Transport & Highways,Gujarat,1.055,0.476,5.891,0,47.0,On Schedule,0,Low,331
MAR-2007,2007,MAR,MonthlyFR_mar_2007.pdf,MOSPI_2007_JETPURBHIL,"JETPUR-BHILADI, KM.117- KM.52.50, NH-8B (GUJARAT)",GUJARAT,12/2003,11/2007,,11/2007,399.89,,508.5,108.61,27.16,117.0,29.26,29.26,0.0,0.0,Medium,On Schedule,,Road Transport & Highways,Gujarat,1.272,0.293,5.994,0,47.0,On Schedule,0,Medium,332
MAR-2007,2007,MAR,MonthlyFR_mar_2007.pdf,MOSPI_2007_GARHMUKTES,"GARHMUKTESHWAR- MURADABAD, KM.93-149.25, NH-24 (U.P.)",U.P.,4/2000,9/2007,,9/2007,275.0,,275.0,0.0,0.0,137.4,49.96,49.96,0.0,0.0,Low,On Schedule,,Road Transport & Highways,Multi-State / Central,1.0,0.5,5.62,0,89.0,On Schedule,0,Low,333
MAR-2007,2007,MAR,MonthlyFR_mar_2007.pdf,MOSPI_2007_DEVDHARIWA,"DEVDHARI-WADNER, KM.94- KM.123, NH-7 (MAHARASHTRA)",MAHARASHTRA,12/2003,7/2005,,4/2008,145.0,,145.0,0.0,0.0,11.31,7.8,7.8,0.0,33.0,High,General Execution Delay,,Road Transport & Highways,Maharashtra,1.0,0.078,4.984,0,19.0,Land Acquisition & Right of Way,1003,High,334
MAR-2007,2007,MAR,MonthlyFR_mar_2007.pdf,MOSPI_2007_JHANSISHIV,"JHANSI-SHIVPURI, KM.91- KM.50, NH-25 (MADHYA PRADESH)",MADHYA PRADESH,12/2003,5/2008,,4/2008,220.31,,220.31,0.0,0.0,50.63,22.98,22.98,0.0,0.0,Low,On Schedule,,Road Transport & Highways,Madhya Pradesh,1.0,0.23,5.4,0,53.0,On Schedule,0,Low,335
MAR-2007,2007,MAR,MonthlyFR_mar_2007.pdf,MOSPI_2007_RJMPBORDER,"RJ/MP BORDER-KOTA, KM.449.15-KM.406 NH-76 (RAJASTHAN)",RAJASTHAN,12/2003,4/2008,,4/2008,297.72,,359.43,61.71,20.73,82.69,27.77,27.77,0.0,0.0,Medium,On Schedule,,Road Transport & Highways,Rajasthan,1.207,0.278,5.7,0,52.0,On Schedule,0,Medium,336
MAR-2007,2007,MAR,MonthlyFR_mar_2007.pdf,MOSPI_2007_FATEHPURKH,"FATEHPUR-KHAGA, KM.38- KM.115, NH-2 (U.P.)",U.P.,4/2000,7/2004,,3/2008,372.4,,372.4,0.0,0.0,281.47,75.58,75.58,0.0,44.0,High,General Execution Delay,,Road Transport & Highways,Multi-State / Central,1.0,0.756,5.923,0,51.0,Land Acquisition & Right of Way,1338,High,337
MAR-2007,2007,MAR,MonthlyFR_mar_2007.pdf,MOSPI_2007_TIRUNELVEI,"TIRUNELVEI-PANAGUDI, KM.160-KM.203, NH-7 (TAMIL NADU)",TAMIL NADU,12/2003,3/2008,,3/2008,423.54,,423.54,0.0,0.0,40.13,9.47,9.47,0.0,0.0,Low,On Schedule,,Road Transport & Highways,Tamil Nadu,1.0,0.095,6.051,0,51.0,On Schedule,0,Low,338
MAR-2007,2007,MAR,MonthlyFR_mar_2007.pdf,MOSPI_2007_MADURAITIR,"MADURAI-TIRUNELVELI, KM.0-KM.42, NH-7 (TAMIL NADU)",TAMIL NADU,12/2003,3/2008,,3/2008,567.38,,567.38,0.0,0.0,76.07,13.41,13.41,0.0,0.0,Low,On Schedule,,Road Transport & Highways,Tamil Nadu,1.0,0.134,6.343,0,51.0,On Schedule,0,Low,339
MAR-2007,2007,MAR,MonthlyFR_mar_2007.pdf,MOSPI_2007_MADURAIKAN,"MADURAI -KANYAKUMARI, KM.80-KM.120, NH-7 (TAMIL NADU)",TAMIL NADU,12/2003,3/2008,,3/2008,323.36,,323.36,0.0,0.0,32.57,10.07,10.07,0.0,0.0,Low,On Schedule,,Road Transport & Highways,Tamil Nadu,1.0,0.101,5.782,0,51.0,On Schedule,0,Low,340
MAR-2007,2007,MAR,MonthlyFR_mar_2007.pdf,MOSPI_2007_JHANSISIVP,"JHANSI-SIVPURI, KM.50- KM.15, NH-25 (M.P.)",M.P.,12/2003,2/2008,,2/2008,213.69,,213.69,0.0,0.0,60.6,28.36,28.36,0.0,0.0,Low,On Schedule,,Road Transport & Highways,Multi-State / Central,1.0,0.284,5.369,0,50.0,On Schedule,0,Low,341
MAR-2007,2007,MAR,MonthlyFR_mar_2007.pdf,MOSPI_2007_RINGBUNDSJ,"RINGBUNDS-JHANJHARPUR, KM.155-KM.110, NH-57 (BIHAR)",BIHAR,12/2003,6/2008,,6/2008,340.0,,340.0,0.0,0.0,19.43,5.71,5.71,0.0,0.0,Low,On Schedule,,Road Transport & Highways,Bihar,1.0,0.057,5.832,0,54.0,On Schedule,0,Low,342
MAR-2007,2007,MAR,MonthlyFR_mar_2007.pdf,MOSPI_2007_BIJNIASSAM,"BIJNI-ASSAM/WB BORDER, KM.30.0-KM.0.0, NH-31C (ASSAM)",ASSAM,12/2003,6/2005,,6/2008,230.0,,230.0,0.0,0.0,24.25,10.54,10.54,0.0,36.0,High,General Execution Delay,,Road Transport & Highways,Assam,1.0,0.105,5.442,0,18.0,Forest & Environmental Clearances,1094,High,343
MAR-2007,2007,MAR,MonthlyFR_mar_2007.pdf,MOSPI_2007_VIJAYAPURP,"VIJAYAPUR-PATHANKOT KM.16.35-KM.50.00, NH-1A (J&K)",J&K,12/2003,3/2008,,6/2008,193.09,,193.09,0.0,0.0,37.91,19.63,19.63,0.0,3.0,Low,General Execution Delay,,Road Transport & Highways,Jammu & Kashmir,1.0,0.196,5.268,0,51.0,On Schedule,91,Low,344
MAR-2007,2007,MAR,MonthlyFR_mar_2007.pdf,MOSPI_2007_JHANSIBYPA,"JHANSI BYPASS, KM.104- KM.91, NH-25 (UTTAR PRADESH)",UTTAR PRADESH,12/2003,8/2005,,5/2008,158.06,,158.06,0.0,0.0,32.48,20.55,20.55,0.0,33.0,High,General Execution Delay,,Road Transport & Highways,Uttar Pradesh,1.0,0.205,5.069,0,20.0,Land Acquisition & Right of Way,1003,High,345
MAR-2007,2007,MAR,MonthlyFR_mar_2007.pdf,MOSPI_2007_CHITTORGAR,"CHITTORGARH BYPASS, KM.253-KM.213, NH-76 (RAJASTHAN)",RAJASTHAN,12/2003,4/2008,,4/2008,384.25,,447.9,63.65,16.56,116.1,30.21,30.21,0.0,0.0,Medium,On Schedule,,Road Transport & Highways,Rajasthan,1.166,0.302,5.954,0,52.0,On Schedule,0,Medium,346
MAR-2007,2007,MAR,MonthlyFR_mar_2007.pdf,MOSPI_2007_GUWAHATINA,"GUWAHATI-NALBARI, KM.1093-KM.1065, NH-31 (ASSAM)",ASSAM,12/2003,4/2008,,4/2008,198.16,,198.16,0.0,0.0,14.08,7.11,7.11,0.0,0.0,Low,On Schedule,,Road Transport & Highways,Assam,1.0,0.071,5.294,0,52.0,On Schedule,0,Low,347
MAR-2007,2007,MAR,MonthlyFR_mar_2007.pdf,MOSPI_2007_JAMWADNERK,"JAM-WADNER, KM.64-KM.94, NH-7 (MAHARASHTRA)",MAHARASHTRA,12/2003,7/2005,,4/2008,145.0,,145.0,0.0,0.0,20.41,14.08,14.08,0.0,33.0,High,General Execution Delay,,Road Transport & Highways,Maharashtra,1.0,0.141,4.984,0,19.0,Land Acquisition & Right of Way,1003,High,348
OCT-2007,2007,OCT,FR_OCT_2007.pdf,MOSPI_2007_SHIKOHABAD,"SHIKOHABAD-ETAWAH, KM.250.5-KM.307.5, NH-2 (U.P.)",U.P.,4/2000,3/2005,,1/2008,261.22,,261.22,0.0,0.0,270.7,100.0,103.63,3.63,34.0,High,General Execution Delay,,Road Transport & Highways,Multi-State / Central,1.0,1.036,5.569,0,59.0,Land Acquisition & Right of Way,1034,High,349
OCT-2007,2007,OCT,FR_OCT_2007.pdf,MOSPI_2007_GAGODHARGA,"GAGODHAR-GARAMORE, KM.245-KM.281.3 & KM.308- KM.254, NH-8A",,12/2003,11/2007,,6/2008,412.78,,479.54,66.76,16.17,253.0,61.29,61.29,0.0,7.0,Medium,General Execution Delay,,Road Transport & Highways,Multi-State / Central,1.162,0.613,6.025,0,47.0,Administrative & Inter-Agency Coordination,213,Medium,350
OCT-2007,2007,OCT,FR_OCT_2007.pdf,MOSPI_2007_LUMDINGSIL,LUMDING-SILCHAR- MIGRENDISA-DITOKCHERRA,,4/1996,3/2009,,3/2010,648.0,,1676.31,1028.31,158.69,974.2,100.0,150.34,50.34,12.0,High,General Execution Delay,,Other Infrastructure,Assam,2.587,1.503,6.475,1,155.0,Fund Constraint & Financial Stress,365,High,351
OCT-2007,2007,OCT,FR_OCT_2007.pdf,MOSPI_2007_SUKINDAROA,SUKINDA ROAD-ANGUL (RVNL),RVNL,4/1998,2/2015,,1/2010,183.23,,638.0,454.77,248.2,0.11,0.06,0.06,0.0,0.0,High,On Schedule,,Road Transport & Highways,Multi-State / Central,3.482,0.001,5.216,0,202.0,On Schedule,0,High,352
OCT-2007,2007,OCT,FR_OCT_2007.pdf,MOSPI_2007_BAKARIAGOG,"BAKARIA-GOGUNDA, KM.73- KM.29, NH-76 (RAJASTHAN)",RAJASTHAN,12/2003,4/2008,,5/2008,457.0,,530.9,73.9,16.17,249.7,54.64,54.64,0.0,1.0,Medium,General Execution Delay,,Road Transport & Highways,Rajasthan,1.162,0.546,6.127,0,52.0,Administrative & Inter-Agency Coordination,30,Medium,353
OCT-2007,2007,OCT,FR_OCT_2007.pdf,MOSPI_2007_GORHARBARW,"GORHAR-BARWA ADDA, KM.320-KM.398.75, NH-2 (JHARKHAND)",JHARKHAND,4/2000,3/2005,,3/2008,399.75,,399.75,0.0,0.0,312.49,78.17,78.17,0.0,36.0,High,General Execution Delay,,Road Transport & Highways,Jharkhand,1.0,0.782,5.993,0,59.0,Forest & Environmental Clearances,1094,High,354
OCT-2007,2007,OCT,FR_OCT_2007.pdf,MOSPI_2007_KANPURFATE,"KANPUR-FATEHPUR, KM.470- KM.483, NH-2 (U.P.)",U.P.,4/2000,3/2005,,3/2008,495.35,,495.35,0.0,0.0,605.12,100.0,122.16,22.16,36.0,High,General Execution Delay,,Road Transport & Highways,Uttar Pradesh,1.0,1.222,6.207,1,59.0,Land Acquisition & Right of Way,1094,High,355
OCT-2007,2007,OCT,FR_OCT_2007.pdf,MOSPI_2007_RAJASTHANM,"RAJASTHAN/MP BORDER- KOTA, KM.579-KM.509, NH-76 (RAJASTHAN)",RAJASTHAN,12/2003,3/2008,,3/2008,311.35,,349.59,38.24,12.28,194.4,62.44,62.44,0.0,0.0,Low,On Schedule,,Road Transport & Highways,Rajasthan,1.123,0.624,5.744,0,51.0,On Schedule,0,Low,356
OCT-2007,2007,OCT,FR_OCT_2007.pdf,MOSPI_2007_DEESARADHA,"DEESA-RADHANPUR, KM.372.6-KM.458.0, NH-14 (GUJARAT)",GUJARAT,12/2003,2/2005,,3/2008,399.89,,479.74,79.85,19.97,319.1,79.8,79.8,0.0,37.0,High,General Execution Delay,,Road Transport & Highways,Gujarat,1.2,0.798,5.994,0,14.0,Land Acquisition & Right of Way,1125,High,357
OCT-2007,2007,OCT,FR_OCT_2007.pdf,MOSPI_2007_ETAWAHBYPA,"ETAWAH BYPASS, KM.307.5- KM.321.1, NH-2 (U.P.)",U.P.,4/2000,10/2003,,2/2008,89.5,,132.18,42.68,47.69,137.64,100.0,153.79,53.79,52.0,High,General Execution Delay,,Road Transport & Highways,Multi-State / Central,1.477,1.538,4.505,1,42.0,Land Acquisition & Right of Way,1581,High,358
OCT-2007,2007,OCT,FR_OCT_2007.pdf,MOSPI_2007_PARADIPPOR,"PARADIP PORT, KM.77, NH- 5A (ORISSA)",ORISSA,4/2000,2/2007,,1/2008,428.0,,428.0,0.0,0.0,319.7,74.7,74.7,0.0,11.0,Medium,General Execution Delay,,Ports & Shipping,Odisha,1.0,0.747,6.061,0,82.0,Administrative & Inter-Agency Coordination,334,Medium,359
OCT-2007,2007,OCT,FR_OCT_2007.pdf,MOSPI_2007_JALANDHARP,JALANDHAR-PATHANKOT- JAMMU TAWI,,3/2002,6/2007,,3/2008,409.0,,630.0,221.0,54.03,525.28,100.0,128.43,28.43,9.0,High,General Execution Delay,,Other Infrastructure,Punjab,1.54,1.284,6.016,1,63.0,Fund Constraint & Financial Stress,274,High,360
OCT-2007,2007,OCT,FR_OCT_2007.pdf,MOSPI_2007_KUMARGHATA,KUMARGHAT-AGARTALA,,4/1996,3/2007,,3/2008,575.0,,750.0,175.0,30.43,725.91,100.0,126.25,26.25,12.0,Medium,General Execution Delay,,Other Infrastructure,Multi-State / Central,1.304,1.262,6.356,1,131.0,Fund Constraint & Financial Stress,365,Medium,361
OCT-2007,2007,OCT,FR_OCT_2007.pdf,MOSPI_2007_SASARAMDEH,"SASARAM-DEHRI-ON-SONE, KM.110-KM.140, NH-2 (BIHAR)",BIHAR,4/2000,3/2005,,12/2007,221.87,,221.87,0.0,0.0,219.59,98.97,98.97,0.0,33.0,High,General Execution Delay,,Road Transport & Highways,Bihar,1.0,0.99,5.407,0,59.0,Land Acquisition & Right of Way,1003,High,362
OCT-2007,2007,OCT,FR_OCT_2007.pdf,MOSPI_2007_HANDIAVARA,"HANDIA-VARANASI, KM.245- KM.317, NH-2 (U.P.)",U.P.,4/2000,7/2004,,12/2007,286.0,,286.0,0.0,0.0,307.14,100.0,107.39,7.39,41.0,High,General Execution Delay,,Road Transport & Highways,Uttar Pradesh,1.0,1.074,5.659,0,51.0,Land Acquisition & Right of Way,1246,High,363
OCT-2007,2007,OCT,FR_OCT_2007.pdf,MOSPI_2007_BHUBANESWA,"BHUBANESWAR-KHURDA, KM.388-KM.418, NH-5 (ORISSA)",ORISSA,4/2000,1/2004,,12/2007,140.85,,140.85,0.0,0.0,135.07,95.9,95.9,0.0,47.0,High,General Execution Delay,,Road Transport & Highways,Odisha,1.0,0.959,4.955,0,45.0,Forest & Environmental Clearances,1429,High,364
OCT-2007,2007,OCT,FR_OCT_2007.pdf,MOSPI_2007_ETAWAHRAJP,"ETAWAH-RAJPUR, KM.321.1- KM.393, NH-2 (U.P.)",U.P.,4/2000,3/2005,,12/2007,348.44,,348.44,0.0,0.0,377.73,100.0,108.41,8.41,33.0,High,General Execution Delay,,Road Transport & Highways,Multi-State / Central,1.0,1.084,5.856,0,59.0,Land Acquisition & Right of Way,1003,High,365
OCT-2007,2007,OCT,FR_OCT_2007.pdf,MOSPI_2007_RADHANPURG,"RADHANPUR-GAGODHAR-V, KM.138.8-KM.245.0, NH-15 (GUJARAT)",GUJARAT,12/2003,2/2005,,11/2007,429.4,,410.24,-19.16,-4.46,303.7,70.73,70.73,0.0,33.0,High,General Execution Delay,,Road Transport & Highways,Gujarat,0.955,0.707,6.065,0,14.0,Land Acquisition & Right of Way,1003,High,366
OCT-2007,2007,OCT,FR_OCT_2007.pdf,MOSPI_2007_UDHAMPURSR,UDHAMPUR-SRINAGAR- BARAMULLA,,3/1995,3/2001,,12/2011,2500.0,,11270.0,8770.0,350.8,4026.52,100.0,161.06,61.06,129.0,High,General Execution Delay,,Other Infrastructure,Jammu & Kashmir,4.508,1.611,7.824,1,72.0,Fund Constraint & Financial Stress,3922,High,367
OCT-2007,2007,OCT,FR_OCT_2007.pdf,MOSPI_2007_SYSTRINSOU,SY. STR. IN SOUTH-WESTERN PART OF NORTHERN GRID (PART-B),,10/2006,10/2009,,10/2009,150.26,,150.26,0.0,0.0,37.66,25.06,25.06,0.0,0.0,Low,On Schedule,,Power & Renewable Energy,Multi-State / Central,1.0,0.251,5.019,0,36.0,On Schedule,0,Low,368
OCT-2007,2007,OCT,FR_OCT_2007.pdf,MOSPI_2007_REINGUNTAG,REINGUNTA-GUNTAKAL (RVNL),RVNL,6/2000,4/2003,,3/2009,168.34,,296.2,127.86,75.95,54.0,32.08,32.08,0.0,71.0,High,General Execution Delay,,Railways,Multi-State / Central,1.76,0.321,5.132,0,34.0,Land Acquisition & Right of Way,2158,High,369
OCT-2007,2007,OCT,FR_OCT_2007.pdf,MOSPI_2007_NANDYALYER,NANDYAL-YERRAGUNTLA,,3/1997,2/2009,,10/2008,155.74,,224.01,68.27,43.84,51.16,32.85,32.85,0.0,0.0,High,On Schedule,,Other Infrastructure,Multi-State / Central,1.438,0.328,5.055,0,143.0,On Schedule,0,High,370
OCT-2007,2007,OCT,FR_OCT_2007.pdf,MOSPI_2007_AJMERPHULE,AJMER-PHULERA-RINGUS- REWARI,,4/2005,3/2008,,8/2008,352.0,,716.64,364.64,103.59,341.17,96.92,96.92,0.0,5.0,High,General Execution Delay,,Other Infrastructure,Multi-State / Central,2.036,0.969,5.866,0,35.0,Administrative & Inter-Agency Coordination,152,High,371
OCT-2007,2007,OCT,FR_OCT_2007.pdf,MOSPI_2007_MACHERLANA,MACHERLA-NALGONDA,,7/1998,7/2008,,7/2008,125.0,,250.38,125.38,100.3,0.27,0.22,0.22,0.0,0.0,High,On Schedule,,Other Infrastructure,Multi-State / Central,2.003,0.002,4.836,0,120.0,On Schedule,0,High,372
OCT-2007,2007,OCT,FR_OCT_2007.pdf,MOSPI_2007_BELAPURSEA,BELAPUR-SEAWOOD-URAN ELECTRIFIED DOUBLE LINE,,3/1996,3/2004,,3/2008,401.81,,495.44,93.63,23.3,98.33,24.47,24.47,0.0,48.0,High,General Execution Delay,,Other Infrastructure,Multi-State / Central,1.233,0.245,5.998,0,96.0,Contractor / Vendor Non-Performance,1459,High,373
OCT-2007,2007,OCT,FR_OCT_2007.pdf,MOSPI_2007_THANETURBH,THANE-TURBHE-NERUL- VASHI,,5/1992,3/2000,,12/2007,403.39,,403.39,0.0,0.0,384.02,95.2,95.2,0.0,93.0,High,General Execution Delay,,Other Infrastructure,Maharashtra,1.0,0.952,6.002,0,94.0,Administrative & Inter-Agency Coordination,2827,High,374
OCT-2007,2007,OCT,FR_OCT_2007.pdf,MOSPI_2007_ARASASARAM,ARA-SASARAM,,7/1997,3/2006,,12/2007,120.0,,189.14,69.14,57.62,213.49,100.0,177.91,77.91,21.0,High,General Execution Delay,,Other Infrastructure,Multi-State / Central,1.576,1.779,4.796,1,104.0,Fund Constraint & Financial Stress,638,High,375
OCT-2007,2007,OCT,FR_OCT_2007.pdf,MOSPI_2007_DELHIREWAR,DELHI-REWARI (GC) (NWR)(RVNL),GC,4/1995,3/2007,,9/2007,42.27,,212.3,170.03,402.25,150.41,100.0,355.83,255.83,6.0,High,General Execution Delay,,Railways,Delhi & NCR,5.022,3.558,3.767,1,143.0,Fund Constraint & Financial Stress,182,High,376
OCT-2007,2007,OCT,FR_OCT_2007.pdf,MOSPI_2007_NORTHEASTI,NORTH-EAST INDIRA GANDHI REGIONAL INSTITUTE OF H & MS,,5/1986,3/1999,,11/2007,71.18,,443.15,371.97,522.58,333.22,100.0,468.14,368.14,104.0,High,General Execution Delay,,Other Infrastructure,Multi-State / Central,6.226,4.681,4.279,1,154.0,Fund Constraint & Financial Stress,3162,High,377
OCT-2007,2007,OCT,FR_OCT_2007.pdf,MOSPI_2007_VINDHYACHA,VINDHYACHAL STAGE -III TRANSMISSION SYSTEM (P.GR.),P.GR.,7/2004,7/2007,,11/2007,596.47,,692.41,95.94,16.08,577.31,96.79,96.79,0.0,4.0,Medium,General Execution Delay,,Power & Renewable Energy,Multi-State / Central,1.161,0.968,6.393,0,36.0,Administrative & Inter-Agency Coordination,122,Medium,378
OCT-2007,2007,OCT,FR_OCT_2007.pdf,MOSPI_2007_INTEGRATED,INTEGRATED DEVELOPMENT OF G1 & GS- 15 FIELDS,,4/2003,3/2005,,4/2008,429.82,,1262.93,833.11,193.83,854.5,100.0,198.8,98.8,37.0,High,General Execution Delay,,Other Infrastructure,Multi-State / Central,2.938,1.988,6.066,1,23.0,Fund Constraint & Financial Stress,1125,High,379
OCT-2007,2007,OCT,FR_OCT_2007.pdf,MOSPI_2007_EXPANSIONO,EXPANSION OF RINL/VSP FROM 3 MTPY-6.3 MTPY OF LIQUID STEEL,,10/2005,10/2009,,2/2010,8692.0,,8692.0,0.0,0.0,508.0,5.84,5.84,0.0,4.0,Low,General Execution Delay,,Other Infrastructure,Multi-State / Central,1.0,0.058,9.07,0,48.0,On Schedule,122,Low,380
OCT-2007,2007,OCT,FR_OCT_2007.pdf,MOSPI_2007_BHUBANESHW,BHUBANESHWARI OCP (MAHANADI COALFIELDS LTD.) (10 MTY),MAHANADI COALFIELDS LTD.,1/2005,3/2012,,3/2012,336.68,,336.68,0.0,0.0,17.62,5.23,5.23,0.0,0.0,Low,On Schedule,,Coal & Mines,Multi-State / Central,1.0,0.052,5.822,0,86.0,On Schedule,0,Low,381
OCT-2007,2007,OCT,FR_OCT_2007.pdf,MOSPI_2007_BASUNDHRAW,BASUNDHRA(WEST)O.C.P (MCL) (2.40 MTY),WEST,10/2003,3/2008,,3/2008,176.55,,176.55,0.0,0.0,71.99,40.78,40.78,0.0,0.0,Low,On Schedule,,Other Infrastructure,Multi-State / Central,1.0,0.408,5.179,0,53.0,On Schedule,0,Low,382
OCT-2007,2007,OCT,FR_OCT_2007.pdf,MOSPI_2007_POOTKIBALI,POOTKI BALIHARI UG,,12/1983,3/1994,,9/2007,199.87,,182.6,-17.27,-8.64,172.02,86.07,86.07,0.0,162.0,High,General Execution Delay,,Other Infrastructure,Multi-State / Central,0.914,0.861,5.303,0,123.0,Administrative & Inter-Agency Coordination,4925,High,383
MAR-2007,2007,MAR,MonthlyFR_mar_2007.pdf,MOSPI_2007_NALBARIBIJ,"NALBARI-BIJNI, KM.1040.3- KM.1013, NH-31 (ASSAM)",ASSAM,12/2003,4/2008,,4/2008,208.0,,208.0,0.0,0.0,9.79,4.71,4.71,0.0,0.0,Low,On Schedule,,Road Transport & Highways,Assam,1.0,0.047,5.342,0,52.0,On Schedule,0,Low,384
MAR-2007,2007,MAR,MonthlyFR_mar_2007.pdf,MOSPI_2007_SAGARRAJMA,"SAGAR-RAJMARG CHORAHA, KM.211-KM.255, NH-26 (M.P.)",M.P.,12/2003,10/2008,,10/2008,203.43,,203.43,0.0,0.0,29.7,14.6,14.6,0.0,0.0,Low,On Schedule,,Road Transport & Highways,Multi-State / Central,1.0,0.146,5.32,0,58.0,On Schedule,0,Low,385
MAR-2007,2007,MAR,MonthlyFR_mar_2007.pdf,MOSPI_2007_GORAKHPURA,"GORAKHPUR-AYODHYA, KM.208-KM.164, NH-28 (UTTAR PRADESH)",UTTAR PRADESH,12/2003,10/2008,,10/2008,227.0,,227.0,0.0,0.0,59.8,26.34,26.34,0.0,0.0,Low,On Schedule,,Road Transport & Highways,Uttar Pradesh,1.0,0.263,5.429,0,58.0,On Schedule,0,Low,386
MAR-2007,2007,MAR,MonthlyFR_mar_2007.pdf,MOSPI_2007_MUZZAFFARP,"MUZZAFFARPUR-MEHSI, KM.520-KM.480, NH-28 (BIHAR)",BIHAR,12/2003,7/2005,,9/2008,275.0,,275.0,0.0,0.0,48.9,17.78,17.78,0.0,38.0,High,General Execution Delay,,Road Transport & Highways,Bihar,1.0,0.178,5.62,0,19.0,Land Acquisition & Right of Way,1155,High,387
MAR-2007,2007,MAR,MonthlyFR_mar_2007.pdf,MOSPI_2007_MEHSIKOTWA,"MEHSI-KOTWA, KM.480- KM.440, NH-28 (BIHAR)",BIHAR,12/2003,7/2005,,9/2008,239.0,,239.0,0.0,0.0,53.88,22.54,22.54,0.0,38.0,High,General Execution Delay,,Road Transport & Highways,Bihar,1.0,0.225,5.481,0,19.0,Land Acquisition & Right of Way,1155,High,388
MAR-2007,2007,MAR,MonthlyFR_mar_2007.pdf,MOSPI_2007_JHAJHARPUR,"JHAJHARPUR-DARBANGA, KM.110-KM.70, NH-57 (BIHAR)",BIHAR,12/2003,9/2008,,9/2008,340.0,,340.0,0.0,0.0,0.26,0.08,0.08,0.0,0.0,Low,On Schedule,,Road Transport & Highways,Bihar,1.0,0.001,5.832,0,57.0,On Schedule,0,Low,389
MAR-2007,2007,MAR,MonthlyFR_mar_2007.pdf,MOSPI_2007_SILIGURIIS,"SILIGURI-ISLAMPUR, KM.526-KM.500, NH-31(WEST BENGAL)",WEST BENGAL,12/2003,7/2008,,7/2008,225.0,,225.0,0.0,0.0,21.82,9.7,9.7,0.0,0.0,Low,On Schedule,,Road Transport & Highways,West Bengal,1.0,0.097,5.421,0,55.0,On Schedule,0,Low,390
MAR-2007,2007,MAR,MonthlyFR_mar_2007.pdf,MOSPI_2007_NAGAONBYPA,"NAGAON BYPASS, KM.5.5- KM.262.7, NH-36 (ASSAM)",ASSAM,12/2003,6/2008,,6/2008,230.0,,230.0,0.0,0.0,58.29,25.34,25.34,0.0,0.0,Low,On Schedule,,Road Transport & Highways,Assam,1.0,0.253,5.442,0,54.0,On Schedule,0,Low,391
MAR-2007,2007,MAR,MonthlyFR_mar_2007.pdf,MOSPI_2007_DAKOBANAGA,"DAKOBA-NAGAON, KM.36- KM.5.5, NH-36 (ASSAM)",ASSAM,12/2003,6/2008,,6/2008,225.0,,225.0,0.0,0.0,21.47,9.54,9.54,0.0,0.0,Low,On Schedule,,Road Transport & Highways,Assam,1.0,0.095,5.421,0,54.0,On Schedule,0,Low,392
MAR-2007,2007,MAR,MonthlyFR_mar_2007.pdf,MOSPI_2007_DHARMATULS,"DHARMATUL-SONAPUR, KM.230.50-KM.230.00, NH-31 (ASSAM)",ASSAM,12/2003,6/2008,,6/2008,200.0,,200.0,0.0,0.0,31.88,15.94,15.94,0.0,0.0,Low,On Schedule,,Road Transport & Highways,Assam,1.0,0.159,5.303,0,54.0,On Schedule,0,Low,393
MAR-2007,2007,MAR,MonthlyFR_mar_2007.pdf,MOSPI_2007_LANKADABOK,"LANKA-DABOKA, KM.22- KM.24, NH-54 (ASSAM)",ASSAM,12/2003,6/2008,,6/2008,225.0,,225.0,0.0,0.0,20.24,9.0,9.0,0.0,0.0,Low,On Schedule,,Road Transport & Highways,Assam,1.0,0.09,5.421,0,54.0,On Schedule,0,Low,394
MAR-2007,2007,MAR,MonthlyFR_mar_2007.pdf,MOSPI_2007_SONAPURGUW,"SONAPUR-GUWAHATI, KM.183-KM.163.895, NH-37 (ASSAM)",ASSAM,12/2003,3/2008,,6/2008,245.0,,245.0,0.0,0.0,65.01,26.53,26.53,0.0,3.0,Low,General Execution Delay,,Road Transport & Highways,Assam,1.0,0.265,5.505,0,51.0,On Schedule,91,Low,395
MAR-2007,2007,MAR,MonthlyFR_mar_2007.pdf,MOSPI_2007_KASIAGORAK,"KASIA-GORAKHPUR, KM.319.8-KM.279.8, NH-28 (UTTAR PRADESH)",UTTAR PRADESH,12/2003,12/2008,,12/2008,242.0,,242.0,0.0,0.0,67.69,27.97,27.97,0.0,0.0,Low,On Schedule,,Road Transport & Highways,Uttar Pradesh,1.0,0.28,5.493,0,60.0,On Schedule,0,Low,396
MAR-2007,2007,MAR,MonthlyFR_mar_2007.pdf,MOSPI_2007_NAGPURKOND,"NAGPUR-KONDHALI, KM.9.2- KM.50, NH-6 (MAHARASHTRA)",MAHARASHTRA,3/2005,12/2008,,12/2008,168.0,,168.0,0.0,0.0,3.0,1.79,1.79,0.0,0.0,Low,On Schedule,,Road Transport & Highways,Maharashtra,1.0,0.018,5.13,0,45.0,On Schedule,0,Low,397
MAR-2007,2007,MAR,MonthlyFR_mar_2007.pdf,MOSPI_2007_UPBIHARBOR,"UP/BIHAR BORDER-KASIA, KM.360.915-KM.319.8, NH-28, (U.P.)",U.P.,12/2003,12/2008,,12/2008,227.0,,227.0,0.0,0.0,50.22,22.12,22.12,0.0,0.0,Low,On Schedule,,Road Transport & Highways,Uttar Pradesh,1.0,0.221,5.429,0,60.0,On Schedule,0,Low,398
MAR-2007,2007,MAR,MonthlyFR_mar_2007.pdf,MOSPI_2007_PROJECT3OF,"PROJECT-3 OF NIB-II, IMPLEMENTATION AND EXECUTION OF MESS.",,11/2003,12/2005,,6/2007,250.0,,250.0,0.0,0.0,30.0,12.0,12.0,0.0,18.0,Medium,General Execution Delay,,Other Infrastructure,Multi-State / Central,1.0,0.12,5.525,0,25.0,Contractor / Vendor Non-Performance,547,Medium,399
MAR-2007,2007,MAR,MonthlyFR_mar_2007.pdf,MOSPI_2007_ACQUISIONO,ACQUISION OF 2-300000 DWT VERY LARGE CRUDE CARRIERS (VLCC),VLCC,10/2005,9/2009,,9/2009,1136.08,,1136.08,0.0,0.0,353.49,31.11,31.11,0.0,0.0,Low,On Schedule,,Petroleum & Natural Gas,Multi-State / Central,1.0,0.311,7.036,0,47.0,On Schedule,0,Low,400
MAR-2007,2007,MAR,MonthlyFR_mar_2007.pdf,MOSPI_2007_CHAMBALBRI,"CHAMBAL BRIDGE, NH-76 (RAJASTHAN)",RAJASTHAN,12/2003,2/2010,,2/2010,275.0,,281.31,6.31,2.29,4.53,1.65,1.65,0.0,0.0,Low,On Schedule,,Road Transport & Highways,Rajasthan,1.023,0.016,5.62,0,74.0,On Schedule,0,Low,401
MAR-2007,2007,MAR,MonthlyFR_mar_2007.pdf,MOSPI_2007_MADURAITUT,"MADURAI-TUTICORIN, KM.138.8 TO KM.264.5, NH- 45B (T.N.)",T.N.,3/2005,11/2010,,1/2010,629.0,,629.0,0.0,0.0,8.0,1.27,1.27,0.0,0.0,Low,On Schedule,,Other Infrastructure,Tamil Nadu,1.0,0.013,6.446,0,68.0,On Schedule,0,Low,402
MAR-2007,2007,MAR,MonthlyFR_mar_2007.pdf,MOSPI_2007_KADLOORYEL,"KADLOOR YELLAREDDY- POCHAMPALLI, KM.367- KM.447, NH-7 (A.P.)",A.P.,12/2003,4/2009,,3/2009,546.15,,490.0,-56.15,-10.28,90.8,16.63,16.63,0.0,0.0,Low,On Schedule,,Road Transport & Highways,Multi-State / Central,0.897,0.166,6.305,0,64.0,On Schedule,0,Low,403
MAR-2007,2007,MAR,MonthlyFR_mar_2007.pdf,MOSPI_2007_MEERUTMUZA,"MEERUT-MUZAFFARNAGAR, KM.52.25-KM.131.00, NH-58 (U.P.)",U.P.,3/2005,3/2009,,3/2009,359.0,,359.0,0.0,0.0,12.0,3.34,3.34,0.0,0.0,Low,On Schedule,,Road Transport & Highways,Multi-State / Central,1.0,0.033,5.886,0,48.0,On Schedule,0,Low,404
MAR-2007,2007,MAR,MonthlyFR_mar_2007.pdf,MOSPI_2007_PALANPURSW,"PALANPUR-SWAROOPGANJ, KM.264-KM.340, NH-14 (RAJASTHAN)",RAJASTHAN,12/2003,3/2009,,3/2009,498.0,,498.0,0.0,0.0,42.95,8.62,8.62,0.0,0.0,Low,On Schedule,,Road Transport & Highways,Rajasthan,1.0,0.086,6.213,0,63.0,On Schedule,0,Low,405
MAR-2007,2007,MAR,MonthlyFR_mar_2007.pdf,MOSPI_2007_PANIPATELE,"PANIPAT ELEVATED HIGHWAY, KM.96-KM.86 (HARYANA)",HARYANA,12/2003,1/2009,,1/2009,270.0,,270.0,0.0,0.0,34.59,12.81,12.81,0.0,0.0,Low,On Schedule,,Road Transport & Highways,Haryana,1.0,0.128,5.602,0,61.0,On Schedule,0,Low,406
MAR-2007,2007,MAR,MonthlyFR_mar_2007.pdf,MOSPI_2007_BHARATPURM,"BHARATPUR MAHUA, KM.63- KM.120, NH-11 (RAJASTHAN)",RAJASTHAN,3/2005,1/2009,,1/2009,250.0,,250.0,0.0,0.0,152.8,61.12,61.12,0.0,0.0,Low,On Schedule,,Road Transport & Highways,Rajasthan,1.0,0.611,5.525,0,46.0,On Schedule,0,Low,407
MAR-2007,2007,MAR,MonthlyFR_mar_2007.pdf,MOSPI_2007_AURANGRAIP,"AURANG-RAIPUR, KM.232- KM.281, NH-6 (CHHATTISGARH)",CHHATTISGARH,3/2005,1/2009,,1/2009,190.0,,190.0,0.0,0.0,10.0,5.26,5.26,0.0,0.0,Low,On Schedule,,Road Transport & Highways,Chhattisgarh,1.0,0.053,5.252,0,46.0,On Schedule,0,Low,408
SEP-2007,2007,SEP,MonthlyFR_sep_2007.pdf,MOSPI_2007_DEVELOPMEN,"DEVELOPMENT OF SB-11, BASSEIN FIELD",,3/2005,5/2007,,11/2007,245.33,,140.04,-105.29,-42.92,132.47,54.0,54.0,0.0,6.0,Low,General Execution Delay,,Other Infrastructure,Multi-State / Central,0.571,0.54,5.507,0,26.0,On Schedule,182,Low,409
MAR-2007,2007,MAR,MonthlyFR_mar_2007.pdf,MOSPI_2007_SALEMKARUR,"SALEM-KARUR, KM.258.645- KM.292.60, NH-7 (TAMIL NADU)",TAMIL NADU,12/2003,8/2008,,12/2008,205.6,,205.6,0.0,0.0,59.48,28.93,28.93,0.0,4.0,Low,General Execution Delay,,Road Transport & Highways,Tamil Nadu,1.0,0.289,5.331,0,56.0,On Schedule,122,Low,410
MAR-2007,2007,MAR,MonthlyFR_mar_2007.pdf,MOSPI_2007_KARNATAKAC,"KARNATAKA CMTS, PHASE- IV",,1/2004,6/2005,,6/2007,373.46,,260.0,-113.46,-30.38,139.03,37.23,37.23,0.0,24.0,Medium,General Execution Delay,,Other Infrastructure,Karnataka,0.696,0.372,5.925,0,17.0,Contractor / Vendor Non-Performance,730,Medium,411
MAR-2007,2007,MAR,MonthlyFR_mar_2007.pdf,MOSPI_2007_JHARKHANDC,"JHARKHAND CMTS, PHASE- IV",,9/2004,11/2005,,6/2007,134.85,,134.85,0.0,0.0,46.73,34.65,34.65,0.0,19.0,Medium,General Execution Delay,,Other Infrastructure,Jharkhand,1.0,0.347,4.912,0,14.0,Contractor / Vendor Non-Performance,578,Medium,412
MAR-2007,2007,MAR,MonthlyFR_mar_2007.pdf,MOSPI_2007_GSMBASEDNE,GSM BASED NETWORK EXPANSION PH.-IV TN,,2/2005,6/2006,,6/2007,650.42,,650.42,0.0,0.0,298.03,45.82,45.82,0.0,12.0,Medium,General Execution Delay,,Other Infrastructure,Multi-State / Central,1.0,0.458,6.479,0,16.0,Administrative & Inter-Agency Coordination,365,Medium,413
MAR-2007,2007,MAR,MonthlyFR_mar_2007.pdf,MOSPI_2007_SALEMKERAL,"SALEM-KERALA BORDER, KM.53-KM.100, NH-97 (TAMIL NADU)",TAMIL NADU,12/2003,12/2008,,12/2008,379.8,,379.8,0.0,0.0,27.0,7.11,7.11,0.0,0.0,Low,On Schedule,,Road Transport & Highways,Tamil Nadu,1.0,0.071,5.942,0,60.0,On Schedule,0,Low,414
MAR-2007,2007,MAR,MonthlyFR_mar_2007.pdf,MOSPI_2007_GANJAMICCH,"GANJAM-ICCHAPURAM, KM.233-KM.284, NH-5 (ORISSA)",ORISSA,4/2000,2/2004,,11/2008,263.27,,263.27,0.0,0.0,124.89,47.44,47.44,0.0,57.0,High,General Execution Delay,,Road Transport & Highways,Odisha,1.0,0.474,5.577,0,46.0,Forest & Environmental Clearances,1733,High,415
MAR-2007,2007,MAR,MonthlyFR_mar_2007.pdf,MOSPI_2007_KELAPURPIM,"KELAPUR-PIMPALKATTI, KM.153-KM.175, NH-7 (MAHARASHTRA)",MAHARASHTRA,12/2003,11/2008,,11/2008,117.4,,117.4,0.0,0.0,9.78,8.33,8.33,0.0,0.0,Low,On Schedule,,Road Transport & Highways,Maharashtra,1.0,0.083,4.774,0,59.0,On Schedule,0,Low,416
MAR-2007,2007,MAR,MonthlyFR_mar_2007.pdf,MOSPI_2007_DEEWAPURUP,"DEEWAPUR-UP/BIHAR BORDER, KM.402-KM.360.915, NH-28 (BIHAR)",BIHAR,12/2003,10/2008,,11/2008,300.0,,300.0,0.0,0.0,57.95,19.32,19.32,0.0,1.0,Low,General Execution Delay,,Road Transport & Highways,Uttar Pradesh,1.0,0.193,5.707,0,58.0,On Schedule,30,Low,417
MAR-2007,2007,MAR,MonthlyFR_mar_2007.pdf,MOSPI_2007_KOTWADEWAP,"KOTWA-DEWAPUR, KM.440- KM.402, NH-28 (BIHAR)",BIHAR,12/2003,10/2008,,11/2008,240.0,,240.0,0.0,0.0,42.79,17.83,17.83,0.0,1.0,Low,General Execution Delay,,Road Transport & Highways,Bihar,1.0,0.178,5.485,0,58.0,On Schedule,30,Low,418
MAR-2007,2007,MAR,MonthlyFR_mar_2007.pdf,MOSPI_2007_SAGARBYPAS,"SAGAR BY PASS, KM.187- KM.211, NH-26 (M.P.)",M.P.,12/2003,10/2008,,10/2008,151.3,,151.3,0.0,0.0,26.86,17.75,17.75,0.0,0.0,Low,On Schedule,,Road Transport & Highways,Multi-State / Central,1.0,0.178,5.026,0,58.0,On Schedule,0,Low,419
SEP-2007,2007,SEP,MonthlyFR_sep_2007.pdf,MOSPI_2007_CRUDEOILRE,CRUDE OIL RECEIPT FACLITIES (KOCHI REFINERIES LTD) (BPCL),KOCHI REFINERIES LTD,3/2004,5/2007,,12/2007,622.82,,821.0,198.18,31.82,540.62,86.8,86.8,0.0,7.0,Medium,General Execution Delay,,Petroleum & Natural Gas,Kerala,1.318,0.868,6.436,0,38.0,Administrative & Inter-Agency Coordination,213,Medium,420
MAR-2007,2007,MAR,MonthlyFR_mar_2007.pdf,MOSPI_2007_RAJMARGCHO,"RAJMARG CHORAHA- LAKHNANDON, KM.351- KM.405.7, NH-26",,12/2003,10/2008,,10/2008,229.91,,229.91,0.0,0.0,10.21,4.44,4.44,0.0,0.0,Low,On Schedule,,Road Transport & Highways,Multi-State / Central,1.0,0.044,5.442,0,58.0,On Schedule,0,Low,421
MAR-2007,2007,MAR,MonthlyFR_mar_2007.pdf,MOSPI_2007_GONDEVADAP,"GONDE-VADAPE (THANE), KM.440-KM.539.50, NH-3 (MAHARASHTRA)",THANE,3/2005,4/2009,,4/2009,579.0,,579.0,0.0,0.0,150.0,25.91,25.91,0.0,0.0,Low,On Schedule,,Road Transport & Highways,Maharashtra,1.0,0.259,6.363,0,49.0,On Schedule,0,Low,422
MAR-2007,2007,MAR,MonthlyFR_mar_2007.pdf,MOSPI_2007_HYDERABADB,"HYDERABAD-BANGALORE, KM.135.47-KM.211, NH-7 (A.P.)",A.P.,12/2003,3/2009,,3/2009,611.44,,592.0,-19.44,-3.18,187.2,30.62,30.62,0.0,0.0,Low,On Schedule,,Road Transport & Highways,Karnataka,0.968,0.306,6.417,0,63.0,On Schedule,0,Low,423
MAR-2007,2007,MAR,MonthlyFR_mar_2007.pdf,MOSPI_2007_MAHUAJAIPU,"MAHUA-JAIPUR, KM.120- KM.228, NH-11 (RAJASTHAN)",RAJASTHAN,3/2005,3/2009,,3/2009,483.0,,483.0,0.0,0.0,255.7,52.94,52.94,0.0,0.0,Low,On Schedule,,Road Transport & Highways,Rajasthan,1.0,0.529,6.182,0,48.0,On Schedule,0,Low,424
SEP-2007,2007,SEP,MonthlyFR_sep_2007.pdf,MOSPI_2007_IORLAKWALA,IOR LAKWA-LAKHMANI,,9/2001,3/2007,,3/2010,345.1,,429.38,84.28,24.42,323.5,93.74,93.74,0.0,36.0,High,General Execution Delay,,Other Infrastructure,Multi-State / Central,1.244,0.937,5.847,0,66.0,Administrative & Inter-Agency Coordination,1094,High,425
JAN-2008,2008,JAN,MonthlyFR_jan_2008.pdf,MOSPI_2008_DEVELOPMEN,"DEVELOPMENT OF SB- 11, BASSEIN FIELD",,3/2005,5/2007,,1/2008,245.33,,140.04,-105.29,-42.92,132.47,54.0,54.0,0.0,8.0,Medium,General Execution Delay,,Other Infrastructure,Multi-State / Central,0.571,0.54,5.507,0,26.0,Administrative & Inter-Agency Coordination,243,Medium,426
FEB-2008,2008,FEB,MonthlyFR_feb_2008.pdf,MOSPI_2008_ACQUISITIO,ACQUISITION OF 700 PASSENGER CUM 160 MT CARGO VESSEL,,6/2000,2/2004,,6/2008,129.62,,139.5,9.88,7.62,129.62,100.0,100.0,0.0,52.0,High,General Execution Delay,,Other Infrastructure,Multi-State / Central,1.076,1.0,4.872,0,44.0,Administrative & Inter-Agency Coordination,1581,High,427
FEB-2008,2008,FEB,MonthlyFR_feb_2008.pdf,MOSPI_2008_SETHUSAMUD,SETHUSAMUDRAM SHIP CHANNEL PROJECT,,6/2005,10/2008,,10/2008,2427.4,,2427.4,0.0,0.0,412.48,16.99,16.99,0.0,0.0,Low,On Schedule,,Other Infrastructure,Multi-State / Central,1.0,0.17,7.795,0,40.0,On Schedule,0,Low,428
FEB-2008,2008,FEB,MonthlyFR_feb_2008.pdf,MOSPI_2008_HUBLIHAVER,"HUBLI-HAVERI KM.404- KM.340, NH-4 (KARNATAKA)",KARNATAKA,4/2000,12/2003,,3/2008,260.93,,260.93,0.0,0.0,283.64,100.0,108.7,8.7,51.0,High,General Execution Delay,,Road Transport & Highways,Karnataka,1.0,1.087,5.568,0,44.0,Land Acquisition & Right of Way,1550,High,429
FEB-2008,2008,FEB,MonthlyFR_feb_2008.pdf,MOSPI_2008_PANIPATELE,"PANIPAT ELEVATED HIGHWAY, KM.96- KM.86 (HARYANA)",HARYANA,12/2003,1/2009,,6/2008,270.0,,270.0,0.0,0.0,295.3,100.0,109.37,9.37,0.0,Low,On Schedule,,Road Transport & Highways,Haryana,1.0,1.094,5.602,0,61.0,On Schedule,0,Low,430
FEB-2008,2008,FEB,MonthlyFR_feb_2008.pdf,MOSPI_2008_MACHERLANA,MACHERLA- NALGONDA,,7/1998,7/2008,,7/2008,125.0,,250.38,125.38,100.3,0.27,0.22,0.22,0.0,0.0,High,On Schedule,,Other Infrastructure,Multi-State / Central,2.003,0.002,4.836,0,120.0,On Schedule,0,High,431
FEB-2008,2008,FEB,MonthlyFR_feb_2008.pdf,MOSPI_2008_ADDITIONAL,ADDITIONAL DEVELOPMENT OF A-1 LAYER,,4/2005,12/2006,,2/2008,910.53,,910.53,0.0,0.0,734.67,80.69,80.69,0.0,14.0,Medium,General Execution Delay,,Other Infrastructure,Multi-State / Central,1.0,0.807,6.815,0,20.0,Administrative & Inter-Agency Coordination,426,Medium,432
DEC-2008,2008,DEC,MonthlyFR_dec_2008.pdf,MOSPI_2008_KADLOORYEL,"KADLOOR YELLAREDDY- POCHAMPALLI, KM.367-KM.447, NH-7",,12/2003,4/2009,,3/2009,546.15,,490.0,-56.15,-10.28,661.4,100.0,121.1,21.1,0.0,Low,On Schedule,,Road Transport & Highways,Multi-State / Central,0.897,1.211,6.305,1,64.0,On Schedule,0,Low,433
AUG-2008,2008,AUG,MonthlyFR_aug_2008.pdf,MOSPI_2008_GSMNETWORK,"GSM NETWORK EXPANSION, PH-IV (PUNJAB)",PUNJAB,5/2004,6/2005,,8/2008,508.63,,508.63,0.0,0.0,365.16,71.79,71.79,0.0,38.0,High,General Execution Delay,,Other Infrastructure,Punjab,1.0,0.718,6.234,0,13.0,Administrative & Inter-Agency Coordination,1155,High,434
AUG-2008,2008,AUG,MonthlyFR_aug_2008.pdf,MOSPI_2008_NATIONALRA,NATIONAL RADIO SPECTRUM MANAGEMENT&,,8/2000,12/2004,,3/2009,279.97,,172.04,-107.93,-38.55,134.06,47.88,47.88,0.0,51.0,High,General Execution Delay,,Other Infrastructure,Multi-State / Central,0.614,0.479,5.638,0,52.0,Administrative & Inter-Agency Coordination,1550,High,435
AUG-2008,2008,AUG,MonthlyFR_aug_2008.pdf,MOSPI_2008_TRICHYBYPA,"TRICHY BYPASS- TUVARAMKURCHI, KM.61, NH-45B (TAMIL",,12/2003,8/2008,,3/2009,261.0,,261.0,0.0,0.0,150.9,57.82,57.82,0.0,7.0,Medium,General Execution Delay,,Road Transport & Highways,Multi-State / Central,1.0,0.578,5.568,0,56.0,Land Acquisition & Right of Way,213,Medium,436
APR-2008,2008,APR,MonthlyFR_april_2008.pdf,MOSPI_2008_NALBARIBIJ,"NALBARI-BIJNI, KM.1065-KM.1040.3, NH- 31 (ASSAM)",ASSAM,12/2003,6/2008,,6/2009,225.0,,225.0,0.0,0.0,55.73,24.77,24.77,0.0,12.0,Medium,General Execution Delay,,Other Infrastructure,Assam,1.0,0.248,5.421,0,54.0,Administrative & Inter-Agency Coordination,365,Medium,437
APR-2008,2008,APR,MonthlyFR_april_2008.pdf,MOSPI_2008_SWAROOPGAN,"SWAROOPGANJ- BAKARIA, KM.29-KM.0 & KM.264-KM.249.7, NH-",,12/2003,4/2008,,12/2008,220.0,,243.11,23.11,10.5,154.32,70.15,70.15,0.0,8.0,Medium,General Execution Delay,,Other Infrastructure,Multi-State / Central,1.105,0.701,5.398,0,52.0,Administrative & Inter-Agency Coordination,243,Medium,438
APR-2008,2008,APR,MonthlyFR_april_2008.pdf,MOSPI_2008_ETAWAHBYPA,"ETAWAH BYPASS, KM.307.5-KM.321.1, NH- 2 (U.P.)",U.P.,4/2000,10/2003,,6/2008,89.5,,132.18,42.68,47.69,179.04,100.0,200.04,100.04,56.0,High,General Execution Delay,,Road Transport & Highways,Multi-State / Central,1.477,2.0,4.505,1,42.0,Land Acquisition & Right of Way,1702,High,439
JUN-2008,2008,JUN,MonthlyFR_june_2008.pdf,MOSPI_2008_SYSTRINSOU,SY. STR. IN SOUTH- WESTERN PART OF NORTHERN GRID,,10/2006,10/2009,,10/2009,150.26,,153.54,3.28,2.18,81.07,53.95,53.95,0.0,0.0,Low,On Schedule,,Power & Renewable Energy,Multi-State / Central,1.022,0.54,5.019,0,36.0,On Schedule,0,Low,440
JUN-2008,2008,JUN,MonthlyFR_june_2008.pdf,MOSPI_2008_HARANGAJOM,"HARANGAJO- MAIBANG, KM.140.70- KM.164.08, NH-54 (ASSAM)",ASSAM,12/2003,7/2009,,12/2009,196.0,,196.0,0.0,0.0,23.17,11.82,11.82,0.0,5.0,Low,General Execution Delay,,Road Transport & Highways,Assam,1.0,0.118,5.283,0,67.0,On Schedule,152,Low,441
JUN-2008,2008,JUN,MonthlyFR_june_2008.pdf,MOSPI_2008_PATHANKOTB,"PATHANKOT-BHOGPUR , KM.70-KM.110, NH-1A (PUNJAB)",PUNJAB,12/2003,5/2008,,12/2009,229.0,,229.0,0.0,0.0,79.96,34.92,34.92,0.0,19.0,Medium,General Execution Delay,,Road Transport & Highways,Punjab,1.0,0.349,5.438,0,53.0,Land Acquisition & Right of Way,578,Medium,442
JUN-2008,2008,JUN,MonthlyFR_june_2008.pdf,MOSPI_2008_GSMNETWORK,"GSM NETWORK EXPANSION, PH-IV (KERALA)",KERALA,10/2004,6/2005,,6/2008,453.85,,453.85,0.0,0.0,262.13,57.76,57.76,0.0,36.0,High,General Execution Delay,,Other Infrastructure,Kerala,1.0,0.578,6.12,0,8.0,Administrative & Inter-Agency Coordination,1094,High,443
JUN-2008,2008,JUN,MonthlyFR_june_2008.pdf,MOSPI_2008_NATIONALRA,NATIONAL RADIO SPECTRUM MANAGEMENT& MONITORING SYSTEM,,8/2000,12/2004,,3/2009,279.97,,172.04,-107.93,-38.55,133.26,47.6,47.6,0.0,51.0,High,General Execution Delay,,Other Infrastructure,Multi-State / Central,0.614,0.476,5.638,0,52.0,Administrative & Inter-Agency Coordination,1550,High,444
OCT-2008,2008,OCT,MonthlyFR_oct_2008.pdf,MOSPI_2008_RAJASTHANM,"RAJASTHAN/MP BORDER-KOTA, KM.509-KM.449.15, NH-",,12/2003,4/2008,,6/2009,378.22,,430.21,51.99,13.75,352.6,93.23,93.23,0.0,14.0,Medium,General Execution Delay,,Other Infrastructure,Rajasthan,1.137,0.932,5.938,0,52.0,Administrative & Inter-Agency Coordination,426,Medium,445
OCT-2008,2008,OCT,MonthlyFR_oct_2008.pdf,MOSPI_2008_BIJNIASSAM,"BIJNI-ASSAM /WEST BENGAL.BORDER, KM.93-KM.60, NH-31C",,12/2003,6/2008,,6/2009,237.8,,237.8,0.0,0.0,47.56,20.0,20.0,0.0,12.0,Medium,General Execution Delay,,Road Transport & Highways,Assam,1.0,0.2,5.476,0,54.0,Administrative & Inter-Agency Coordination,365,Medium,446
NOV-2008,2008,NOV,MonthlyFR_nov_2008.pdf,MOSPI_2008_GSMNETWORK,"GSM NETWORK EXPANSION, PH-IV (RAJASTHAN)",RAJASTHAN,9/2004,6/2005,,11/2008,448.91,,448.91,0.0,0.0,154.52,34.42,34.42,0.0,41.0,High,General Execution Delay,,Other Infrastructure,Rajasthan,1.0,0.344,6.109,0,9.0,Contractor / Vendor Non-Performance,1246,High,447
NOV-2008,2008,NOV,MonthlyFR_nov_2008.pdf,MOSPI_2008_SAGARRAJMA,"SAGAR-RAJMARG CHORAHA, KM.211- KM.255, NH-26 (M.P.)",M.P.,12/2003,10/2008,,11/2009,203.43,,203.43,0.0,0.0,52.72,25.92,25.92,0.0,13.0,Medium,General Execution Delay,,Road Transport & Highways,Multi-State / Central,1.0,0.259,5.32,0,58.0,Administrative & Inter-Agency Coordination,395,Medium,448
NOV-2008,2008,NOV,MonthlyFR_nov_2008.pdf,MOSPI_2008_CHITTORGAR,"CHITTORGARH BYPASS, KM.253- KM.213, NH-76 (RAJASTHAN)",RAJASTHAN,12/2003,4/2008,,12/2008,384.25,,447.9,63.65,16.56,342.1,89.03,89.03,0.0,8.0,Medium,General Execution Delay,,Road Transport & Highways,Rajasthan,1.166,0.89,5.954,0,52.0,Land Acquisition & Right of Way,243,Medium,449
NOV-2008,2008,NOV,MonthlyFR_nov_2008.pdf,MOSPI_2008_NATIONALCA,"NATIONAL CAPITAL THERMAL POWER PROJECT STAGE-II,",,10/2006,10/2010,,10/2010,5135.33,,5135.33,0.0,0.0,1905.11,37.1,37.1,0.0,0.0,Low,On Schedule,,Power & Renewable Energy,Multi-State / Central,1.0,0.371,8.544,0,48.0,On Schedule,0,Low,450
MAY-2008,2008,MAY,MonthlyFR_may_2008.pdf,MOSPI_2008_GSMNETWORK,"GSM NETWORK EXPANSION, PH-IV (WEST BENGAL)",WEST BENGAL,9/2004,6/2005,,6/2008,428.0,,428.0,0.0,0.0,175.08,40.91,40.91,0.0,36.0,High,General Execution Delay,,Other Infrastructure,West Bengal,1.0,0.409,6.061,0,9.0,Administrative & Inter-Agency Coordination,1094,High,451
MAY-2008,2008,MAY,MonthlyFR_may_2008.pdf,MOSPI_2008_BALASOREBH,"BALASORE-BHADRAK, KM.136.5-KM.199.14, NH-5 (ORISSA)",ORISSA,4/2000,2/2004,,12/2008,227.25,,227.25,0.0,0.0,192.36,84.65,84.65,0.0,58.0,High,General Execution Delay,,Road Transport & Highways,Odisha,1.0,0.846,5.43,0,46.0,Forest & Environmental Clearances,1763,High,452
MAY-2008,2008,MAY,MonthlyFR_may_2008.pdf,MOSPI_2008_KOTACHITTO,"KOTA-CHITTORGARH, KM.381-KM.316, NH-76 (RAJASTHAN)",RAJASTHAN,12/2003,4/2008,,12/2008,446.4,,528.44,82.04,18.38,237.44,53.19,53.19,0.0,8.0,Medium,General Execution Delay,,Road Transport & Highways,Rajasthan,1.184,0.532,6.103,0,52.0,Administrative & Inter-Agency Coordination,243,Medium,453
MAY-2008,2008,MAY,MonthlyFR_may_2008.pdf,MOSPI_2008_BANKURADAM,BANKURA-DAMODAR,,3/1998,3/2005,,12/2008,111.9,,111.9,0.0,0.0,205.3,100.0,183.47,83.47,45.0,High,General Execution Delay,,Water Resources & Irrigation,Multi-State / Central,1.0,1.835,4.727,1,84.0,Administrative & Inter-Agency Coordination,1368,High,454
MAY-2008,2008,MAY,MonthlyFR_may_2008.pdf,MOSPI_2008_DEVELOPMEN,DEVELOPMENT OF C- SERIES FIELDS,,8/2006,12/2008,,12/2008,3195.16,,1800.0,-1395.16,-43.66,531.45,16.63,16.63,0.0,0.0,Low,On Schedule,,Other Infrastructure,Multi-State / Central,0.563,0.166,8.07,0,28.0,On Schedule,0,Low,455
MAR-2008,2008,MAR,MonthlyFR_mar_2008.pdf,MOSPI_2008_PARADIPHAL,PARADIP-HALDIA CRUDE OIL PIPLINE SYSTEM,,3/2004,3/2006,,4/2008,1178.0,,1178.0,0.0,0.0,1097.84,93.2,93.2,0.0,25.0,High,General Execution Delay,,Petroleum & Natural Gas,Odisha,1.0,0.932,7.072,0,24.0,Administrative & Inter-Agency Coordination,760,High,456
MAR-2008,2008,MAR,MonthlyFR_mar_2008.pdf,MOSPI_2008_NEWURANIUM,NEW URANIUM ORE PROCESSING MILL,,9/2003,6/2006,,5/2008,343.26,,343.26,0.0,0.0,304.32,88.66,88.66,0.0,23.0,Medium,General Execution Delay,,Other Infrastructure,Multi-State / Central,1.0,0.887,5.841,0,33.0,Administrative & Inter-Agency Coordination,699,Medium,457
MAR-2008,2008,MAR,MonthlyFR_mar_2008.pdf,MOSPI_2008_DAHEJHAZIR,"DAHEJ-HAZIRA-URAN GAS PIPELINE, MULTISTATE",,12/2002,7/2005,,4/2008,1416.0,,1521.23,105.23,7.43,1059.7,74.84,74.84,0.0,33.0,High,General Execution Delay,,Petroleum & Natural Gas,Multi-State / Central,1.074,0.748,7.256,0,31.0,Administrative & Inter-Agency Coordination,1003,High,458
MAR-2008,2008,MAR,MonthlyFR_mar_2008.pdf,MOSPI_2008_BARGEBUMPE,"BARGE BUMPER, BOAT LANDING AND RISER PROTECTORS PROJECT",,9/2006,2/2008,,4/2008,148.84,,148.84,0.0,0.0,114.32,76.81,76.81,0.0,2.0,Low,General Execution Delay,,Other Infrastructure,Multi-State / Central,1.0,0.768,5.01,0,17.0,On Schedule,61,Low,459
MAR-2008,2008,MAR,MonthlyFR_mar_2008.pdf,MOSPI_2008_DABHOLPANV,DABHOL-PANVEL PIPELINE PROJECT,,1/2006,7/2007,,6/2008,1143.54,,1326.52,182.98,16.0,648.79,56.74,56.74,0.0,11.0,Medium,General Execution Delay,,Petroleum & Natural Gas,Multi-State / Central,1.16,0.567,7.043,0,18.0,Administrative & Inter-Agency Coordination,334,Medium,460
MAR-2008,2008,MAR,MonthlyFR_mar_2008.pdf,MOSPI_2008_PANIPATJAL,PANIPAT-JALANDHAR LPG PIPELINE,,5/2006,8/2008,,8/2008,186.72,,158.0,-28.72,-15.38,97.7,52.32,52.32,0.0,0.0,Low,On Schedule,,Petroleum & Natural Gas,Punjab,0.846,0.523,5.235,0,27.0,On Schedule,0,Low,461
MAR-2008,2008,MAR,MonthlyFR_mar_2008.pdf,MOSPI_2008_THANETURBH,THANE-TURBHE- NERUL-VASHI,,5/1992,3/2000,,3/2008,403.39,,403.92,0.53,0.13,386.99,95.93,95.93,0.0,96.0,High,General Execution Delay,,Other Infrastructure,Maharashtra,1.001,0.959,6.002,0,94.0,Administrative & Inter-Agency Coordination,2918,High,462
MAR-2008,2008,MAR,MonthlyFR_mar_2008.pdf,MOSPI_2008_AMROHAKANK,AMROHA-KANKATHER,,4/2000,3/2005,,3/2008,57.0,,107.3,50.3,88.25,65.69,100.0,115.25,15.25,36.0,High,General Execution Delay,,Other Infrastructure,Multi-State / Central,1.882,1.152,4.06,1,59.0,Fund Constraint & Financial Stress,1094,High,463
MAR-2008,2008,MAR,MonthlyFR_mar_2008.pdf,MOSPI_2008_KUMARGHATA,KUMARGHAT- AGARTALA,,4/1996,3/2007,,5/2008,575.0,,750.0,175.0,30.43,818.08,100.0,142.27,42.27,14.0,Medium,General Execution Delay,,Other Infrastructure,Multi-State / Central,1.304,1.423,6.356,1,131.0,Fund Constraint & Financial Stress,426,Medium,464
MAR-2008,2008,MAR,MonthlyFR_mar_2008.pdf,MOSPI_2008_NORTHERNRE,NORTHERN REGION SYSTEM STRENGTHENING SCHEME-I (336 CKM),336 CKM,1/2004,7/2006,,4/2008,271.8,,310.79,38.99,14.35,279.49,100.0,102.83,2.83,21.0,Medium,General Execution Delay,,Other Infrastructure,Multi-State / Central,1.143,1.028,5.609,0,30.0,Administrative & Inter-Agency Coordination,638,Medium,465
MAR-2008,2008,MAR,MonthlyFR_mar_2008.pdf,MOSPI_2008_WESTERNREG,WESTERN REGION SYSTEM STRENGTHENING SCHEME - 1(PR. GR.),PR. GR.,8/2004,11/2007,,6/2008,199.21,,200.81,1.6,0.8,196.3,98.54,98.54,0.0,7.0,Medium,General Execution Delay,,Other Infrastructure,Multi-State / Central,1.008,0.985,5.299,0,39.0,Administrative & Inter-Agency Coordination,213,Medium,466
MAR-2008,2008,MAR,MonthlyFR_mar_2008.pdf,MOSPI_2008_HAPURKANKA,HAPUR-KANKATHER,,4/2003,3/2007,,3/2008,106.64,,117.31,10.67,10.01,119.66,100.0,112.21,12.21,12.0,Medium,General Execution Delay,,Other Infrastructure,Multi-State / Central,1.1,1.122,4.679,0,47.0,Administrative & Inter-Agency Coordination,365,Medium,467
MAR-2008,2008,MAR,MonthlyFR_mar_2008.pdf,MOSPI_2008_UTRATIACHA,UTRATIA- CHANDRAULI AND SULTANPUR- BANDHUAKALAN,,4/1998,12/2004,,3/2008,47.12,,102.2,55.08,116.89,96.5,100.0,204.8,104.8,39.0,High,General Execution Delay,,Other Infrastructure,Multi-State / Central,2.169,2.048,3.874,1,80.0,Fund Constraint & Financial Stress,1186,High,468
MAR-2008,2008,MAR,MonthlyFR_mar_2008.pdf,MOSPI_2008_HOSPETGUNT,HOSPET-GUNTAKAL LINE DOUBLING,,3/1996,12/1999,,3/2008,105.22,,268.0,162.78,154.7,242.75,100.0,230.71,130.71,99.0,High,General Execution Delay,,Railways,Multi-State / Central,2.547,2.307,4.666,1,45.0,Land Acquisition & Right of Way,3010,High,469
MAR-2008,2008,MAR,MonthlyFR_mar_2008.pdf,MOSPI_2008_RADHANPURG,"RADHANPUR- GAGODHAR-V, KM.138.8-KM.245.0, NH- 15 (GUJARAT)",GUJARAT,12/2003,2/2005,,5/2008,429.4,,410.24,-19.16,-4.46,360.83,84.03,84.03,0.0,39.0,High,General Execution Delay,,Other Infrastructure,Gujarat,0.955,0.84,6.065,0,14.0,Administrative & Inter-Agency Coordination,1186,High,470
MAR-2008,2008,MAR,MonthlyFR_mar_2008.pdf,MOSPI_2008_ETAWAHRAJP,"ETAWAH-RAJPUR, KM.321.1-KM.393, NH-2 (U.P.)",U.P.,4/2000,3/2005,,5/2008,348.44,,348.44,0.0,0.0,395.65,100.0,113.55,13.55,38.0,High,General Execution Delay,,Road Transport & Highways,Multi-State / Central,1.0,1.135,5.856,0,59.0,Land Acquisition & Right of Way,1155,High,471
MAR-2008,2008,MAR,MonthlyFR_mar_2008.pdf,MOSPI_2008_SHIVPURIBY,"SHIVPURI BYPASS & UPTO MP/RJ BORDER, KM.53, NH-25 & 76, MP",,12/2003,2/2008,,6/2008,360.34,,360.34,0.0,0.0,277.78,77.09,77.09,0.0,4.0,Low,General Execution Delay,,Road Transport & Highways,Multi-State / Central,1.0,0.771,5.89,0,50.0,On Schedule,122,Low,472
MAR-2008,2008,MAR,MonthlyFR_mar_2008.pdf,MOSPI_2008_SILIGURIIS,"SILIGURI-ISLAMPUR, KM.551-KM.526, NH-31 (WEST BENGAL)",WEST BENGAL,12/2003,10/2008,,10/2008,155.0,,155.0,0.0,0.0,136.62,88.14,88.14,0.0,0.0,Low,On Schedule,,Road Transport & Highways,West Bengal,1.0,0.881,5.05,0,58.0,On Schedule,0,Low,473
MAR-2008,2008,MAR,MonthlyFR_mar_2008.pdf,MOSPI_2008_KANPURFATE,"KANPUR-FATEHPUR, KM.470-KM.483, NH-2 (U.P.)",U.P.,4/2000,3/2005,,4/2008,495.35,,495.35,0.0,0.0,618.07,100.0,124.77,24.77,37.0,High,General Execution Delay,,Road Transport & Highways,Uttar Pradesh,1.0,1.248,6.207,1,59.0,Land Acquisition & Right of Way,1125,High,474
MAR-2008,2008,MAR,MonthlyFR_mar_2008.pdf,MOSPI_2008_SHIKOHABAD,"SHIKOHABAD- ETAWAH, KM.250.5- KM.307.5, NH-2 (U.P.)",U.P.,4/2000,3/2005,,4/2008,261.22,,261.22,0.0,0.0,298.87,100.0,114.41,14.41,37.0,High,General Execution Delay,,Road Transport & Highways,Multi-State / Central,1.0,1.144,5.569,0,59.0,Land Acquisition & Right of Way,1125,High,475
MAR-2008,2008,MAR,MonthlyFR_mar_2008.pdf,MOSPI_2008_BRIDGESBAL,"BRIDGES BALASORE- CHANDIKHOLE, KM.61- KM.199, NH-5 (ORISSA)",ORISSA,4/2000,5/2004,,4/2008,155.0,,155.0,0.0,0.0,144.01,92.91,92.91,0.0,47.0,High,General Execution Delay,,Road Transport & Highways,Odisha,1.0,0.929,5.05,0,49.0,Forest & Environmental Clearances,1429,High,476
MAR-2008,2008,MAR,MonthlyFR_mar_2008.pdf,MOSPI_2008_HANDIAVARA,"HANDIA-VARANASI, KM.245-KM.317, NH-2 (U.P.)",U.P.,4/2000,7/2004,,4/2008,286.0,,286.0,0.0,0.0,312.68,100.0,109.33,9.33,45.0,High,General Execution Delay,,Road Transport & Highways,Uttar Pradesh,1.0,1.093,5.659,0,51.0,Land Acquisition & Right of Way,1368,High,477
MAR-2008,2008,MAR,MonthlyFR_mar_2008.pdf,MOSPI_2008_SASARAMDEH,"SASARAM-DEHRI-ON- SONE, KM.110-KM.140, NH-2 (BIHAR)",BIHAR,4/2000,3/2005,,4/2008,221.87,,221.87,0.0,0.0,234.19,100.0,105.55,5.55,37.0,High,General Execution Delay,,Road Transport & Highways,Bihar,1.0,1.056,5.407,0,59.0,Land Acquisition & Right of Way,1125,High,478
MAR-2008,2008,MAR,MonthlyFR_mar_2008.pdf,MOSPI_2008_CHITRADURG,"CHITRADURGA-SIRA, KM.189-KM.122.3, NH-4 (KARNATAKA)",KARNATAKA,4/2000,8/2004,,4/2008,304.0,,304.0,0.0,0.0,371.4,100.0,122.17,22.17,44.0,High,General Execution Delay,,Road Transport & Highways,Karnataka,1.0,1.222,5.72,1,52.0,Land Acquisition & Right of Way,1338,High,479
MAR-2008,2008,MAR,MonthlyFR_mar_2008.pdf,MOSPI_2008_DEESARADHA,"DEESA-RADHANPUR, KM.372.6-KM.458.0, NH- 14 (GUJARAT)",GUJARAT,12/2003,2/2005,,5/2008,399.89,,479.74,79.85,19.97,383.99,96.02,96.02,0.0,39.0,High,General Execution Delay,,Other Infrastructure,Gujarat,1.2,0.96,5.994,0,14.0,Administrative & Inter-Agency Coordination,1186,High,480
MAR-2008,2008,MAR,MonthlyFR_mar_2008.pdf,MOSPI_2008_NANDHIHILL,"NANDHI HILLS- DEVANHALLI, KM.556- KM.539, NH-7 (KARNATAKA)",KARNATAKA,4/2000,3/2004,,8/2008,172.06,,172.06,0.0,0.0,188.36,100.0,109.47,9.47,53.0,High,General Execution Delay,,Road Transport & Highways,Karnataka,1.0,1.095,5.154,0,47.0,Land Acquisition & Right of Way,1611,High,481
MAR-2008,2008,MAR,MonthlyFR_mar_2008.pdf,MOSPI_2008_KOTACHITTO,"KOTA-CHITTORGARH, KM.316-KM.253, NH-76 (RAJASTHAN)",RAJASTHAN,12/2003,4/2008,,9/2008,440.5,,503.66,63.16,14.34,274.96,62.42,62.42,0.0,5.0,Low,General Execution Delay,,Road Transport & Highways,Rajasthan,1.143,0.624,6.09,0,52.0,On Schedule,152,Low,482
MAR-2008,2008,MAR,MonthlyFR_mar_2008.pdf,MOSPI_2008_JETPURBHIL,"JETPUR-BHILADI, KM.117-KM.52.50, NH-8B (GUJARAT)",GUJARAT,12/2003,11/2007,,9/2008,399.89,,508.5,108.61,27.16,310.24,77.58,77.58,0.0,10.0,Medium,General Execution Delay,,Road Transport & Highways,Gujarat,1.272,0.776,5.994,0,47.0,Administrative & Inter-Agency Coordination,304,Medium,483
MAR-2008,2008,MAR,MonthlyFR_mar_2008.pdf,MOSPI_2008_KRISHNAGIR,"KRISHNAGIRI- THOPURGHAT, KM.94- KM.156, NH-7 (TAMIL NADU)",TAMIL NADU,12/2003,12/2008,,12/2008,372.7,,372.7,0.0,0.0,318.12,85.36,85.36,0.0,0.0,Low,On Schedule,,Road Transport & Highways,Tamil Nadu,1.0,0.854,5.923,0,60.0,On Schedule,0,Low,484
MAR-2008,2008,MAR,MonthlyFR_mar_2008.pdf,MOSPI_2008_JHANSISIVP,"JHANSI-SIVPURI, KM.50-KM.15, NH-25 (M.P.)",M.P.,12/2003,2/2008,,12/2008,213.69,,213.69,0.0,0.0,131.91,61.73,61.73,0.0,10.0,Medium,General Execution Delay,,Road Transport & Highways,Multi-State / Central,1.0,0.617,5.369,0,50.0,Administrative & Inter-Agency Coordination,304,Medium,485
MAR-2008,2008,MAR,MonthlyFR_mar_2008.pdf,MOSPI_2008_FARUKHANAG,"FARUKHANAGAR- KOTTAKATA, KM.34.14- KM.80.08, NH-7 (A.P.)",A.P.,12/2003,2/2009,,2/2009,267.2,,255.0,-12.2,-4.57,240.17,89.88,89.88,0.0,0.0,Low,On Schedule,,Road Transport & Highways,Multi-State / Central,0.954,0.899,5.592,0,62.0,On Schedule,0,Low,486
MAR-2008,2008,MAR,MonthlyFR_mar_2008.pdf,MOSPI_2008_PURNEAFORB,"PURNEA-FORBESGANJ, KM.268-KM.230, NH-57 (BIHAR)",BIHAR,12/2003,4/2008,,4/2009,310.0,,310.0,0.0,0.0,164.1,52.94,52.94,0.0,12.0,Medium,General Execution Delay,,Road Transport & Highways,Bihar,1.0,0.529,5.74,0,52.0,Administrative & Inter-Agency Coordination,365,Medium,487
MAY-2008,2008,MAY,MonthlyFR_may_2008.pdf,MOSPI_2008_BARSINGSAR,BARSINGSAR TPS OF 250 MW,,12/2004,6/2009,,6/2009,1114.18,,1626.09,511.91,45.94,801.09,71.9,71.9,0.0,0.0,High,On Schedule,,Other Infrastructure,Multi-State / Central,1.459,0.719,7.017,0,54.0,On Schedule,0,High,488
MAR-2008,2008,MAR,MonthlyFR_mar_2008.pdf,MOSPI_2008_HARANGAJOM,"HARANGAJO- MAIBANG, KM.164.08- KM.190.587, NH-54 (ASSAM)",ASSAM,12/2003,9/2007,,12/2009,212.0,,212.0,0.0,0.0,24.38,11.5,11.5,0.0,27.0,High,General Execution Delay,,Road Transport & Highways,Assam,1.0,0.115,5.361,0,45.0,Forest & Environmental Clearances,821,High,489
MAR-2008,2008,MAR,MonthlyFR_mar_2008.pdf,MOSPI_2008_TUTICORINP,"TUTICORIN PORT, KM.47.2, NH-7A (T.N.)",T.N.,4/2000,8/2006,,12/2009,231.2,,231.2,0.0,0.0,71.02,30.72,30.72,0.0,40.0,High,General Execution Delay,,Road Transport & Highways,Multi-State / Central,1.0,0.307,5.448,0,76.0,Land Acquisition & Right of Way,1216,High,490
MAR-2008,2008,MAR,MonthlyFR_mar_2008.pdf,MOSPI_2008_PROJECT22O,"PROJECT 2.2 OF NIB-II, IMPLEMENTATION AND EXECUTION OF",,11/2003,5/2006,,4/2008,350.0,,520.85,170.85,48.81,246.93,70.55,70.55,0.0,23.0,High,General Execution Delay,,Other Infrastructure,Multi-State / Central,1.488,0.706,5.861,0,30.0,Administrative & Inter-Agency Coordination,699,High,491
JAN-2008,2008,JAN,MonthlyFR_jan_2008.pdf,MOSPI_2008_KARNATAKAC,"KARNATAKA CMTS, PHASE-IV",,1/2004,6/2005,,1/2008,373.46,,260.0,-113.46,-30.38,148.0,39.63,39.63,0.0,31.0,High,General Execution Delay,,Other Infrastructure,Karnataka,0.696,0.396,5.925,0,17.0,Contractor / Vendor Non-Performance,942,High,492
JAN-2008,2008,JAN,MonthlyFR_jan_2008.pdf,MOSPI_2008_JHARKHANDC,"JHARKHAND CMTS, PHASE-IV",,9/2004,11/2005,,2/2008,134.85,,134.85,0.0,0.0,47.41,35.16,35.16,0.0,27.0,High,General Execution Delay,,Other Infrastructure,Jharkhand,1.0,0.352,4.912,0,14.0,Contractor / Vendor Non-Performance,821,High,493
SEP-2008,2008,SEP,MonthlyFR_sep_2008.pdf,MOSPI_2008_GSMNETWORK,"GSM NETWORK EXPANSION, PH-IV (ORISSA)",ORISSA,12/2004,12/2005,,9/2008,164.06,,164.06,0.0,0.0,89.29,54.43,54.43,0.0,33.0,High,General Execution Delay,,Other Infrastructure,Odisha,1.0,0.544,5.106,0,12.0,Administrative & Inter-Agency Coordination,1003,High,494
SEP-2008,2008,SEP,MonthlyFR_sep_2008.pdf,MOSPI_2008_GSMEXPANSI,"GSM EXPANSION, PH-IV (B) (MAHARASHTRA)",B,7/2005,3/2006,,1/2009,1174.75,,1174.75,0.0,0.0,357.63,30.44,30.44,0.0,34.0,High,General Execution Delay,,Other Infrastructure,Maharashtra,1.0,0.304,7.07,0,8.0,Contractor / Vendor Non-Performance,1034,High,495
FEB-2009,2009,FEB,FLR_FEB_2009.pdf,MOSPI_2009_CONVERGENT,CONVERGENT BILLING AND CRM MTNL (MUMBAI),MUMBAI,1/2006,2/2007,,3/2009,247.0,,247.0,0.0,0.0,119.5,48.38,48.38,0.0,25.0,High,General Execution Delay,,Other Infrastructure,Maharashtra,1.0,0.484,5.513,0,13.0,Administrative & Inter-Agency Coordination,760,High,496
JUN-2009,2009,JUN,FR_JUNE_2009.pdf,MOSPI_2009_AYODHYALUC,"AYODHYA-LUCKNOW, KM.93.075-KM.45, NH-28 (UTTAR PRADESH)",UTTAR PRADESH,12/2003,10/2008,,6/2010,217.0,,217.0,0.0,0.0,249.25,100.0,114.86,14.86,20.0,Medium,General Execution Delay,,Road Transport & Highways,Uttar Pradesh,1.0,1.149,5.384,0,58.0,Land Acquisition & Right of Way,608,Medium,497
JUN-2009,2009,JUN,FR_JUNE_2009.pdf,MOSPI_2009_VIJAYAPURP,"VIJAYAPUR- PATHANKOT, KM.50- KM.80, NH1A (JAMMU & KASHMIR)",JAMMU & KASHMIR,12/2003,3/2008,,12/2009,166.27,,166.27,0.0,0.0,63.26,38.05,38.05,0.0,21.0,Medium,General Execution Delay,,Road Transport & Highways,Jammu & Kashmir,1.0,0.38,5.12,0,51.0,Land Acquisition & Right of Way,638,Medium,498
JUN-2009,2009,JUN,FR_JUNE_2009.pdf,MOSPI_2009_MADURAIKAN,"MADURAI- KANYAKUMARI, KM.42-KM.80, NH-7 (TAMIL NADU)",TAMIL NADU,12/2003,3/2008,,9/2009,474.21,,474.21,0.0,0.0,233.75,49.29,49.29,0.0,18.0,Medium,General Execution Delay,,Road Transport & Highways,Tamil Nadu,1.0,0.493,6.164,0,51.0,Land Acquisition & Right of Way,547,Medium,499
JUN-2009,2009,JUN,FR_JUNE_2009.pdf,MOSPI_2009_RESIDUEUPG,RESIDUE UPGRADATION & MS/HSD QUANLITY,,1/2007,1/2010,,1/2010,5693.0,,5882.0,189.0,3.32,3056.03,53.68,53.68,0.0,0.0,Low,On Schedule,,Other Infrastructure,Multi-State / Central,1.033,0.537,8.647,0,36.0,On Schedule,0,Low,500
JUN-2009,2009,JUN,FR_JUNE_2009.pdf,MOSPI_2009_NORTHERNRE,NORTHERN REGION SYSTEM STRENGTHENING SCHEME-VI (54 CKM),54 CKM,1/2007,7/2009,,8/2009,186.95,,186.95,0.0,0.0,115.57,61.82,61.82,0.0,1.0,Low,General Execution Delay,,Other Infrastructure,Multi-State / Central,1.0,0.618,5.236,0,30.0,On Schedule,30,Low,501
MAY-2009,2009,MAY,FLR_MAY_2009.pdf,MOSPI_2009_ELEVATEDHI,ELEVATED HIGHWAY FROM SILK BOARD JUNCTION TO,,3/2005,7/2008,,6/2009,450.0,,450.0,0.0,0.0,759.0,100.0,168.67,68.67,11.0,Medium,General Execution Delay,,Road Transport & Highways,Multi-State / Central,1.0,1.687,6.111,1,40.0,Administrative & Inter-Agency Coordination,334,Medium,502
MAY-2009,2009,MAY,FLR_MAY_2009.pdf,MOSPI_2009_HYDERABADB,"HYDERABAD- BANGALORE, KM.135.47-KM.211, NH-7",,12/2003,3/2009,,6/2009,611.44,,592.0,-19.44,-3.18,790.74,100.0,129.32,29.32,3.0,Low,General Execution Delay,,Road Transport & Highways,Karnataka,0.968,1.293,6.417,1,63.0,On Schedule,91,Low,503
MAY-2009,2009,MAY,FLR_MAY_2009.pdf,MOSPI_2009_DARBHANGAM,"DARBHANGA- MUZAFFARPUR, KM 30- KM 0, NH-57 (BIHAR)",BIHAR,12/2003,6/2008,,6/2010,291.8,,291.8,0.0,0.0,226.05,77.47,77.47,0.0,24.0,Medium,General Execution Delay,,Road Transport & Highways,Bihar,1.0,0.775,5.679,0,54.0,Land Acquisition & Right of Way,730,Medium,504
JUL-2009,2009,JUL,FR_JULY_2009.pdf,MOSPI_2009_GORAKHPURA,"GORAKHPUR- AYODHYA, KM.164- KM.135, NH-28 (U.P.)",U.P.,12/2003,10/2008,,6/2010,205.0,,205.0,0.0,0.0,205.1,100.0,100.05,0.05,20.0,Medium,General Execution Delay,,Road Transport & Highways,Uttar Pradesh,1.0,1.0,5.328,0,58.0,Land Acquisition & Right of Way,608,Medium,505
JUL-2009,2009,JUL,FR_JULY_2009.pdf,MOSPI_2009_CHURCHAUG,CHURCHA UG,,6/2008,6/2014,,6/2014,462.35,,462.35,0.0,0.0,230.02,49.75,49.75,0.0,0.0,Low,On Schedule,,Other Infrastructure,Multi-State / Central,1.0,0.498,6.138,0,72.0,On Schedule,0,Low,506
MAY-2009,2009,MAY,FLR_MAY_2009.pdf,MOSPI_2009_RAJMARGCHO,"RAJMARG CHORAHA- LAKHNANDON, KM.297-KM.351, NH-26 (M.P.)",M.P.,12/2003,10/2008,,12/2010,251.03,,251.03,0.0,0.0,62.13,24.75,24.75,0.0,26.0,High,General Execution Delay,,Road Transport & Highways,Multi-State / Central,1.0,0.247,5.53,0,58.0,Land Acquisition & Right of Way,790,High,507
AUG-2009,2009,AUG,FR_AUG_2009.pdf,MOSPI_2009_INSTALLATI,INSTALLATION OF NEW COKE OVEN GAS HOLDER,,7/2007,6/2009,,10/2009,123.22,,123.22,0.0,0.0,70.54,57.25,57.25,0.0,4.0,Low,General Execution Delay,,Other Infrastructure,Multi-State / Central,1.0,0.572,4.822,0,23.0,On Schedule,122,Low,508
AUG-2009,2009,AUG,FR_AUG_2009.pdf,MOSPI_2009_KANIHAOCP,KANIHA OCP,,12/2007,3/2012,,3/2013,457.77,,457.77,0.0,0.0,48.38,10.57,10.57,0.0,12.0,Medium,General Execution Delay,,Coal & Mines,Multi-State / Central,1.0,0.106,6.129,0,51.0,Administrative & Inter-Agency Coordination,365,Medium,509
AUG-2009,2009,AUG,FR_AUG_2009.pdf,MOSPI_2009_RAJMAHALOC,RAJMAHAL OC EXPANSION,,2/2006,3/2010,,3/2013,50.08,,272.13,222.05,443.39,2.76,5.51,5.51,0.0,36.0,High,General Execution Delay,,Other Infrastructure,Multi-State / Central,5.434,0.055,3.933,0,49.0,Scope & Engineering Design Modifications,1094,High,510
AUG-2009,2009,AUG,FR_AUG_2009.pdf,MOSPI_2009_KAKATIYALA,KAKATIYA LAONGWAL,,12/2008,12/2012,,12/2012,453.63,,453.63,0.0,0.0,36.43,8.03,8.03,0.0,0.0,Low,On Schedule,,Other Infrastructure,Multi-State / Central,1.0,0.08,6.119,0,48.0,On Schedule,0,Low,511
AUG-2009,2009,AUG,FR_AUG_2009.pdf,MOSPI_2009_TALABIRAOC,TALABIRA OCP,,3/2008,3/2015,,3/2016,447.72,,447.72,0.0,0.0,5.32,1.19,1.19,0.0,12.0,Medium,General Execution Delay,,Coal & Mines,Multi-State / Central,1.0,0.012,6.106,0,84.0,Administrative & Inter-Agency Coordination,365,Medium,512
AUG-2009,2009,AUG,FR_AUG_2009.pdf,MOSPI_2009_BHUBANESWA,BHUBANESWARI OCP,,12/2007,3/2014,,3/2016,490.1,,490.1,0.0,0.0,54.1,11.04,11.04,0.0,24.0,Medium,General Execution Delay,,Coal & Mines,Odisha,1.0,0.11,6.197,0,75.0,Contractor / Vendor Non-Performance,730,Medium,513
AUG-2009,2009,AUG,FR_AUG_2009.pdf,MOSPI_2009_GOPALPRASA,GOPAL PRASAD OCP,,2/2008,3/2013,,3/2015,395.87,,395.87,0.0,0.0,22.6,5.71,5.71,0.0,24.0,Medium,General Execution Delay,,Coal & Mines,Multi-State / Central,1.0,0.057,5.984,0,61.0,Contractor / Vendor Non-Performance,730,Medium,514
AUG-2009,2009,AUG,FR_AUG_2009.pdf,MOSPI_2009_BRANCHPIPE,BRANCH PIPELINE FROM KSPL VIRAMGAON TO KANDLA,,2/2009,8/2011,,8/2011,349.0,,349.0,0.0,0.0,0.52,0.15,0.15,0.0,0.0,Low,On Schedule,,Petroleum & Natural Gas,Gujarat,1.0,0.001,5.858,0,30.0,On Schedule,0,Low,515
AUG-2009,2009,AUG,FR_AUG_2009.pdf,MOSPI_2009_ABOHARFAZI,ABOHAR-FAZILKA,,9/2001,3/2009,,2/2010,86.44,,209.57,123.13,142.45,142.24,100.0,164.55,64.55,11.0,High,General Execution Delay,,Other Infrastructure,Multi-State / Central,2.424,1.646,4.471,1,90.0,Fund Constraint & Financial Stress,334,High,516
AUG-2009,2009,AUG,FR_AUG_2009.pdf,MOSPI_2009_TRIPURAGAS,TRIPURA GAS BASED POWER PROJECT,,7/2009,1/2012,,1/2012,421.01,,421.01,0.0,0.0,56.99,13.54,13.54,0.0,0.0,Low,On Schedule,,Power & Renewable Energy,Northeast States,1.0,0.135,6.045,0,30.0,On Schedule,0,Low,517
AUG-2009,2009,AUG,FR_AUG_2009.pdf,MOSPI_2009_BELAPURSEA,BELAPUR-SEAWOOD- URAN ELECTRIFIED DOUBLE LINE,,3/1996,3/2004,,12/2010,401.81,,495.44,93.63,23.3,128.91,32.08,32.08,0.0,81.0,High,General Execution Delay,,Other Infrastructure,Multi-State / Central,1.233,0.321,5.998,0,96.0,Contractor / Vendor Non-Performance,2462,High,518
AUG-2009,2009,AUG,FR_AUG_2009.pdf,MOSPI_2009_MIRAJLATUR,MIRAJ-LATUR ROAD,,4/1993,3/2001,,3/2010,225.0,,816.4,591.4,262.84,619.45,100.0,275.31,175.31,108.0,High,General Execution Delay,,Road Transport & Highways,Multi-State / Central,3.628,2.753,5.421,1,95.0,Land Acquisition & Right of Way,3283,High,519
AUG-2009,2009,AUG,FR_AUG_2009.pdf,MOSPI_2009_KARURMADUR,"KARUR-MADURAI, KM.373.275-KM.426.60, NH-7 (TAMIL NADU)",TAMIL NADU,12/2003,12/2008,,9/2009,283.5,,283.5,0.0,0.0,448.3,100.0,158.13,58.13,9.0,Medium,General Execution Delay,,Road Transport & Highways,Tamil Nadu,1.0,1.581,5.651,1,60.0,Administrative & Inter-Agency Coordination,274,Medium,520
AUG-2009,2009,AUG,FR_AUG_2009.pdf,MOSPI_2009_MADURAIKAN,"MADURAI- KANYAKUMARI, KM.120-KM.160, NH-7 (TAMIL NADU)",TAMIL NADU,12/2003,3/2008,,9/2009,507.49,,507.49,0.0,0.0,283.6,55.88,55.88,0.0,18.0,Medium,General Execution Delay,,Road Transport & Highways,Tamil Nadu,1.0,0.559,6.231,0,51.0,Land Acquisition & Right of Way,547,Medium,521
AUG-2009,2009,AUG,FR_AUG_2009.pdf,MOSPI_2009_MOUDASTPP,MOUDA STPP,,11/2007,2/2012,,8/2012,5459.28,,5459.28,0.0,0.0,509.67,9.34,9.34,0.0,6.0,Low,General Execution Delay,,Other Infrastructure,Multi-State / Central,1.0,0.093,8.605,0,51.0,On Schedule,182,Low,522
AUG-2009,2009,AUG,FR_AUG_2009.pdf,MOSPI_2009_UTRATIAZAF,UTRATIA-ZAFRABAD (LINE DOUBLING),LINE DOUBLING,4/2006,3/2010,,12/2011,325.0,,469.03,144.03,44.32,26.41,8.13,8.13,0.0,21.0,High,General Execution Delay,,Railways,Multi-State / Central,1.443,0.081,5.787,0,47.0,Land Acquisition & Right of Way,638,High,523
AUG-2009,2009,AUG,FR_AUG_2009.pdf,MOSPI_2009_RAJPIPLAAN,RAJPIPLA- ANKELASHWAR (GC),GC,4/2006,3/2011,,3/2011,196.97,,196.97,0.0,0.0,12.12,6.15,6.15,0.0,0.0,Low,On Schedule,,Other Infrastructure,Multi-State / Central,1.0,0.062,5.288,0,59.0,On Schedule,0,Low,524
AUG-2009,2009,AUG,FR_AUG_2009.pdf,MOSPI_2009_RAICHURGUN,RAICHUR-GUNTAKAL,,4/2003,12/2007,,7/2010,136.62,,221.9,85.28,62.42,71.14,52.07,52.07,0.0,31.0,High,General Execution Delay,,Other Infrastructure,Multi-State / Central,1.624,0.521,4.924,0,56.0,Scope & Engineering Design Modifications,942,High,525
AUG-2009,2009,AUG,FR_AUG_2009.pdf,MOSPI_2009_NEWJALPAIG,NEW JALPAIGURI - SILIGURI - NEW BONGAIGAON,,11/1998,3/2003,,3/2010,536.85,,960.48,423.63,78.91,956.61,100.0,178.19,78.19,84.0,High,General Execution Delay,,Other Infrastructure,Assam,1.789,1.782,6.288,1,52.0,Fund Constraint & Financial Stress,2554,High,526
AUG-2009,2009,AUG,FR_AUG_2009.pdf,MOSPI_2009_TOLLYGANJG,TOLLYGANJ-GARIA,,3/2000,12/2006,,3/2010,907.69,,1032.76,125.07,13.78,969.28,100.0,106.79,6.79,39.0,High,General Execution Delay,,Other Infrastructure,Multi-State / Central,1.138,1.068,6.812,0,81.0,Administrative & Inter-Agency Coordination,1186,High,527
AUG-2009,2009,AUG,FR_AUG_2009.pdf,MOSPI_2009_AMBALAMORA,AMBALA-MORADABAD,,3/1993,3/1998,,3/2010,152.21,,265.0,112.79,74.1,265.15,100.0,174.2,74.2,144.0,High,General Execution Delay,,Other Infrastructure,Multi-State / Central,1.741,1.742,5.032,1,60.0,Fund Constraint & Financial Stress,4378,High,528
APR-2009,2009,APR,FLR_APR_2009.pdf,MOSPI_2009_MAGADHOCCC,MAGADH OC (CCL),CCL,7/2006,7/2012,,3/2013,469.78,,469.78,0.0,0.0,3.25,0.69,0.69,0.0,8.0,Medium,General Execution Delay,,Coal & Mines,Multi-State / Central,1.0,0.007,6.154,0,72.0,Administrative & Inter-Agency Coordination,243,Medium,529
APR-2009,2009,APR,FLR_APR_2009.pdf,MOSPI_2009_BAROUDOCEX,BAROUD OC EXPANSION,,7/2008,3/2015,,3/2015,135.58,,135.58,0.0,0.0,22.55,16.63,16.63,0.0,0.0,Low,On Schedule,,Other Infrastructure,Multi-State / Central,1.0,0.166,4.917,0,80.0,On Schedule,0,Low,530
APR-2009,2009,APR,FLR_APR_2009.pdf,MOSPI_2009_SYSTEMSTRE,SYSTEM STRENGTHENING-VII OF SOUTHERN REGION (248 CKM),248 CKM,5/2005,7/2009,,7/2009,279.3,,340.14,60.84,21.78,266.02,95.25,95.25,0.0,0.0,Medium,On Schedule,,Other Infrastructure,Multi-State / Central,1.218,0.952,5.636,0,50.0,On Schedule,0,Medium,531
APR-2009,2009,APR,FLR_APR_2009.pdf,MOSPI_2009_PARADIPREF,PARADIP REFINERY PROJECT,,2/2009,3/2012,,7/2012,29777.0,,29777.0,0.0,0.0,1559.07,5.24,5.24,0.0,4.0,Low,General Execution Delay,,Petroleum & Natural Gas,Odisha,1.0,0.052,10.302,0,37.0,On Schedule,122,Low,532
AUG-2009,2009,AUG,FR_AUG_2009.pdf,MOSPI_2009_BRAHAMAPUT,"BRAHAMAPUTRA BRIDGE AT BOGIBIL WITH LINK LINES,NEFR",,4/1996,4/2008,,3/2014,1000.0,,3087.44,2087.44,208.74,1534.42,100.0,153.44,53.44,71.0,High,General Execution Delay,,Other Infrastructure,Multi-State / Central,3.087,1.534,6.909,1,144.0,Fund Constraint & Financial Stress,2158,High,533
APR-2009,2009,APR,FLR_APR_2009.pdf,MOSPI_2009_EASTWESTTR,EAST-WEST TRANS. CORRIDOR STRENGTHNING SCHEME,,6/2006,6/2009,,3/2010,803.7,,803.76,0.06,0.01,397.89,49.51,49.51,0.0,9.0,Medium,General Execution Delay,,Other Infrastructure,Multi-State / Central,1.0,0.495,6.69,0,36.0,Administrative & Inter-Agency Coordination,274,Medium,534
JUL-2009,2009,JUL,FR_JULY_2009.pdf,MOSPI_2009_TUTICORINT,TUTICORIN THERMAL POWER PROJECT,,5/2008,8/2012,,9/2012,4904.54,,4904.54,0.0,0.0,347.92,7.09,7.09,0.0,1.0,Low,General Execution Delay,,Power & Renewable Energy,Multi-State / Central,1.0,0.071,8.498,0,51.0,On Schedule,30,Low,535
JUL-2009,2009,JUL,FR_JULY_2009.pdf,MOSPI_2009_BALRAMOCPE,BALRAM OCP EXTENSION (MCL),MCL,12/2007,3/2009,,3/2010,172.08,,172.08,0.0,0.0,470.74,100.0,273.56,173.56,12.0,Medium,General Execution Delay,,Coal & Mines,Multi-State / Central,1.0,2.736,5.154,1,15.0,Administrative & Inter-Agency Coordination,365,Medium,536
APR-2009,2009,APR,FLR_APR_2009.pdf,MOSPI_2009_NORTHEASTN,NORTH EAST-NORTH WESTERN INTERCONNECTOR-I PROJECT,,2/2009,8/2013,,8/2013,11130.19,,11130.19,0.0,0.0,143.12,1.29,1.29,0.0,0.0,Low,On Schedule,,Other Infrastructure,Multi-State / Central,1.0,0.013,9.318,0,54.0,On Schedule,0,Low,537
APR-2009,2009,APR,FLR_APR_2009.pdf,MOSPI_2009_765KVPOOLI,765 KV POOLING STATION & NETWORK WITH DVC & MAITHOB RBC,,8/2008,8/2012,,8/2012,7075.33,,7075.33,0.0,0.0,657.18,9.29,9.29,0.0,0.0,Low,On Schedule,,Power & Renewable Energy,Multi-State / Central,1.0,0.093,8.865,0,48.0,On Schedule,0,Low,538
APR-2009,2009,APR,FLR_APR_2009.pdf,MOSPI_2009_765KVSYSTE,765 KV SYSTEM FOR CENTRAL PART OF NORTHERN GRID - PART-I,,2/2009,2/2012,,2/2012,1347.32,,1347.32,0.0,0.0,66.17,4.91,4.91,0.0,0.0,Low,On Schedule,,Power & Renewable Energy,Multi-State / Central,1.0,0.049,7.207,0,36.0,On Schedule,0,Low,539
APR-2009,2009,APR,FLR_APR_2009.pdf,MOSPI_2009_TRANSMISSI,TRANSMISSION SYSTEM ASSOCIATED WITH CVHAMERA-III HEP,,4/2008,7/2011,,7/2011,297.37,,297.37,0.0,0.0,50.05,16.83,16.83,0.0,0.0,Low,On Schedule,,Power & Renewable Energy,Multi-State / Central,1.0,0.168,5.698,0,39.0,On Schedule,0,Low,540
APR-2009,2009,APR,FLR_APR_2009.pdf,MOSPI_2009_TRSYSTEMAS,TR. SYSTEM ASSOCIATED WITH TUTICORIN JV TPS,,2/2009,7/2010,,7/2010,353.57,,353.57,0.0,0.0,18.08,5.11,5.11,0.0,0.0,Low,On Schedule,,Other Infrastructure,Multi-State / Central,1.0,0.051,5.871,0,17.0,On Schedule,0,Low,541
APR-2009,2009,APR,FLR_APR_2009.pdf,MOSPI_2009_RUPSABANGR,RUPSA-BANGRIPOSI,,2/1996,3/1998,,3/2010,57.94,,137.57,79.63,137.44,113.24,100.0,195.44,95.44,144.0,High,General Execution Delay,,Other Infrastructure,Multi-State / Central,2.374,1.954,4.077,1,25.0,Fund Constraint & Financial Stress,4378,High,542
APR-2009,2009,APR,FLR_APR_2009.pdf,MOSPI_2009_JALANDHARP,JALANDHAR- PATHANKOT-JAMMU TAWI,,3/2002,6/2007,,3/2010,409.0,,706.2,297.2,72.67,691.29,100.0,169.02,69.02,33.0,High,General Execution Delay,,Other Infrastructure,Punjab,1.727,1.69,6.016,1,63.0,Fund Constraint & Financial Stress,1003,High,543
APR-2009,2009,APR,FLR_APR_2009.pdf,MOSPI_2009_AYODHYALUC,"AYODHYA-LUCKNOW, KM.45-KM.8.250, NH-28 (UTTAR PRADESH)",UTTAR PRADESH,12/2003,0/2008,,6/2009,193.0,,193.0,0.0,0.0,214.271,100.0,111.02,11.02,8.0,Medium,General Execution Delay,,Road Transport & Highways,Uttar Pradesh,1.0,1.11,5.268,0,48.0,Administrative & Inter-Agency Coordination,243,Medium,544
APR-2009,2009,APR,FLR_APR_2009.pdf,MOSPI_2009_HYDERABADB,"HYDERABAD- BANGALORE, KM.135.47 - KM.211, NH- 7 (A.P.)",A.P.,12/2003,3/2009,,5/2009,611.44,,592.0,-19.44,-3.18,790.74,100.0,129.32,29.32,2.0,Low,General Execution Delay,,Other Infrastructure,Karnataka,0.968,1.293,6.417,1,63.0,On Schedule,61,Low,545
APR-2009,2009,APR,FLR_APR_2009.pdf,MOSPI_2009_SALEMKERAL,"SALEM-KERALA BORDER, KM.53- KM.100, NH-97 (TAMIL NADU)",TAMIL NADU,12/2003,2/2008,,5/2009,379.8,,379.8,0.0,0.0,429.401,100.0,113.06,13.06,5.0,Low,General Execution Delay,,Road Transport & Highways,Tamil Nadu,1.0,1.131,5.942,0,50.0,On Schedule,152,Low,546
APR-2009,2009,APR,FLR_APR_2009.pdf,MOSPI_2009_SALEMKARUR,"SALEM-KARUR, KM.207.05-KM.248.625, NH-7 (TAMIL NADU)",TAMIL NADU,12/2003,1/2009,,5/2009,253.5,,253.5,0.0,0.0,327.33,100.0,129.12,29.12,4.0,Low,General Execution Delay,,Road Transport & Highways,Tamil Nadu,1.0,1.291,5.539,1,61.0,On Schedule,122,Low,547
APR-2009,2009,APR,FLR_APR_2009.pdf,MOSPI_2009_RANCHILOHA,RANCHI-LOHARDAGA EXTENSION TO TORI,,4/1997,6/2004,,3/2011,193.78,,449.83,256.05,132.13,231.76,100.0,119.6,19.6,81.0,High,General Execution Delay,,Other Infrastructure,Jharkhand,2.321,1.196,5.272,1,86.0,Fund Constraint & Financial Stress,2462,High,548
APR-2009,2009,APR,FLR_APR_2009.pdf,MOSPI_2009_NALBARIBIJ,"NALBARI-BIJNI, KM.983-KM.961.5, NH-31 (ASSAM)",ASSAM,12/2003,6/2008,,6/2009,142.0,,142.0,0.0,0.0,79.16,55.75,55.75,0.0,12.0,Medium,General Execution Delay,,Road Transport & Highways,Assam,1.0,0.557,4.963,0,54.0,Administrative & Inter-Agency Coordination,365,Medium,549
APR-2009,2009,APR,FLR_APR_2009.pdf,MOSPI_2009_BIJNIASSAM,"BIJNI-ASSAM/WEST BENGAL BORDER, KM.30-KM.60, NH-31C",,12/2003,6/2008,,6/2009,195.0,,195.0,0.0,0.0,52.5,26.92,26.92,0.0,12.0,Medium,General Execution Delay,,Road Transport & Highways,Assam,1.0,0.269,5.278,0,54.0,Administrative & Inter-Agency Coordination,365,Medium,550
AUG-2009,2009,AUG,FR_AUG_2009.pdf,MOSPI_2009_LAKHNADONM,"LAKHNADON- MP/MAHARSHTRA BORDER, KM.596.75- KM.653.22, NH-7",,12/2003,6/2010,,6/2010,407.6,,407.6,0.0,0.0,177.0,43.42,43.42,0.0,0.0,Low,On Schedule,,Road Transport & Highways,Multi-State / Central,1.0,0.434,6.013,0,78.0,On Schedule,0,Low,551
AUG-2009,2009,AUG,FR_AUG_2009.pdf,MOSPI_2009_LALITPURSA,"LALITPUR-SAGAR (2), KM.132-KM.187, NH-26 (M.P.)",2,12/2003,10/2008,,5/2010,225.0,,225.0,0.0,0.0,123.5,54.89,54.89,0.0,19.0,Medium,General Execution Delay,,Road Transport & Highways,Multi-State / Central,1.0,0.549,5.421,0,58.0,Land Acquisition & Right of Way,578,Medium,552
AUG-2009,2009,AUG,FR_AUG_2009.pdf,MOSPI_2009_NALBARIBIJ,"NALBARI-BIJNI, KM.1013-KM.983, NH-31 (ASSAM)",ASSAM,12/2003,6/2008,,6/2010,200.0,,200.0,0.0,0.0,126.2,63.1,63.1,0.0,24.0,Medium,General Execution Delay,,Road Transport & Highways,Assam,1.0,0.631,5.303,0,54.0,Forest & Environmental Clearances,730,Medium,553
AUG-2009,2009,AUG,FR_AUG_2009.pdf,MOSPI_2009_NEWMANGLOR,"NEW MANGLORE PORT, KM.37, NH-17 & 48 (KARNATAKA)",KARNATAKA,4/2000,6/2008,,12/2009,196.5,,196.5,0.0,0.0,132.44,67.4,67.4,0.0,18.0,Medium,General Execution Delay,,Road Transport & Highways,Karnataka,1.0,0.674,5.286,0,98.0,Land Acquisition & Right of Way,547,Medium,554
AUG-2009,2009,AUG,FR_AUG_2009.pdf,MOSPI_2009_MAILBANGLU,"MAILBANG-LUNDING, KM.111.00-KM.126.45, NH-54 (ASSAM)",ASSAM,12/2003,11/2008,,12/2010,155.04,,155.04,0.0,0.0,27.96,18.03,18.03,0.0,25.0,High,General Execution Delay,,Road Transport & Highways,Assam,1.0,0.18,5.05,0,59.0,Forest & Environmental Clearances,760,High,555
AUG-2009,2009,AUG,FR_AUG_2009.pdf,MOSPI_2009_ORAIJHANSI,"ORAI-JHANSI, KM.170.0- KM.104.0, NH-25 (U.P.)",U.P.,12/2003,4/2008,,3/2010,451.97,,451.97,0.0,0.0,352.7,78.04,78.04,0.0,23.0,Medium,General Execution Delay,,Road Transport & Highways,Multi-State / Central,1.0,0.78,6.116,0,52.0,Land Acquisition & Right of Way,699,Medium,556
AUG-2009,2009,AUG,FR_AUG_2009.pdf,MOSPI_2009_DEEPENINGO,DEEPENING OF CHANNEL AT PARADIP PORT,,12/2005,6/2007,,3/2010,154.84,,253.36,98.52,63.63,80.23,51.81,51.81,0.0,33.0,High,General Execution Delay,,Ports & Shipping,Odisha,1.636,0.518,5.049,0,18.0,Scope & Engineering Design Modifications,1003,High,557
FEB-2009,2009,FEB,FLR_FEB_2009.pdf,MOSPI_2009_UPBIHARBOR,"UP/BIHAR BORDER- KASIA, KM.360.915- KM.319.8, NH-28, (U.P.)",U.P.,12/2003,2/2008,,12/2009,227.0,,227.0,0.0,0.0,197.941,87.2,87.2,0.0,12.0,Medium,General Execution Delay,,Road Transport & Highways,Uttar Pradesh,1.0,0.872,5.429,0,50.0,Administrative & Inter-Agency Coordination,365,Medium,558
FEB-2009,2009,FEB,FLR_FEB_2009.pdf,MOSPI_2009_PATHANKOTB,"PATHANKOT- BHOGPUR, KM.26- KM.70, NH-1A (PUNJAB)",PUNJAB,12/2003,5/2008,,12/2009,284.0,,284.0,0.0,0.0,199.36,70.2,70.2,0.0,19.0,Medium,General Execution Delay,,Road Transport & Highways,Punjab,1.0,0.702,5.652,0,53.0,Land Acquisition & Right of Way,578,Medium,559
FEB-2009,2009,FEB,FLR_FEB_2009.pdf,MOSPI_2009_DEEPENINGW,DEEPENING & WIDENING OF MAIN HARBOUR (MAHARASHTRA),MAHARASHTRA,10/2005,0/2008,,2/2009,800.0,,800.0,0.0,0.0,3.061,0.38,0.38,0.0,4.0,Low,General Execution Delay,,Ports & Shipping,Maharashtra,1.0,0.004,6.686,0,26.0,On Schedule,122,Low,560
FEB-2009,2009,FEB,FLR_FEB_2009.pdf,MOSPI_2009_LUMDINGTOD,LUMDING TO DABOKA,,12/2003,8/2010,,9/2010,130.0,,130.0,0.0,0.0,23.87,18.36,18.36,0.0,1.0,Low,General Execution Delay,,Other Infrastructure,Multi-State / Central,1.0,0.184,4.875,0,80.0,On Schedule,30,Low,561
FEB-2009,2009,FEB,FLR_FEB_2009.pdf,MOSPI_2009_KADALARMUR,"KADAL-ARMUR, KM.278-KM.208, NH-7, (A.P.)",A.P.,12/2003,1/2009,,11/2009,271.73,,271.73,0.0,0.0,195.451,71.93,71.93,0.0,0.0,Low,On Schedule,,Road Transport & Highways,Multi-State / Central,1.0,0.719,5.608,0,61.0,On Schedule,0,Low,562
FEB-2009,2009,FEB,FLR_FEB_2009.pdf,MOSPI_2009_GAGODHARGA,"GAGODHAR- GARAMORE, KM.245- KM.281.3 & KM.308- KM.254, NH-8A",,12/2003,1/2007,,11/2009,412.78,,479.54,66.76,16.17,369.401,89.49,89.49,0.0,24.0,Medium,General Execution Delay,,Road Transport & Highways,Multi-State / Central,1.162,0.895,6.025,0,37.0,Land Acquisition & Right of Way,730,Medium,563
FEB-2009,2009,FEB,FLR_FEB_2009.pdf,MOSPI_2009_MAILBANGLU,"MAILBANG-LUNDING, KM.60.50-KM.83.40, NH- 54 (ASSAM)",ASSAM,12/2003,1/2008,,11/2009,167.64,,167.64,0.0,0.0,38.351,22.88,22.88,0.0,12.0,Medium,General Execution Delay,,Other Infrastructure,Assam,1.0,0.229,5.128,0,49.0,Administrative & Inter-Agency Coordination,365,Medium,564
FEB-2009,2009,FEB,FLR_FEB_2009.pdf,MOSPI_2009_DHARMATULS,"DHARMATUL- SONAPUR, KM.230.50- KM.230.00, NH-31 (ASSAM)",ASSAM,12/2003,6/2008,,6/2009,200.0,,200.0,0.0,0.0,78.52,39.26,39.26,0.0,12.0,Medium,General Execution Delay,,Road Transport & Highways,Assam,1.0,0.393,5.303,0,54.0,Administrative & Inter-Agency Coordination,365,Medium,565
FEB-2009,2009,FEB,FLR_FEB_2009.pdf,MOSPI_2009_SILCHARUDA,"SILCHAR-UDARBAND, KM.309-KM.275, NH-54 (ASSAM)",ASSAM,12/2003,9/2007,,6/2009,157.47,,154.57,-2.9,-1.84,96.38,61.21,61.21,0.0,21.0,Medium,General Execution Delay,,Road Transport & Highways,Assam,0.982,0.612,5.066,0,45.0,Forest & Environmental Clearances,638,Medium,566
FEB-2009,2009,FEB,FLR_FEB_2009.pdf,MOSPI_2009_NAGAONBYPA,"NAGAON BYPASS, KM.5.5-KM.262.7, NH-36 (ASSAM)",ASSAM,12/2003,6/2008,,6/2009,230.0,,230.0,0.0,0.0,137.07,59.6,59.6,0.0,12.0,Medium,General Execution Delay,,Road Transport & Highways,Assam,1.0,0.596,5.442,0,54.0,Land Acquisition & Right of Way,365,Medium,567
FEB-2009,2009,FEB,FLR_FEB_2009.pdf,MOSPI_2009_GUWAHATINA,"GUWAHATI-NALBARI, KM.1093-KM.1065, NH- 31 (ASSAM)",ASSAM,12/2003,4/2008,,6/2009,198.16,,198.16,0.0,0.0,60.89,30.73,30.73,0.0,14.0,Medium,General Execution Delay,,Other Infrastructure,Assam,1.0,0.307,5.294,0,52.0,Administrative & Inter-Agency Coordination,426,Medium,568
FEB-2009,2009,FEB,FLR_FEB_2009.pdf,MOSPI_2009_NALBARIBIJ,"NALBARI-BIJNI, KM.1040.3-KM.1013, NH- 31 (ASSAM)",ASSAM,12/2003,4/2008,,6/2009,208.0,,208.0,0.0,0.0,37.58,18.07,18.07,0.0,14.0,Medium,General Execution Delay,,Other Infrastructure,Assam,1.0,0.181,5.342,0,52.0,Administrative & Inter-Agency Coordination,426,Medium,569
FEB-2009,2009,FEB,FLR_FEB_2009.pdf,MOSPI_2009_KASIAGORAK,"KASIA-GORAKHPUR, KM.319.8-KM.279.8, NH- 28 (UTTAR PRADESH)",UTTAR PRADESH,12/2003,2/2008,,12/2009,242.0,,242.0,0.0,0.0,200.261,82.75,82.75,0.0,12.0,Medium,General Execution Delay,,Other Infrastructure,Uttar Pradesh,1.0,0.828,5.493,0,50.0,Administrative & Inter-Agency Coordination,365,Medium,570
FEB-2009,2009,FEB,FLR_FEB_2009.pdf,MOSPI_2009_CHITRADURG,"CHITRADURGA BY PASS, KM.207-KM.189 (NH-4)",,4/2000,8/2004,,6/2009,104.0,,104.0,0.0,0.0,126.81,100.0,121.93,21.93,58.0,High,General Execution Delay,,Road Transport & Highways,Multi-State / Central,1.0,1.219,4.654,1,52.0,Land Acquisition & Right of Way,1763,High,571
FEB-2009,2009,FEB,FLR_FEB_2009.pdf,MOSPI_2009_MAHARASHTR,"MAHARASHTRA/A.P. BORDER-ISLAM NAGAR KM.175-KM.230, NH-7",,12/2003,1/2009,,11/2009,360.42,,360.42,0.0,0.0,162.961,45.21,45.21,0.0,0.0,Low,On Schedule,,Road Transport & Highways,Maharashtra,1.0,0.452,5.89,0,61.0,On Schedule,0,Low,572
FEB-2009,2009,FEB,FLR_FEB_2009.pdf,MOSPI_2009_BANGALOREN,BANGALORE- NEELAMANGALA (KARNATKA),KARNATKA,3/2005,7/2010,,11/2009,445.0,,445.0,0.0,0.0,293.81,66.02,66.02,0.0,0.0,Low,On Schedule,,Other Infrastructure,Karnataka,1.0,0.66,6.1,0,64.0,On Schedule,0,Low,573
FEB-2009,2009,FEB,FLR_FEB_2009.pdf,MOSPI_2009_CHENNAIBYP,"CHENNAI BYPASS, KM.32, NH-4, 5, & 45 (TAMIL NADU)",TAMIL NADU,12/2003,1/2007,,6/2009,480.0,,480.0,0.0,0.0,604.641,100.0,125.97,25.97,19.0,Medium,General Execution Delay,,Road Transport & Highways,Tamil Nadu,1.0,1.26,6.176,1,37.0,Land Acquisition & Right of Way,578,Medium,574
FEB-2009,2009,FEB,FLR_FEB_2009.pdf,MOSPI_2009_TOVARAMKUR,"TOVARAMKURCHI- MADURAI, KM.60.95- KM.124.84 (T.N.)",T.N.,12/2003,8/2008,,6/2009,263.0,,263.0,0.0,0.0,217.59,82.73,82.73,0.0,10.0,Medium,General Execution Delay,,Other Infrastructure,Tamil Nadu,1.0,0.827,5.576,0,56.0,Administrative & Inter-Agency Coordination,304,Medium,575
FEB-2009,2009,FEB,FLR_FEB_2009.pdf,MOSPI_2009_ASSAMWESTB,"ASSAM/WEST BENGAL BORDER-GAIRKATTA, KM.255-KM.223, NH-31",,12/2003,1/2008,,6/2009,221.82,,221.82,0.0,0.0,86.581,39.03,39.03,0.0,7.0,Medium,General Execution Delay,,Road Transport & Highways,Assam,1.0,0.39,5.406,0,49.0,Administrative & Inter-Agency Coordination,213,Medium,576
FEB-2009,2009,FEB,FLR_FEB_2009.pdf,MOSPI_2009_SILIGURIIS,"SILIGURI-ISLAMPUR, KM.526-KM.500, NH- 31(WEST BENGAL)",WEST BENGAL,12/2003,7/2008,,6/2009,225.0,,225.0,0.0,0.0,108.52,48.23,48.23,0.0,11.0,Medium,General Execution Delay,,Other Infrastructure,West Bengal,1.0,0.482,5.421,0,55.0,Administrative & Inter-Agency Coordination,334,Medium,577
FEB-2009,2009,FEB,FLR_FEB_2009.pdf,MOSPI_2009_GORAKHPURB,"GORAKHPUR BYPASS, KM.251.7-KM.279.8, NH- 28 (U.P.)",U.P.,12/2003,0/2009,,10/2009,600.24,,600.24,0.0,0.0,306.341,51.04,51.04,0.0,0.0,Low,On Schedule,,Road Transport & Highways,Multi-State / Central,1.0,0.51,6.399,0,60.0,On Schedule,0,Low,578
FEB-2009,2009,FEB,FLR_FEB_2009.pdf,MOSPI_2009_MEERUTMUZA,"MEERUT- MUZAFFARNAGAR, KM.52.25-KM.131.00, NH-58 (U.P.)",U.P.,3/2005,3/2009,,9/2009,359.0,,359.0,0.0,0.0,377.76,100.0,105.23,5.23,6.0,Low,General Execution Delay,,Road Transport & Highways,Multi-State / Central,1.0,1.052,5.886,0,48.0,On Schedule,182,Low,579
FEB-2009,2009,FEB,FLR_FEB_2009.pdf,MOSPI_2009_JALANDARAM,"JALANDAR-AMRITSAR, KM.407-KM.456, NH-1, (PANJAB)",PANJAB,3/2005,2/2009,,9/2009,263.0,,263.0,0.0,0.0,238.98,90.87,90.87,0.0,7.0,Medium,General Execution Delay,,Road Transport & Highways,Punjab,1.0,0.909,5.576,0,47.0,Administrative & Inter-Agency Coordination,213,Medium,580
FEB-2009,2009,FEB,FLR_FEB_2009.pdf,MOSPI_2009_JHANSITOLA,"JHANSI TO LALITPUR, NH-25,26 (NS, PH-II)",,12/2003,9/2009,,9/2009,355.06,,355.06,0.0,0.0,191.6,53.96,53.96,0.0,0.0,Low,On Schedule,,Road Transport & Highways,Multi-State / Central,1.0,0.54,5.875,0,69.0,On Schedule,0,Low,581
FEB-2009,2009,FEB,FLR_FEB_2009.pdf,MOSPI_2009_JHANSILALI,"JHANSI-LALITPUR, KM.49.7-KM.99, NH-26 (U.P.)",U.P.,12/2003,9/2009,,9/2009,276.09,,276.09,0.0,0.0,150.08,54.36,54.36,0.0,0.0,Low,On Schedule,,Road Transport & Highways,Multi-State / Central,1.0,0.544,5.624,0,69.0,On Schedule,0,Low,582
FEB-2009,2009,FEB,FLR_FEB_2009.pdf,MOSPI_2009_GANJAMICCH,"GANJAM- ICCHAPURAM, KM.233- KM.284, NH-5 (ORISSA)",ORISSA,4/2000,2/2004,,6/2009,263.27,,263.27,0.0,0.0,166.1,63.09,63.09,0.0,64.0,High,General Execution Delay,,Road Transport & Highways,Odisha,1.0,0.631,5.577,0,46.0,Forest & Environmental Clearances,1946,High,583
FEB-2009,2009,FEB,FLR_FEB_2009.pdf,MOSPI_2009_GORAKHPURA,"GORAKHPUR- AYODHYA, KM.251.70- KM.208.00, NH-28 (U.P.)",U.P.,12/2003,0/2008,,6/2009,239.0,,239.0,0.0,0.0,204.411,85.53,85.53,0.0,8.0,Medium,General Execution Delay,,Road Transport & Highways,Uttar Pradesh,1.0,0.855,5.481,0,48.0,Administrative & Inter-Agency Coordination,243,Medium,584
FEB-2009,2009,FEB,FLR_FEB_2009.pdf,MOSPI_2009_DAKOBANAGA,"DAKOBA-NAGAON, KM.36-KM.5.5, NH-36 (ASSAM)",ASSAM,12/2003,6/2008,,6/2009,225.0,,225.0,0.0,0.0,86.47,38.43,38.43,0.0,12.0,Medium,General Execution Delay,,Road Transport & Highways,Assam,1.0,0.384,5.421,0,54.0,Administrative & Inter-Agency Coordination,365,Medium,585
FEB-2009,2009,FEB,FLR_FEB_2009.pdf,MOSPI_2009_LANKADABOK,"LANKA-DABOKA, KM.22-KM.24, NH-54 (ASSAM)",ASSAM,12/2003,6/2008,,6/2009,225.0,,225.0,0.0,0.0,99.85,44.38,44.38,0.0,12.0,Medium,General Execution Delay,,Road Transport & Highways,Assam,1.0,0.444,5.421,0,54.0,Administrative & Inter-Agency Coordination,365,Medium,586
FEB-2009,2009,FEB,FLR_FEB_2009.pdf,MOSPI_2009_TINDIVANAM,"TINDIVANAM- UIUNDURPET, KM.121- KM.192.25, NH-45 (T.N.)",T.N.,12/2003,3/2009,,3/2009,480.0,,480.0,0.0,0.0,820.0,100.0,170.83,70.83,0.0,Low,On Schedule,,Road Transport & Highways,Multi-State / Central,1.0,1.708,6.176,1,63.0,On Schedule,0,Low,587
FEB-2009,2009,FEB,FLR_FEB_2009.pdf,MOSPI_2009_THANJAVURT,"THANJAVUR-TRICHY, KM.80-KM.135.75, NH-67 (T.N.)",T.N.,3/2005,6/2009,,6/2009,280.0,,280.0,0.0,0.0,213.83,76.37,76.37,0.0,0.0,Low,On Schedule,,Road Transport & Highways,Multi-State / Central,1.0,0.764,5.638,0,51.0,On Schedule,0,Low,588
FEB-2009,2009,FEB,FLR_FEB_2009.pdf,MOSPI_2009_TRICHYBYPA,"TRICHY BYPASS- TUVARAMKURCHI, KM.61, NH-45B (TAMIL NADU)",TAMIL NADU,12/2003,8/2008,,6/2009,261.0,,261.0,0.0,0.0,193.17,74.01,74.01,0.0,10.0,Medium,General Execution Delay,,Road Transport & Highways,Tamil Nadu,1.0,0.74,5.568,0,56.0,Land Acquisition & Right of Way,304,Medium,589
FEB-2009,2009,FEB,FLR_FEB_2009.pdf,MOSPI_2009_HYDERABADB,"HYDERABAD- BANGALORE, KM.135.47-KM.211, NH-7 (A.P.)",A.P.,12/2003,3/2009,,5/2009,611.44,,592.0,-19.44,-3.18,782.74,100.0,128.02,28.02,2.0,Low,General Execution Delay,,Road Transport & Highways,Karnataka,0.968,1.28,6.417,1,63.0,On Schedule,61,Low,590
FEB-2009,2009,FEB,FLR_FEB_2009.pdf,MOSPI_2009_SAGARRAJMA,"SAGAR-RAJMARG CHORAHA, KM.255- KM.297, NH-26 (M.P.)",M.P.,12/2003,0/2008,,4/2009,206.96,,206.96,0.0,0.0,51.791,25.02,25.02,0.0,6.0,Low,General Execution Delay,,Road Transport & Highways,Multi-State / Central,1.0,0.25,5.337,0,48.0,On Schedule,182,Low,591
FEB-2009,2009,FEB,FLR_FEB_2009.pdf,MOSPI_2009_GOGUNDAUDA,"GOGUNDA-UDAIPUR, KM.104-KM.73, NH-76 (RAJASTHAN)",RAJASTHAN,12/2003,8/2007,,4/2009,266.0,,288.06,22.06,8.29,284.69,100.0,107.03,7.03,20.0,Medium,General Execution Delay,,Road Transport & Highways,Rajasthan,1.083,1.07,5.587,0,44.0,Land Acquisition & Right of Way,608,Medium,592
FEB-2009,2009,FEB,FLR_FEB_2009.pdf,MOSPI_2009_SALEMKERAL,"SALEM-KERALA BORDER, KM.203.96- KM.53, NH-47 (TAMIL NADU)",TAMIL NADU,12/2003,2/2008,,4/2009,469.8,,469.8,0.0,0.0,559.071,100.0,119.0,19.0,4.0,Low,General Execution Delay,,Road Transport & Highways,Tamil Nadu,1.0,1.19,6.154,1,50.0,On Schedule,122,Low,593
FEB-2009,2009,FEB,FLR_FEB_2009.pdf,MOSPI_2009_FARUKHANAG,"FARUKHANAGAR- KOTAKOTTA, KM.80.05- KM.135.47, NH-7 (A.P.)",A.P.,12/2003,2/2009,,3/2009,313.7,,302.0,-11.7,-3.73,426.27,100.0,135.88,35.88,1.0,Low,General Execution Delay,,Road Transport & Highways,Rajasthan,0.963,1.359,5.752,1,62.0,On Schedule,30,Low,594
FEB-2009,2009,FEB,FLR_FEB_2009.pdf,MOSPI_2009_PURNEAGOYA,"PURNEA-GOYAKOTA, KM.419-KM.447, NH-31 (BIHAR)",BIHAR,4/2000,7/2004,,3/2009,205.73,,205.73,0.0,0.0,228.38,100.0,111.01,11.01,56.0,High,General Execution Delay,,Road Transport & Highways,Bihar,1.0,1.11,5.331,0,51.0,Land Acquisition & Right of Way,1702,High,595
FEB-2009,2009,FEB,FLR_FEB_2009.pdf,MOSPI_2009_BIJNIASSAM,"BIJNI-ASSAM/WB BORDER, KM.30.0- KM.0.0, NH-31C (ASSAM)",ASSAM,12/2003,6/2005,,6/2009,230.0,,230.0,0.0,0.0,76.67,33.33,33.33,0.0,48.0,High,General Execution Delay,,Road Transport & Highways,Assam,1.0,0.333,5.442,0,18.0,Forest & Environmental Clearances,1459,High,596
FEB-2009,2009,FEB,FLR_FEB_2009.pdf,MOSPI_2009_RJMPBORDER,"RJ/MP BORDER-KOTA, KM.449.15-KM.406 NH- 76 (RAJASTHAN)",RAJASTHAN,12/2003,4/2008,,6/2009,297.72,,359.43,61.71,20.73,205.17,68.91,68.91,0.0,14.0,Medium,General Execution Delay,,Other Infrastructure,Rajasthan,1.207,0.689,5.7,0,52.0,Administrative & Inter-Agency Coordination,426,Medium,597
FEB-2009,2009,FEB,FLR_FEB_2009.pdf,MOSPI_2009_SIMRAHIRIN,"SIMRAHI-RINGBUND, KM.190-KM.165, NH-57 (BIHAR)",BIHAR,12/2003,4/2008,,6/2009,100.5,,100.5,0.0,0.0,108.8,100.0,108.26,8.26,14.0,Medium,General Execution Delay,,Road Transport & Highways,Bihar,1.0,1.083,4.62,0,52.0,Administrative & Inter-Agency Coordination,426,Medium,598
FEB-2009,2009,FEB,FLR_FEB_2009.pdf,MOSPI_2009_DARBHANGAM,"DARBHANGA- MUZAFFARPUR, KM.70- KM.30, NH-57, (BIHAR)",BIHAR,12/2003,6/2008,,6/2009,305.0,,305.0,0.0,0.0,192.02,62.96,62.96,0.0,12.0,Medium,General Execution Delay,,Road Transport & Highways,Bihar,1.0,0.63,5.724,0,54.0,Administrative & Inter-Agency Coordination,365,Medium,599
FEB-2009,2009,FEB,FLR_FEB_2009.pdf,MOSPI_2009_RINGBUNDSJ,"RINGBUNDS- JHANJHARPUR, KM.155- KM.110, NH-57 (BIHAR)",BIHAR,12/2003,6/2008,,6/2009,340.0,,340.0,0.0,0.0,226.88,66.73,66.73,0.0,12.0,Medium,General Execution Delay,,Road Transport & Highways,Bihar,1.0,0.667,5.832,0,54.0,Administrative & Inter-Agency Coordination,365,Medium,600
FEB-2009,2009,FEB,FLR_FEB_2009.pdf,MOSPI_2009_RAJASTHANM,"RAJASTHAN/MP BORDER-KOTA, KM.509-KM.449.15, NH- 76",,12/2003,4/2008,,6/2009,378.22,,430.21,51.99,13.75,352.59,93.22,93.22,0.0,14.0,Medium,General Execution Delay,,Other Infrastructure,Rajasthan,1.137,0.932,5.938,0,52.0,Administrative & Inter-Agency Coordination,426,Medium,601
FEB-2009,2009,FEB,FLR_FEB_2009.pdf,MOSPI_2009_AYODHYALUC,"AYODHYA-LUCKNOW, KM.135.000-KM.93.075, NH-28 (U.P.)",U.P.,12/2003,0/2008,,6/2009,212.0,,212.0,0.0,0.0,221.841,100.0,104.64,4.64,8.0,Medium,General Execution Delay,,Road Transport & Highways,Uttar Pradesh,1.0,1.046,5.361,0,48.0,Administrative & Inter-Agency Coordination,243,Medium,602
FEB-2009,2009,FEB,FLR_FEB_2009.pdf,MOSPI_2009_GARHMUKTES,"GARHMUKTESHWAR- MURADABAD, KM.93- 149.25, NH-24 (U.P.)",U.P.,4/2000,9/2007,,5/2009,275.0,,275.0,0.0,0.0,209.61,76.22,76.22,0.0,20.0,Medium,General Execution Delay,,Road Transport & Highways,Multi-State / Central,1.0,0.762,5.62,0,89.0,Land Acquisition & Right of Way,608,Medium,603
FEB-2009,2009,FEB,FLR_FEB_2009.pdf,MOSPI_2009_AGRABHARAT,"AGRA-BHARATPUR, KM.45, NH-11 (U.P.)",U.P.,3/2005,3/2009,,5/2009,195.0,,195.0,0.0,0.0,190.61,97.75,97.75,0.0,2.0,Low,General Execution Delay,,Road Transport & Highways,Uttar Pradesh,1.0,0.977,5.278,0,48.0,On Schedule,61,Low,604
APR-2009,2009,APR,FLR_APR_2009.pdf,MOSPI_2009_JHANSIBYPA,"JHANSI BYPASS, KM.104-KM.91, NH-25 (UTTAR PRADESH)",UTTAR PRADESH,12/2003,8/2005,,12/2009,158.06,,158.06,0.0,0.0,109.68,69.39,69.39,0.0,52.0,High,General Execution Delay,,Road Transport & Highways,Uttar Pradesh,1.0,0.694,5.069,0,20.0,Land Acquisition & Right of Way,1581,High,605
APR-2009,2009,APR,FLR_APR_2009.pdf,MOSPI_2009_HARANGAJOM,"HARANGAJO- MAILBANG, KM.126.45- KM.140.70, NH-54 (ASSAM)",ASSAM,12/2003,2/2009,,12/2009,280.0,,280.0,0.0,0.0,89.46,31.95,31.95,0.0,10.0,Medium,General Execution Delay,,Road Transport & Highways,Assam,1.0,0.319,5.638,0,62.0,Administrative & Inter-Agency Coordination,304,Medium,606
FEB-2009,2009,FEB,FLR_FEB_2009.pdf,MOSPI_2009_FORBESGANJ,"FORBESGANJ-SIMRAHI, KM.230-KM.190, NH-57 (BIHAR)",BIHAR,12/2003,9/2008,,6/2009,332.94,,332.94,0.0,0.0,124.4,37.36,37.36,0.0,9.0,Medium,General Execution Delay,,Road Transport & Highways,Bihar,1.0,0.374,5.811,0,57.0,Administrative & Inter-Agency Coordination,274,Medium,607
FEB-2009,2009,FEB,FLR_FEB_2009.pdf,MOSPI_2009_FATEHPURKH,"FATEHPUR-KHAGA, KM.38-KM.115, NH-2 (U.P.)",U.P.,4/2000,7/2004,,6/2009,372.4,,372.4,0.0,0.0,371.8,99.84,99.84,0.0,59.0,High,General Execution Delay,,Road Transport & Highways,Multi-State / Central,1.0,0.998,5.923,0,51.0,Land Acquisition & Right of Way,1794,High,608
FEB-2009,2009,FEB,FLR_FEB_2009.pdf,MOSPI_2009_PALANPURSW,"PALANPUR- SWAROOPGANJ, KM.264-KM.340, NH-14 (RAJASTHAN)",RAJASTHAN,12/2003,3/2009,,6/2009,498.0,,498.0,0.0,0.0,82.03,16.47,16.47,0.0,3.0,Low,General Execution Delay,,Road Transport & Highways,Rajasthan,1.0,0.165,6.213,0,63.0,On Schedule,91,Low,609
FEB-2009,2009,FEB,FLR_FEB_2009.pdf,MOSPI_2009_PANIPATPAN,"PANIPAT-PANCHI GUJARAN, KM.86- KM.66, (HARYANA)",HARYANA,12/2003,0/2008,,6/2009,109.0,,109.0,0.0,0.0,88.611,81.29,81.29,0.0,8.0,Medium,General Execution Delay,,Other Infrastructure,Haryana,1.0,0.813,4.7,0,48.0,Administrative & Inter-Agency Coordination,243,Medium,610
FEB-2009,2009,FEB,FLR_FEB_2009.pdf,MOSPI_2009_KONDHALITE,"KONDHALI-TELEGAON, KM.50-KM.100, NH-6 (MAHARASHTRA)",MAHARASHTRA,3/2005,3/2009,,3/2009,212.0,,212.0,0.0,0.0,331.87,100.0,156.54,56.54,0.0,Low,On Schedule,,Road Transport & Highways,Maharashtra,1.0,1.565,5.361,1,48.0,On Schedule,0,Low,611
FEB-2009,2009,FEB,FLR_FEB_2009.pdf,MOSPI_2009_BHUBANESWA,"BHUBANESWAR- KHURDA, KM.388- KM.418, NH-5 (ORISSA)",ORISSA,4/2000,1/2004,,3/2009,140.85,,140.85,0.0,0.0,146.23,100.0,103.82,3.82,62.0,High,General Execution Delay,,Road Transport & Highways,Odisha,1.0,1.038,4.955,0,45.0,Forest & Environmental Clearances,1885,High,612
FEB-2009,2009,FEB,FLR_FEB_2009.pdf,MOSPI_2009_PARADIPPOR,"PARADIP PORT, KM.77, NH-5A (ORISSA)",ORISSA,4/2000,2/2007,,3/2009,428.0,,428.0,0.0,0.0,442.2,100.0,103.32,3.32,25.0,High,General Execution Delay,,Road Transport & Highways,Odisha,1.0,1.033,6.061,0,82.0,Forest & Environmental Clearances,760,High,613
FEB-2009,2009,FEB,FLR_FEB_2009.pdf,MOSPI_2009_BHARATPURM,"BHARATPUR MAHUA, KM.63-KM.120, NH-11 (RAJASTHAN)",RAJASTHAN,3/2005,1/2009,,3/2009,250.0,,250.0,0.0,0.0,341.06,100.0,136.42,36.42,2.0,Low,General Execution Delay,,Road Transport & Highways,Rajasthan,1.0,1.364,5.525,1,46.0,On Schedule,61,Low,614
FEB-2009,2009,FEB,FLR_FEB_2009.pdf,MOSPI_2009_CHITTORGAR,"CHITTORGARH BYPASS(RJ-6) NH-76 KM.159- 213, NH-79,76",,3/2005,8/2005,,3/2009,133.03,,133.03,0.0,0.0,212.62,100.0,159.83,59.83,43.0,High,General Execution Delay,,Road Transport & Highways,Multi-State / Central,1.0,1.598,4.898,1,5.0,Land Acquisition & Right of Way,1307,High,615
FEB-2009,2009,FEB,FLR_FEB_2009.pdf,MOSPI_2009_BAKARIAGOG,"BAKARIA-GOGUNDA, KM.73-KM.29, NH-76 (RAJASTHAN)",RAJASTHAN,12/2003,4/2008,,3/2009,457.0,,530.9,73.9,16.17,460.95,100.0,100.86,0.86,11.0,Medium,General Execution Delay,,Road Transport & Highways,Rajasthan,1.162,1.009,6.127,0,52.0,Administrative & Inter-Agency Coordination,334,Medium,616
APR-2009,2009,APR,FLR_APR_2009.pdf,MOSPI_2009_LAKHNADONM,"LAKHNADON- MP/MAHARASHTRA BORDER, KM.547.4- KM.596.75, NH-7",,12/2003,9/2009,,9/2009,263.17,,263.17,0.0,0.0,184.7,70.18,70.18,0.0,0.0,Low,On Schedule,,Road Transport & Highways,Maharashtra,1.0,0.702,5.577,0,69.0,On Schedule,0,Low,617
APR-2009,2009,APR,FLR_APR_2009.pdf,MOSPI_2009_SONAPURGUW,"SONAPUR-GUWAHATI, KM.183-KM.163.895, NH- 37 (ASSAM)",ASSAM,12/2003,3/2008,,12/2009,245.0,,245.0,0.0,0.0,163.09,66.57,66.57,0.0,21.0,Medium,General Execution Delay,,Other Infrastructure,Assam,1.0,0.666,5.505,0,51.0,Administrative & Inter-Agency Coordination,638,Medium,618
APR-2009,2009,APR,FLR_APR_2009.pdf,MOSPI_2009_MUZZAFFARP,"MUZZAFFARPUR- MEHSI, KM.520-KM.480, NH-28 (BIHAR)",BIHAR,12/2003,7/2005,,12/2009,275.0,,275.0,0.0,0.0,130.88,47.59,47.59,0.0,53.0,High,General Execution Delay,,Road Transport & Highways,Bihar,1.0,0.476,5.62,0,19.0,Land Acquisition & Right of Way,1611,High,619
APR-2009,2009,APR,FLR_APR_2009.pdf,MOSPI_2009_NAGPURKOND,"NAGPUR-KONDHALI, KM.9.2-KM.50, NH-6 (MAHARASHTRA)",MAHARASHTRA,3/2005,2/2008,,12/2009,168.0,,168.0,0.0,0.0,227.741,100.0,135.56,35.56,12.0,Medium,General Execution Delay,,Road Transport & Highways,Maharashtra,1.0,1.356,5.13,1,35.0,Administrative & Inter-Agency Coordination,365,Medium,620
APR-2009,2009,APR,FLR_APR_2009.pdf,MOSPI_2009_VIJAYAPURP,"VIJAYAPUR- PATHANKOT KM.16.35- KM.50.00, NH-1A (J&K)",J&K,12/2003,3/2008,,12/2009,193.09,,193.09,0.0,0.0,79.59,41.22,41.22,0.0,21.0,Medium,General Execution Delay,,Road Transport & Highways,Jammu & Kashmir,1.0,0.412,5.268,0,51.0,Land Acquisition & Right of Way,638,Medium,621
APR-2009,2009,APR,FLR_APR_2009.pdf,MOSPI_2009_KUNJWANIVI,"KUNJWANI-VIJAYPUR, KM.80-KM.97, NH-1A (JAMMU & KASHMIR)",JAMMU & KASHMIR,4/2000,2/2004,,12/2009,110.0,,110.0,0.0,0.0,135.101,100.0,122.82,22.82,60.0,High,General Execution Delay,,Road Transport & Highways,Jammu & Kashmir,1.0,1.228,4.71,1,46.0,Land Acquisition & Right of Way,1824,High,622
APR-2009,2009,APR,FLR_APR_2009.pdf,MOSPI_2009_SUNAKHALAG,"SUNAKHALA-GANJAM, KM.338-KM.284, NH-5 (ORISSA)",ORISSA,4/2000,4/2004,,12/2009,225.0,,225.0,0.0,0.0,145.54,64.68,64.68,0.0,68.0,High,General Execution Delay,,Road Transport & Highways,Odisha,1.0,0.647,5.421,0,48.0,Forest & Environmental Clearances,2067,High,623
APR-2009,2009,APR,FLR_APR_2009.pdf,MOSPI_2009_HAPURGARHM,"HAPUR- GARHMUKTESWAR, KM.58-KM.93, NH-24 (U.P.)",U.P.,4/2000,9/2007,,12/2009,220.0,,220.0,0.0,0.0,104.43,47.47,47.47,0.0,27.0,High,General Execution Delay,,Road Transport & Highways,Multi-State / Central,1.0,0.475,5.398,0,89.0,Land Acquisition & Right of Way,821,High,624
APR-2009,2009,APR,FLR_APR_2009.pdf,MOSPI_2009_DHARAMTULS,"DHARAMTUL- SONAPUR, KM.205- KM.183, NH-31 (ASSAM)",ASSAM,12/2003,5/2008,,12/2009,160.0,,160.0,0.0,0.0,45.8,28.63,28.63,0.0,19.0,Medium,General Execution Delay,,Road Transport & Highways,Assam,1.0,0.286,5.081,0,53.0,Forest & Environmental Clearances,578,Medium,625
FEB-2009,2009,FEB,FLR_FEB_2009.pdf,MOSPI_2009_DEVDHARIWA,"DEVDHARI-WADNER, KM.94-KM.123, NH-7 (MAHARASHTRA)",MAHARASHTRA,12/2003,7/2005,,6/2009,145.0,,145.0,0.0,0.0,24.71,17.04,17.04,0.0,47.0,High,General Execution Delay,,Road Transport & Highways,Maharashtra,1.0,0.17,4.984,0,19.0,Land Acquisition & Right of Way,1429,High,626
FEB-2009,2009,FEB,FLR_FEB_2009.pdf,MOSPI_2009_ALLAHABADB,"ALLAHABAD BYPASS CONTRACT-II, KM.158- KM.198, NH-2 (U.P.)",U.P.,4/2000,2/2006,,6/2009,440.93,,440.93,0.0,0.0,530.401,100.0,120.29,20.29,30.0,High,General Execution Delay,,Road Transport & Highways,Multi-State / Central,1.0,1.203,6.091,1,70.0,Land Acquisition & Right of Way,912,High,627
FEB-2009,2009,FEB,FLR_FEB_2009.pdf,MOSPI_2009_SITAPURLUC,"SITAPUR-LUCKNOW, KM.488.27-KM.413.20, NH-24 (U.P.)",U.P.,3/2005,6/2009,,6/2009,322.0,,322.0,0.0,0.0,110.0,34.16,34.16,0.0,0.0,Low,On Schedule,,Road Transport & Highways,Uttar Pradesh,1.0,0.342,5.778,0,51.0,On Schedule,0,Low,628
FEB-2009,2009,FEB,FLR_FEB_2009.pdf,MOSPI_2009_VARANASIMO,"VARANASI-MOHANIA, KM.317-KM.329, NH-2 (U.P.)",U.P.,4/2000,3/2005,,6/2009,467.93,,467.93,0.0,0.0,433.16,92.57,92.57,0.0,51.0,High,General Execution Delay,,Road Transport & Highways,Uttar Pradesh,1.0,0.926,6.15,0,59.0,Land Acquisition & Right of Way,1550,High,629
APR-2009,2009,APR,FLR_APR_2009.pdf,MOSPI_2009_NAGAONDHAR,"NAGAON-DHARAMTUL KM.255-KM.230, NH-37 (ASSAM)",ASSAM,12/2003,6/2008,,12/2009,264.72,,264.72,0.0,0.0,75.54,28.54,28.54,0.0,18.0,Medium,General Execution Delay,,Road Transport & Highways,Assam,1.0,0.285,5.582,0,54.0,Forest & Environmental Clearances,547,Medium,630
APR-2009,2009,APR,FLR_APR_2009.pdf,MOSPI_2009_TRICHYDIND,TRICHY-DINDIGUAL (TAMIL NADU),TAMIL NADU,3/2005,7/2010,,7/2010,576.0,,576.0,0.0,0.0,5.29,0.92,0.92,0.0,0.0,Low,On Schedule,,Other Infrastructure,Tamil Nadu,1.0,0.009,6.358,0,64.0,On Schedule,0,Low,631
APR-2009,2009,APR,FLR_APR_2009.pdf,MOSPI_2009_PONDICHERY,PONDICHERY- TINDIVANAM (TAMIL NADU),TAMIL NADU,3/2005,7/2010,,7/2010,285.0,,285.0,0.0,0.0,125.87,44.16,44.16,0.0,0.0,Low,On Schedule,,Other Infrastructure,Tamil Nadu,1.0,0.442,5.656,0,64.0,On Schedule,0,Low,632
APR-2009,2009,APR,FLR_APR_2009.pdf,MOSPI_2009_KURALIKIRA,"KURALI-KIRATPUR, NH-21 (PUNJAB)",PUNJAB,3/2005,6/2010,,6/2010,309.0,,309.0,0.0,0.0,90.94,29.43,29.43,0.0,0.0,Low,On Schedule,,Road Transport & Highways,Punjab,1.0,0.294,5.737,0,63.0,On Schedule,0,Low,633
APR-2009,2009,APR,FLR_APR_2009.pdf,MOSPI_2009_HARIHARCHI,"HARIHAR- CHITRADURGA, KM.284-KM.207 (GQ) NH-4 (KARNATAKA)",GQ,4/2000,8/2004,,6/2010,318.0,,207.56,-110.44,-34.73,23.67,7.44,7.44,0.0,70.0,High,General Execution Delay,,Road Transport & Highways,Karnataka,0.653,0.074,5.765,0,52.0,Land Acquisition & Right of Way,2128,High,634
APR-2009,2009,APR,FLR_APR_2009.pdf,MOSPI_2009_COCHINPORT,"COCHIN PORT, KM.10, NH-47 (KERALA)",KERALA,4/2000,8/2006,,4/2010,106.0,,193.0,87.0,82.08,60.21,56.8,56.8,0.0,44.0,High,General Execution Delay,,Road Transport & Highways,Kerala,1.821,0.568,4.673,0,76.0,Land Acquisition & Right of Way,1338,High,635
APR-2009,2009,APR,FLR_APR_2009.pdf,MOSPI_2009_KOSIBRIDGE,"KOSI BRIDGE INCLUDING APPROCHES, KM.155- KM.165, NH-57",,12/2003,3/2010,,4/2010,418.04,,418.04,0.0,0.0,191.1,45.71,45.71,0.0,1.0,Low,General Execution Delay,,Road Transport & Highways,Multi-State / Central,1.0,0.457,6.038,0,75.0,On Schedule,30,Low,636
APR-2009,2009,APR,FLR_APR_2009.pdf,MOSPI_2009_BRAHMPUTRA,"BRAHMPUTRA BRIDGE, KM.1126-KM.1121, NH- 31 (ASSAM)",ASSAM,12/2003,4/2010,,4/2010,217.61,,217.61,0.0,0.0,48.51,22.29,22.29,0.0,0.0,Low,On Schedule,,Other Infrastructure,Assam,1.0,0.223,5.387,0,76.0,On Schedule,0,Low,637
APR-2009,2009,APR,FLR_APR_2009.pdf,MOSPI_2009_ISLAMNAGAR,ISLAM NAGAR TO KADTAL,,12/2003,3/2010,,3/2010,546.83,,546.83,0.0,0.0,222.27,40.65,40.65,0.0,0.0,Low,On Schedule,,Other Infrastructure,Multi-State / Central,1.0,0.406,6.306,0,75.0,On Schedule,0,Low,638
APR-2009,2009,APR,FLR_APR_2009.pdf,MOSPI_2009_AURANGRAIP,"AURANG-RAIPUR, KM.232-KM.281, NH-6 (CHHATTISGARH)",CHHATTISGARH,3/2005,1/2009,,2/2010,190.0,,190.0,0.0,0.0,171.98,90.52,90.52,0.0,13.0,Medium,General Execution Delay,,Road Transport & Highways,Chhattisgarh,1.0,0.905,5.252,0,46.0,Forest & Environmental Clearances,395,Medium,639
APR-2009,2009,APR,FLR_APR_2009.pdf,MOSPI_2009_NHCONNECTI,"NH CONNECTIVITY TO JCTT VALLARAPADAM, SH, (KERALA)",KERALA,4/2007,2/2010,,2/2010,557.0,,557.0,0.0,0.0,602.4,100.0,108.15,8.15,0.0,Low,On Schedule,,Water Resources & Irrigation,Kerala,1.0,1.082,6.324,0,34.0,On Schedule,0,Low,640
APR-2009,2009,APR,FLR_APR_2009.pdf,MOSPI_2009_MADURAITUT,"MADURAI-TUTICORIN, KM.138.8 TO KM.264.5, NH-45B (T.N.)",T.N.,3/2005,1/2010,,1/2010,629.0,,629.0,0.0,0.0,578.491,91.97,91.97,0.0,0.0,Low,On Schedule,,Road Transport & Highways,Tamil Nadu,1.0,0.92,6.446,0,58.0,On Schedule,0,Low,641
APR-2009,2009,APR,FLR_APR_2009.pdf,MOSPI_2009_KOTABYPASS,"KOTA BYPASS, KM.406- KM.381, NH-76 (RAJASTHAN)",RAJASTHAN,12/2003,0/2008,,12/2009,275.0,,250.39,-24.61,-8.95,110.251,40.09,40.09,0.0,14.0,Medium,General Execution Delay,,Road Transport & Highways,Rajasthan,0.911,0.401,5.62,0,48.0,Land Acquisition & Right of Way,426,Medium,642
APR-2009,2009,APR,FLR_APR_2009.pdf,MOSPI_2009_JHAJHARPUR,"JHAJHARPUR- DARBANGA, KM.110- KM.70, NH-57 (BIHAR)",BIHAR,12/2003,9/2008,,12/2009,340.0,,340.0,0.0,0.0,131.61,38.71,38.71,0.0,15.0,Medium,General Execution Delay,,Road Transport & Highways,Bihar,1.0,0.387,5.832,0,57.0,Administrative & Inter-Agency Coordination,456,Medium,643
APR-2009,2009,APR,FLR_APR_2009.pdf,MOSPI_2009_PURNEAFORB,"PURNEA-FORBESGANJ, KM.309-KM.268, NH-57 (BIHAR)",BIHAR,12/2003,4/2008,,12/2009,276.0,,276.0,0.0,0.0,256.75,93.03,93.03,0.0,20.0,Medium,General Execution Delay,,Road Transport & Highways,Bihar,1.0,0.93,5.624,0,52.0,Land Acquisition & Right of Way,608,Medium,644
APR-2009,2009,APR,FLR_APR_2009.pdf,MOSPI_2009_INDOREKALA,"INDORE-KALAGHAT, KM.80, NH-3 (M.P.)",M.P.,3/2005,9/2009,,9/2009,472.0,,472.0,0.0,0.0,516.9,100.0,109.51,9.51,0.0,Low,On Schedule,,Road Transport & Highways,Madhya Pradesh,1.0,1.095,6.159,0,54.0,On Schedule,0,Low,645
APR-2009,2009,APR,FLR_APR_2009.pdf,MOSPI_2009_MEHSIKOTWA,"MEHSI-KOTWA, KM.480-KM.440, NH-28 (BIHAR)",BIHAR,12/2003,7/2005,,12/2009,239.0,,239.0,0.0,0.0,109.53,45.83,45.83,0.0,53.0,High,General Execution Delay,,Road Transport & Highways,Bihar,1.0,0.458,5.481,0,19.0,Land Acquisition & Right of Way,1611,High,646
APR-2009,2009,APR,FLR_APR_2009.pdf,MOSPI_2009_CONVERGENT,CONVERGENT BILLING AND CRM FOR MTNL (DELHI),DELHI,12/2005,2/2007,,4/2009,249.0,,229.41,-19.59,-7.87,67.67,27.18,27.18,0.0,26.0,High,General Execution Delay,,Other Infrastructure,Delhi & NCR,0.921,0.272,5.521,0,14.0,Contractor / Vendor Non-Performance,790,High,647
APR-2009,2009,APR,FLR_APR_2009.pdf,MOSPI_2009_ESTABLISHO,"ESTABLISH OF VTS IN GULF, KUTCH",,1/2002,2/2005,,12/2009,165.0,,165.0,0.0,0.0,43.471,26.35,26.35,0.0,48.0,High,General Execution Delay,,Other Infrastructure,Multi-State / Central,1.0,0.263,5.112,0,37.0,Contractor / Vendor Non-Performance,1459,High,648
APR-2009,2009,APR,FLR_APR_2009.pdf,MOSPI_2009_AGRABYPASS,"AGRA-BYPASS, KM/176.8-KM.13.03, NH- 3 (U.P.)",U.P.,12/2003,9/2007,,2/2011,348.16,,348.16,0.0,0.0,41.27,11.85,11.85,0.0,41.0,High,General Execution Delay,,Road Transport & Highways,Uttar Pradesh,1.0,0.119,5.856,0,45.0,Land Acquisition & Right of Way,1246,High,649
APR-2009,2009,APR,FLR_APR_2009.pdf,MOSPI_2009_SALEMULUND,"SALEM-ULUNDRUPET, KM.0.313-KM.136.67, NH-68",,3/2005,1/2011,,1/2011,941.0,,941.0,0.0,0.0,141.15,15.0,15.0,0.0,0.0,Low,On Schedule,,Road Transport & Highways,Multi-State / Central,1.0,0.15,6.848,0,70.0,On Schedule,0,Low,650
APR-2009,2009,APR,FLR_APR_2009.pdf,MOSPI_2009_SAGARBYPAS,"SAGAR BY PASS, KM.187-KM.211, NH-26 (M.P.)",M.P.,12/2003,0/2008,,12/2010,151.3,,151.3,0.0,0.0,83.781,55.37,55.37,0.0,26.0,High,General Execution Delay,,Road Transport & Highways,Multi-State / Central,1.0,0.554,5.026,0,48.0,Land Acquisition & Right of Way,790,High,651
APR-2009,2009,APR,FLR_APR_2009.pdf,MOSPI_2009_GWALIORJHA,"GWALIOR-JHANSI, KM.96.13, NH-75 (M.P.)",M.P.,12/2003,2/2009,,12/2010,604.0,,604.0,0.0,0.0,120.111,19.89,19.89,0.0,12.0,Medium,General Execution Delay,,Road Transport & Highways,Madhya Pradesh,1.0,0.199,6.405,0,62.0,Administrative & Inter-Agency Coordination,365,Medium,652
APR-2009,2009,APR,FLR_APR_2009.pdf,MOSPI_2009_KELAPURPIM,"KELAPUR- PIMPALKATTI, KM.153- KM.175, NH-7 (MAHARASHTRA)",MAHARASHTRA,12/2003,1/2008,,12/2010,117.4,,117.4,0.0,0.0,29.311,24.97,24.97,0.0,25.0,High,General Execution Delay,,Road Transport & Highways,Maharashtra,1.0,0.25,4.774,0,49.0,Land Acquisition & Right of Way,760,High,653
APR-2009,2009,APR,FLR_APR_2009.pdf,MOSPI_2009_RAJMARGCHO,"RAJMARG CHORAHA- LAKHNANDON, KM.351-KM.405.7, NH-26",,12/2003,0/2008,,12/2010,229.91,,229.91,0.0,0.0,29.181,12.69,12.69,0.0,26.0,High,General Execution Delay,,Road Transport & Highways,Multi-State / Central,1.0,0.127,5.442,0,48.0,Land Acquisition & Right of Way,790,High,654
APR-2009,2009,APR,FLR_APR_2009.pdf,MOSPI_2009_GWALIORBYP,"GWALIOR BYPASS, KM.0-KM.033, NH-75, 3 (M.P.)",M.P.,12/2003,0/2009,,10/2010,300.93,,300.93,0.0,0.0,91.941,30.55,30.55,0.0,12.0,Medium,General Execution Delay,,Road Transport & Highways,Madhya Pradesh,1.0,0.306,5.71,0,60.0,Land Acquisition & Right of Way,365,Medium,655
APR-2009,2009,APR,FLR_APR_2009.pdf,MOSPI_2009_HALDIAPORT,"HALDIA PORT, KM.53, NH-41 (WEST BENGAL)",WEST BENGAL,4/2000,3/2005,,9/2010,273.0,,522.0,249.0,91.21,159.95,58.59,58.59,0.0,66.0,High,General Execution Delay,,Road Transport & Highways,West Bengal,1.912,0.586,5.613,0,59.0,Land Acquisition & Right of Way,2006,High,656
APR-2009,2009,APR,FLR_APR_2009.pdf,MOSPI_2009_CHAMBALBRI,"CHAMBAL BRIDGE, NH- 76 (RAJASTHAN)",RAJASTHAN,12/2003,2/2010,,9/2010,275.0,,281.31,6.31,2.29,123.52,44.92,44.92,0.0,7.0,Medium,General Execution Delay,,Other Infrastructure,Rajasthan,1.023,0.449,5.62,0,74.0,Administrative & Inter-Agency Coordination,213,Medium,657
APR-2009,2009,APR,FLR_APR_2009.pdf,MOSPI_2009_LUCKNOWBYP,"LUCKNOW-BYPASS, NH-25 & NH-28 (UTTAR PRADESH)",UTTAR PRADESH,4/2000,6/2004,,8/2010,182.52,,182.52,0.0,0.0,0.59,0.32,0.32,0.0,74.0,High,General Execution Delay,,Road Transport & Highways,Uttar Pradesh,1.0,0.003,5.212,0,50.0,Land Acquisition & Right of Way,2250,High,658
APR-2009,2009,APR,FLR_APR_2009.pdf,MOSPI_2009_TRICHYKARU,TRICHY-KARUR (TAMIL NADU),TAMIL NADU,3/2005,7/2010,,7/2010,516.0,,516.0,0.0,0.0,82.4,15.97,15.97,0.0,0.0,Low,On Schedule,,Other Infrastructure,Tamil Nadu,1.0,0.16,6.248,0,64.0,On Schedule,0,Low,659
APR-2009,2009,APR,FLR_APR_2009.pdf,MOSPI_2009_ORAIJHANSI,"ORAI-JHANSI, KM.220- KM.170, N H-25 (U.P.)",U.P.,12/2003,3/2008,,12/2009,340.68,,340.68,0.0,0.0,147.15,43.19,43.19,0.0,21.0,Medium,General Execution Delay,,Other Infrastructure,Multi-State / Central,1.0,0.432,5.834,0,51.0,Administrative & Inter-Agency Coordination,638,Medium,660
FEB-2009,2009,FEB,FLR_FEB_2009.pdf,MOSPI_2009_KUSMUNDAEX,KUSMUNDA EXPANSION OCP,,6/2006,3/2011,,3/2011,737.65,,1188.31,450.66,61.09,515.12,69.83,69.83,0.0,0.0,High,On Schedule,,Coal & Mines,Multi-State / Central,1.611,0.698,6.605,0,57.0,On Schedule,0,High,661
FEB-2009,2009,FEB,FLR_FEB_2009.pdf,MOSPI_2009_KRISHNASHI,KRISHNASHILA,,5/2006,3/2010,,3/2010,789.88,,789.88,0.0,0.0,130.88,16.57,16.57,0.0,0.0,Low,On Schedule,,Other Infrastructure,Multi-State / Central,1.0,0.166,6.673,0,46.0,On Schedule,0,Low,662
FEB-2009,2009,FEB,FLR_FEB_2009.pdf,MOSPI_2009_DIPKAEXPAN,DIPKA EXPANSION OCP,,7/2005,3/2010,,3/2010,1268.53,,1268.53,0.0,0.0,564.16,44.47,44.47,0.0,0.0,Low,On Schedule,,Coal & Mines,Multi-State / Central,1.0,0.445,7.146,0,56.0,On Schedule,0,Low,663
FEB-2009,2009,FEB,FLR_FEB_2009.pdf,MOSPI_2009_GEVRAEXPAN,"GEVRA EXPANSION OCP, 25MTY (SECL)",SECL,7/2005,3/2010,,3/2010,1667.55,,1667.55,0.0,0.0,687.96,41.26,41.26,0.0,0.0,Low,On Schedule,,Coal & Mines,Multi-State / Central,1.0,0.413,7.42,0,56.0,On Schedule,0,Low,664
FEB-2009,2009,FEB,FLR_FEB_2009.pdf,MOSPI_2009_BHARATPURO,BHARATPUR OC EXPANSION PHASE-III PROJECT,,2/2007,3/2010,,3/2010,131.39,,131.39,0.0,0.0,34.73,26.43,26.43,0.0,0.0,Low,On Schedule,,Other Infrastructure,Multi-State / Central,1.0,0.264,4.886,0,37.0,On Schedule,0,Low,665
FEB-2009,2009,FEB,FLR_FEB_2009.pdf,MOSPI_2009_EXPANSIONO,EXPANSION OF MINE-II,,10/2004,6/2009,,6/2009,2161.28,,2295.93,134.65,6.23,1465.79,67.82,67.82,0.0,0.0,Low,On Schedule,,Other Infrastructure,Multi-State / Central,1.062,0.678,7.679,0,56.0,On Schedule,0,Low,666
FEB-2009,2009,FEB,FLR_FEB_2009.pdf,MOSPI_2009_BARSINGSAR,BARSINGSAR LIGNITE MINE,,12/2004,6/2009,,6/2009,254.07,,254.6,0.53,0.21,190.75,75.08,75.08,0.0,0.0,Low,On Schedule,,Coal & Mines,Multi-State / Central,1.002,0.751,5.542,0,54.0,On Schedule,0,Low,667
FEB-2009,2009,FEB,FLR_FEB_2009.pdf,MOSPI_2009_CONSTRUCTI,CONSTRUCTION OF NEW INTERNATIONAL TERMINAL BUILDING,,2/2007,2/2009,,2/2009,290.92,,290.92,0.0,0.0,83.55,28.72,28.72,0.0,0.0,Low,On Schedule,,Civil Aviation,Multi-State / Central,1.0,0.287,5.676,0,24.0,On Schedule,0,Low,668
FEB-2009,2009,FEB,FLR_FEB_2009.pdf,MOSPI_2009_PROTOTYPEF,PROTOTYPE FAST BREEDER REACTOR,,9/2003,9/2010,,9/2010,3492.0,,3492.0,0.0,0.0,1536.0,43.99,43.99,0.0,0.0,Low,On Schedule,,Other Infrastructure,Multi-State / Central,1.0,0.44,8.159,0,84.0,On Schedule,0,Low,669
FEB-2009,2009,FEB,FLR_FEB_2009.pdf,MOSPI_2009_KUDANKULAM,KUDANKULAM APP (NPCIL),NPCIL,12/2001,2/2008,,5/2010,13171.0,,13171.0,0.0,0.0,11337.001,86.08,86.08,0.0,17.0,Medium,General Execution Delay,,Coal & Mines,Multi-State / Central,1.0,0.861,9.486,0,74.0,Administrative & Inter-Agency Coordination,517,Medium,670
FEB-2009,2009,FEB,FLR_FEB_2009.pdf,MOSPI_2009_KAIGAATOMI,"KAIGA ATOM IC POWER PROJECT 3 & 4 UNITS, KAIGA",,5/2001,0/2009,,12/2009,4213.0,,3282.0,-931.0,-22.1,2330.001,55.31,55.31,0.0,2.0,Low,General Execution Delay,,Power & Renewable Energy,Multi-State / Central,0.779,0.553,8.346,0,91.0,On Schedule,61,Low,671
FEB-2009,2009,FEB,FLR_FEB_2009.pdf,MOSPI_2009_RAJASTHANA,"RAJASTHAN ATOMIC POWER PROJECT 5 & 6, RAWAT BHATA",,4/2002,2/2008,,9/2009,3072.0,,3072.0,0.0,0.0,1975.0,64.29,64.29,0.0,19.0,Medium,General Execution Delay,,Power & Renewable Energy,Rajasthan,1.0,0.643,8.03,0,70.0,Administrative & Inter-Agency Coordination,578,Medium,672
APR-2009,2009,APR,FLR_APR_2009.pdf,MOSPI_2009_PAGLADIYAD,PAGLADIYA DAM PROJECT,,1/2001,2/2007,,12/2012,542.9,,1187.0,644.1,118.64,35.491,6.54,6.54,0.0,60.0,High,General Execution Delay,,Water Resources & Irrigation,Multi-State / Central,2.186,0.065,6.299,0,73.0,Scope & Engineering Design Modifications,1824,High,673
APR-2009,2009,APR,FLR_APR_2009.pdf,MOSPI_2009_KOTWADEWAP,"KOTWA-DEWAPUR, KM.440-KM.402, NH-28 (BIHAR)",BIHAR,12/2003,0/2008,,12/2009,240.0,,240.0,0.0,0.0,91.101,37.96,37.96,0.0,14.0,Medium,General Execution Delay,,Road Transport & Highways,Bihar,1.0,0.38,5.485,0,48.0,Administrative & Inter-Agency Coordination,426,Medium,674
FEB-2009,2009,FEB,FLR_FEB_2009.pdf,MOSPI_2009_JHANSISHIV,"JHANSI-SHIVPURI, KM.91-KM.50, NH-25 (MADHYA PRADESH)",MADHYA PRADESH,12/2003,5/2008,,3/2009,220.31,,220.31,0.0,0.0,138.65,62.93,62.93,0.0,10.0,Medium,General Execution Delay,,Road Transport & Highways,Madhya Pradesh,1.0,0.629,5.4,0,53.0,Administrative & Inter-Agency Coordination,304,Medium,675
FEB-2009,2009,FEB,FLR_FEB_2009.pdf,MOSPI_2009_GORHARBARW,"GORHAR-BARWA ADDA, KM.320- KM.398.75, NH-2 (JHARKHAND)",JHARKHAND,4/2000,3/2005,,3/2009,399.75,,399.75,0.0,0.0,359.66,89.97,89.97,0.0,48.0,High,General Execution Delay,,Road Transport & Highways,Jharkhand,1.0,0.9,5.993,0,59.0,Forest & Environmental Clearances,1459,High,676
FEB-2009,2009,FEB,FLR_FEB_2009.pdf,MOSPI_2009_JIRIBAMTOI,JIRIBAM TO IMPHAL,,4/2003,3/2011,,3/2014,727.56,,2492.53,1764.97,242.59,63.66,8.75,8.75,0.0,36.0,High,General Execution Delay,,Other Infrastructure,Multi-State / Central,3.426,0.087,6.591,0,95.0,Scope & Engineering Design Modifications,1094,High,677
FEB-2009,2009,FEB,FLR_FEB_2009.pdf,MOSPI_2009_UDHAMPURSR,UDHAMPUR- SRINAGAR- BARAMULLA,,3/1995,3/2001,,12/2012,2500.0,,11270.0,8770.0,350.8,5281.32,100.0,211.25,111.25,141.0,High,General Execution Delay,,Other Infrastructure,Jammu & Kashmir,4.508,2.113,7.824,1,72.0,Fund Constraint & Financial Stress,4286,High,678
FEB-2009,2009,FEB,FLR_FEB_2009.pdf,MOSPI_2009_PATNAGANGA,PATNA GANGA BRIDGE,,4/2001,0/2007,,12/2012,624.47,,1480.75,856.28,137.12,376.981,60.37,60.37,0.0,62.0,High,General Execution Delay,,Other Infrastructure,Bihar,2.371,0.604,6.439,0,68.0,Scope & Engineering Design Modifications,1885,High,679
FEB-2009,2009,FEB,FLR_FEB_2009.pdf,MOSPI_2009_BRHAMAPUTR,"BRHAMAPUTRA BRIDGE AT BOGIBIL & LINK LINES,NEFR",,4/1996,4/2008,,3/2012,1000.0,,3087.44,2087.44,208.74,1262.54,100.0,126.25,26.25,47.0,High,General Execution Delay,,Other Infrastructure,Multi-State / Central,3.087,1.263,6.909,1,144.0,Fund Constraint & Financial Stress,1429,High,680
FEB-2009,2009,FEB,FLR_FEB_2009.pdf,MOSPI_2009_RAILCUMROA,"RAIL-CUM-ROAD BRIDGE AT MUNGER (NL), ECR",NL,4/2002,3/2009,,10/2011,921.0,,921.0,0.0,0.0,223.7,24.29,24.29,0.0,31.0,High,General Execution Delay,,Road Transport & Highways,Multi-State / Central,1.0,0.243,6.827,0,83.0,Land Acquisition & Right of Way,942,High,681
FEB-2009,2009,FEB,FLR_FEB_2009.pdf,MOSPI_2009_GARAMOREBA,"GARAMORE- BAMANBORE, KM.254- KM.182.60, NH-8A (GUJARAT)",GUJARAT,12/2003,1/2007,,3/2009,360.7,,380.7,20.0,5.54,327.501,90.8,90.8,0.0,16.0,Medium,General Execution Delay,,Road Transport & Highways,Gujarat,1.055,0.908,5.891,0,37.0,Administrative & Inter-Agency Coordination,486,Medium,682
FEB-2009,2009,FEB,FLR_FEB_2009.pdf,MOSPI_2009_APKARNATAK,AP/ KARNATAKA BORDER NANDI HILL CROSSING KM.464.6- KM.527,,12/2003,3/2009,,3/2009,402.8,,402.8,0.0,0.0,300.26,74.54,74.54,0.0,0.0,Low,On Schedule,,Other Infrastructure,Karnataka,1.0,0.745,6.001,0,63.0,On Schedule,0,Low,683
FEB-2009,2009,FEB,FLR_FEB_2009.pdf,MOSPI_2009_THRISSURAN,"THRISSUR-ANGAMALI, KM.270.00-KM.316.70, NH-47 (KERALA)",KERALA,12/2003,3/2009,,3/2009,312.5,,312.5,0.0,0.0,434.5,100.0,139.04,39.04,0.0,Low,On Schedule,,Road Transport & Highways,Kerala,1.0,1.39,5.748,1,63.0,On Schedule,0,Low,684
FEB-2009,2009,FEB,FLR_FEB_2009.pdf,MOSPI_2009_BORKHEDIJA,"BORKHEDI-JAM, KM.36.6-KM.64.0, NH-7 (MAHARASHTRA)",MAHARASHTRA,12/2003,6/2005,,3/2009,110.0,,110.0,0.0,0.0,62.95,57.23,57.23,0.0,45.0,High,General Execution Delay,,Road Transport & Highways,Maharashtra,1.0,0.572,4.71,0,18.0,Land Acquisition & Right of Way,1368,High,685
FEB-2009,2009,FEB,FLR_FEB_2009.pdf,MOSPI_2009_DHULEPIMPA,"DHULE-PIMPALGAON, KM.380-KM.265, NH-3 (MAHARASHTRA)",MAHARASHTRA,3/2005,3/2009,,3/2009,556.0,,556.0,0.0,0.0,505.0,90.83,90.83,0.0,0.0,Low,On Schedule,,Road Transport & Highways,Maharashtra,1.0,0.908,6.323,0,48.0,On Schedule,0,Low,686
FEB-2009,2009,FEB,FLR_FEB_2009.pdf,MOSPI_2009_MAHUAJAIPU,"MAHUA-JAIPUR, KM.120-KM.228, NH-11 (RAJASTHAN)",RAJASTHAN,3/2005,3/2009,,3/2009,483.0,,483.0,0.0,0.0,573.08,100.0,118.65,18.65,0.0,Low,On Schedule,,Road Transport & Highways,Rajasthan,1.0,1.186,6.182,1,48.0,On Schedule,0,Low,687
FEB-2009,2009,FEB,FLR_FEB_2009.pdf,MOSPI_2009_JAMWADNERK,"JAM-WADNER, KM.64- KM.94, NH-7 (MAHARASHTRA)",MAHARASHTRA,12/2003,7/2005,,3/2009,145.0,,145.0,0.0,0.0,40.98,28.26,28.26,0.0,44.0,High,General Execution Delay,,Road Transport & Highways,Maharashtra,1.0,0.283,4.984,0,19.0,Land Acquisition & Right of Way,1338,High,688
APR-2009,2009,APR,FLR_APR_2009.pdf,MOSPI_2009_DELHIMETRO,"DELHI METRO RAPID TRANSIT SYSTEM, PHASE-II",,8/2005,6/2010,,9/2010,8118.0,,8676.0,558.0,6.87,8312.84,100.0,102.4,2.4,3.0,Low,General Execution Delay,,Urban Metro & Transit,Delhi & NCR,1.069,1.024,9.002,0,58.0,On Schedule,91,Low,689
APR-2009,2009,APR,FLR_APR_2009.pdf,MOSPI_2009_HAVERIHARI,"HAVERI-HARIHAR, KM.340-KM.284, NH-4 (KARNATAKA)",KARNATAKA,4/2000,8/2004,,7/2010,241.0,,397.66,156.66,65.0,21.52,8.93,8.93,0.0,71.0,High,General Execution Delay,,Road Transport & Highways,Karnataka,1.65,0.089,5.489,0,52.0,Land Acquisition & Right of Way,2158,High,690
FEB-2009,2009,FEB,FLR_FEB_2009.pdf,MOSPI_2009_KARURMADUR,"KARUR-MADURAI, KM.305.6-KM.373.28, NH-7 (TAMIL NADU)",TAMIL NADU,12/2003,1/2009,,3/2009,327.2,,327.2,0.0,0.0,371.08,100.0,113.41,13.41,2.0,Low,General Execution Delay,,Road Transport & Highways,Tamil Nadu,1.0,1.134,5.794,0,61.0,On Schedule,61,Low,691
FEB-2009,2009,FEB,FLR_FEB_2009.pdf,MOSPI_2009_MADURAITIR,"MADURAI- TIRUNELVELI, KM.0- KM.42, NH-7 (TAMIL NADU)",TAMIL NADU,12/2003,3/2008,,3/2009,567.38,,567.38,0.0,0.0,328.24,57.85,57.85,0.0,12.0,Medium,General Execution Delay,,Road Transport & Highways,Tamil Nadu,1.0,0.579,6.343,0,51.0,Administrative & Inter-Agency Coordination,365,Medium,692
FEB-2009,2009,FEB,FLR_FEB_2009.pdf,MOSPI_2009_MADURAIKAN,"MADURAI - KANYAKUMARI, KM.80-KM.120, NH-7 (TAMIL NADU)",TAMIL NADU,12/2003,3/2008,,3/2009,323.36,,323.36,0.0,0.0,164.96,51.01,51.01,0.0,12.0,Medium,General Execution Delay,,Road Transport & Highways,Tamil Nadu,1.0,0.51,5.782,0,51.0,Administrative & Inter-Agency Coordination,365,Medium,693
FEB-2009,2009,FEB,FLR_FEB_2009.pdf,MOSPI_2009_AGRASHIKOH,"AGRA-SHIKOHABAD, KM.200-KM.250.50, NH-2 (U.P.)",U.P.,4/2000,3/2005,,3/2009,367.49,,367.49,0.0,0.0,411.13,100.0,111.88,11.88,48.0,High,General Execution Delay,,Road Transport & Highways,Uttar Pradesh,1.0,1.119,5.909,0,59.0,Land Acquisition & Right of Way,1459,High,694
FEB-2009,2009,FEB,FLR_FEB_2009.pdf,MOSPI_2009_AMBALAZIRA,"AMBALA-ZIRAKPUR, KM.5/735-KM.39/961, NH-21 & 22, (HARYANA)",HARYANA,3/2005,1/2008,,3/2009,298.0,,298.0,0.0,0.0,364.621,100.0,122.36,22.36,4.0,Low,General Execution Delay,,Road Transport & Highways,Haryana,1.0,1.224,5.7,1,34.0,On Schedule,122,Low,695
FEB-2009,2009,FEB,FLR_FEB_2009.pdf,MOSPI_2009_EASTWESTTR,EAST-WEST TRANSNISSION CORRIDOR STRENGTHNING SCHEME,,6/2006,6/2009,,3/2010,803.7,,803.76,0.06,0.01,304.16,37.84,37.84,0.0,9.0,Medium,General Execution Delay,,Other Infrastructure,Multi-State / Central,1.0,0.378,6.69,0,36.0,Administrative & Inter-Agency Coordination,274,Medium,696
FEB-2009,2009,FEB,FLR_FEB_2009.pdf,MOSPI_2009_EASTERNREG,EASTERN REGION STRENGTHENING SCHEME-I (1142 CKM),1142 CKM,10/2004,0/2009,,10/2009,975.96,,975.96,0.0,0.0,255.941,26.22,26.22,0.0,0.0,Low,On Schedule,,Other Infrastructure,Multi-State / Central,1.0,0.262,6.884,0,50.0,On Schedule,0,Low,697
FEB-2009,2009,FEB,FLR_FEB_2009.pdf,MOSPI_2009_MAYNAGURIT,"MAYNAGURI TO JOGIGHOPA VIA CHANGRA (NL),NEFR",NL,2/2000,2/2008,,12/2009,733.0,,1022.12,289.12,39.44,276.561,37.73,37.73,0.0,12.0,Medium,General Execution Delay,,Other Infrastructure,Multi-State / Central,1.394,0.377,6.599,0,96.0,Administrative & Inter-Agency Coordination,365,Medium,698
FEB-2009,2009,FEB,FLR_FEB_2009.pdf,MOSPI_2009_AJMERPHULE,AJMER-PHULERA- RINGUS-REWARI,,4/2005,3/2008,,12/2009,352.0,,718.3,366.3,104.06,535.76,100.0,152.2,52.2,21.0,High,General Execution Delay,,Other Infrastructure,Multi-State / Central,2.041,1.522,5.866,1,35.0,Fund Constraint & Financial Stress,638,High,699
FEB-2009,2009,FEB,FLR_FEB_2009.pdf,MOSPI_2009_NEWJALPAIG,NEW JALPAIGURI-NEW BONGAIGAON,,11/1998,3/2003,,12/2009,536.85,,960.48,423.63,78.91,896.12,100.0,166.92,66.92,81.0,High,General Execution Delay,,Other Infrastructure,Assam,1.789,1.669,6.288,1,52.0,Fund Constraint & Financial Stress,2462,High,700
FEB-2009,2009,FEB,FLR_FEB_2009.pdf,MOSPI_2009_ETAWAHMAIN,"ETAWAH-MAINPURI (NL),NCR",NL,9/2001,2/2008,,12/2009,129.7,,129.7,0.0,0.0,78.031,60.16,60.16,0.0,12.0,Medium,General Execution Delay,,Other Infrastructure,Delhi & NCR,1.0,0.602,4.873,0,77.0,Administrative & Inter-Agency Coordination,365,Medium,701
FEB-2009,2009,FEB,FLR_FEB_2009.pdf,MOSPI_2009_DEOGHARDUM,DEOGHAR-DUMKA NEW BROAD GAUGE LINE,,2/1999,2/2006,,12/2009,180.73,,335.0,154.27,85.36,258.891,100.0,143.25,43.25,36.0,High,General Execution Delay,,Road Transport & Highways,Multi-State / Central,1.854,1.432,5.203,1,84.0,Land Acquisition & Right of Way,1094,High,702
FEB-2009,2009,FEB,FLR_FEB_2009.pdf,MOSPI_2009_RAJKOTVERA,RAJKOT-VERAVAL SOMNATH SECTION MATERIAL TO WANSJALIYA,,4/1992,3/1996,,8/2009,112.53,,464.5,351.97,312.78,373.36,100.0,331.79,231.79,161.0,High,General Execution Delay,,Other Infrastructure,Gujarat,4.128,3.318,4.732,1,47.0,Fund Constraint & Financial Stress,4894,High,703
FEB-2009,2009,FEB,FLR_FEB_2009.pdf,MOSPI_2009_LALITPURSA,LALITPUR-SATNA- REWA-SINGRULI,,9/1998,5/2008,,6/2009,925.0,,925.0,0.0,0.0,253.0,27.35,27.35,0.0,13.0,Medium,General Execution Delay,,Other Infrastructure,Multi-State / Central,1.0,0.274,6.831,0,116.0,Administrative & Inter-Agency Coordination,395,Medium,704
FEB-2009,2009,FEB,FLR_FEB_2009.pdf,MOSPI_2009_DEVDHARIKE,"DEVDHARI-KELAPUR, KM.123-KM.153, NH-7 (MAHARASHTRA)",MAHARASHTRA,12/2003,7/2005,,3/2009,144.0,,144.0,0.0,0.0,52.18,36.24,36.24,0.0,44.0,High,General Execution Delay,,Road Transport & Highways,Maharashtra,1.0,0.362,4.977,0,19.0,Land Acquisition & Right of Way,1338,High,705
FEB-2009,2009,FEB,FLR_FEB_2009.pdf,MOSPI_2009_JAWAHABLAL,"JAWAHABLAL NEHRU PORT PHASE-II, KM.14.35, NH-54 (MH)",MH,4/2000,5/2007,,3/2009,143.0,,143.0,0.0,0.0,120.3,84.13,84.13,0.0,22.0,Medium,General Execution Delay,,Road Transport & Highways,Multi-State / Central,1.0,0.841,4.97,0,85.0,Land Acquisition & Right of Way,669,Medium,706
FEB-2009,2009,FEB,FLR_FEB_2009.pdf,MOSPI_2009_KUNADANKUL,KUNADANKULAM-APP TRANSMISSION SYSTEM (1838 CKM),1838 CKM,5/2005,1/2008,,6/2009,1779.29,,1896.65,117.36,6.6,1212.241,68.13,68.13,0.0,7.0,Medium,General Execution Delay,,Power & Renewable Energy,Multi-State / Central,1.066,0.681,7.485,0,32.0,Administrative & Inter-Agency Coordination,213,Medium,707
FEB-2009,2009,FEB,FLR_FEB_2009.pdf,MOSPI_2009_DLWGM40003,DLW GM 4000/3000 HP DIESEL LOCOS,,4/1999,3/2003,,3/2011,155.54,,141.4,-14.14,-9.09,103.18,66.34,66.34,0.0,96.0,High,General Execution Delay,,Other Infrastructure,Multi-State / Central,0.909,0.663,5.053,0,47.0,Administrative & Inter-Agency Coordination,2918,High,708
FEB-2009,2009,FEB,FLR_FEB_2009.pdf,MOSPI_2009_LUMDINGSIL,LUMDING-SILCHAR- MIGRENDISA- DITOKCHERRA,,4/1996,3/2009,,3/2011,648.0,,4049.39,3401.39,524.91,1583.24,100.0,244.33,144.33,24.0,High,General Execution Delay,,Other Infrastructure,Assam,6.249,2.443,6.475,1,155.0,Fund Constraint & Financial Stress,730,High,709
FEB-2009,2009,FEB,FLR_FEB_2009.pdf,MOSPI_2009_AMRAVATINA,AMRAVATI-NARKHER NEW LINE PROJECT,,6/1994,6/1999,,3/2011,120.9,,284.27,163.37,135.13,201.59,100.0,166.74,66.74,141.0,High,General Execution Delay,,Railways,Multi-State / Central,2.351,1.667,4.803,1,60.0,Land Acquisition & Right of Way,4286,High,710
FEB-2009,2009,FEB,FLR_FEB_2009.pdf,MOSPI_2009_SUKINDAROA,SUKINDA ROAD- ANGUL (RVNL),RVNL,4/1998,2/2015,,11/2010,183.23,,638.5,455.27,248.47,0.65,0.35,0.35,0.0,0.0,High,On Schedule,,Road Transport & Highways,Multi-State / Central,3.485,0.004,5.216,0,202.0,On Schedule,0,High,711
FEB-2009,2009,FEB,FLR_FEB_2009.pdf,MOSPI_2009_REINGUNTAG,REINGUNTA- GUNTAKAL (RVNL),RVNL,6/2000,4/2003,,3/2010,168.34,,296.2,127.86,75.95,113.36,67.34,67.34,0.0,83.0,High,General Execution Delay,,Railways,Multi-State / Central,1.76,0.673,5.132,0,34.0,Land Acquisition & Right of Way,2523,High,712
FEB-2009,2009,FEB,FLR_FEB_2009.pdf,MOSPI_2009_PRATAPNAGA,PRATAPNAGAR-CHOTA UDAIPUR,,4/2005,3/2008,,3/2010,148.61,,227.52,78.91,53.1,166.55,100.0,112.07,12.07,24.0,High,General Execution Delay,,Other Infrastructure,Rajasthan,1.531,1.121,5.008,0,35.0,Administrative & Inter-Agency Coordination,730,High,713
FEB-2009,2009,FEB,FLR_FEB_2009.pdf,MOSPI_2009_REWARIROHT,REWARI-ROHTAK,,1/2004,2/2010,,3/2010,149.38,,456.75,307.37,205.76,219.37,100.0,146.85,46.85,1.0,High,General Execution Delay,,Other Infrastructure,Multi-State / Central,3.058,1.469,5.013,1,73.0,Fund Constraint & Financial Stress,30,High,714
FEB-2009,2009,FEB,FLR_FEB_2009.pdf,MOSPI_2009_LANJHIGARH,LANJHIGARH ROAD- JUNAGARH,,4/1993,3/2002,,3/2010,100.0,,142.98,42.98,42.98,72.02,72.02,72.02,0.0,96.0,High,General Execution Delay,,Road Transport & Highways,Multi-State / Central,1.43,0.72,4.615,0,107.0,Land Acquisition & Right of Way,2918,High,715
FEB-2009,2009,FEB,FLR_FEB_2009.pdf,MOSPI_2009_FREIGHTOPE,FREIGHT OPERATIONS INFORMATION SYSTEM,,3/1984,3/1995,,3/2010,520.0,,634.13,114.13,21.95,448.57,86.26,86.26,0.0,180.0,High,General Execution Delay,,Other Infrastructure,Multi-State / Central,1.219,0.863,6.256,0,132.0,Administrative & Inter-Agency Coordination,5472,High,716
FEB-2009,2009,FEB,FLR_FEB_2009.pdf,MOSPI_2009_C2C3LPGREC,C2-C3 & LPG RECOVERY FROM LNG AT DAHEJ,,12/2003,6/2006,,3/2010,900.92,,1493.49,592.57,65.77,560.01,62.16,62.16,0.0,45.0,High,General Execution Delay,,Petroleum & Natural Gas,Multi-State / Central,1.658,0.622,6.805,0,30.0,Scope & Engineering Design Modifications,1368,High,717
FEB-2009,2009,FEB,FLR_FEB_2009.pdf,MOSPI_2009_IORLAKWALA,IOR LAKWA- LAKHMANI,,9/2001,3/2007,,3/2010,345.1,,429.38,84.28,24.42,455.08,100.0,131.87,31.87,36.0,High,General Execution Delay,,Other Infrastructure,Multi-State / Central,1.244,1.319,5.847,1,66.0,Administrative & Inter-Agency Coordination,1094,High,718
FEB-2009,2009,FEB,FLR_FEB_2009.pdf,MOSPI_2009_UIUNDURPET,"UIUNDURPET- PADALUR, KM.192.25- KM.285, NH-45 (T.N.)",T.N.,12/2003,6/2009,,3/2009,460.0,,460.0,0.0,0.0,683.36,100.0,148.56,48.56,0.0,Low,On Schedule,,Road Transport & Highways,Multi-State / Central,1.0,1.486,6.133,1,66.0,On Schedule,0,Low,719
FEB-2009,2009,FEB,FLR_FEB_2009.pdf,MOSPI_2009_PADALURTRI,"PADALUR-TRICHY, KM.285-KM.325, NH-45 (T.N.I)",T.N.I,12/2003,5/2009,,3/2009,320.0,,320.0,0.0,0.0,442.33,100.0,138.23,38.23,0.0,Low,On Schedule,,Road Transport & Highways,Tamil Nadu,1.0,1.382,5.771,1,65.0,On Schedule,0,Low,720
FEB-2009,2009,FEB,FLR_FEB_2009.pdf,MOSPI_2009_SALEMKARUR,"SALEM-KARUR, KM.258.645-KM.292.60, NH-7 (TAMIL NADU)",TAMIL NADU,12/2003,8/2008,,3/2009,205.6,,205.6,0.0,0.0,287.12,100.0,139.65,39.65,7.0,Medium,General Execution Delay,,Road Transport & Highways,Tamil Nadu,1.0,1.396,5.331,1,56.0,Administrative & Inter-Agency Coordination,213,Medium,721
FEB-2009,2009,FEB,FLR_FEB_2009.pdf,MOSPI_2009_TIRUNELVEI,"TIRUNELVEI- PANAGUDI, KM.160- KM.203, NH-7 (TAMIL NADU)",TAMIL NADU,12/2003,3/2008,,3/2009,423.54,,423.54,0.0,0.0,199.5,47.1,47.1,0.0,12.0,Medium,General Execution Delay,,Road Transport & Highways,Tamil Nadu,1.0,0.471,6.051,0,51.0,Administrative & Inter-Agency Coordination,365,Medium,722
FEB-2009,2009,FEB,FLR_FEB_2009.pdf,MOSPI_2009_MSQUPGRADA,MSQ UPGRADATION PROJECT AT PANIPAT REFINERY,,1/2008,2/2009,,12/2009,1131.0,,1131.0,0.0,0.0,419.561,37.1,37.1,0.0,0.0,Low,On Schedule,,Petroleum & Natural Gas,Haryana,1.0,0.371,7.032,0,13.0,On Schedule,0,Low,723
FEB-2009,2009,FEB,FLR_FEB_2009.pdf,MOSPI_2009_NANDYALYER,NANDYAL- YERRAGUNTLA,,3/1997,2/2009,,3/2009,155.74,,429.49,273.75,175.77,199.02,100.0,127.79,27.79,1.0,High,General Execution Delay,,Other Infrastructure,Multi-State / Central,2.758,1.278,5.055,1,143.0,Fund Constraint & Financial Stress,30,High,724
FEB-2009,2009,FEB,FLR_FEB_2009.pdf,MOSPI_2009_RAJGIRTILA,RAJGIR-TILAIYA,,4/2001,3/2006,,3/2009,180.82,,180.82,0.0,0.0,196.87,100.0,108.88,8.88,36.0,High,General Execution Delay,,Other Infrastructure,Multi-State / Central,1.0,1.089,5.203,0,59.0,Administrative & Inter-Agency Coordination,1094,High,725
FEB-2009,2009,FEB,FLR_FEB_2009.pdf,MOSPI_2009_KISHANGANG,KISHANGANGA HYDRO ELECTRIC PROJECT,,7/2007,7/2014,,12/2015,2238.67,,3642.04,1403.37,62.69,74.57,3.33,3.33,0.0,17.0,High,General Execution Delay,,Power & Renewable Energy,Multi-State / Central,1.627,0.033,7.714,0,84.0,Contractor / Vendor Non-Performance,517,High,726
FEB-2009,2009,FEB,FLR_FEB_2009.pdf,MOSPI_2009_RAMPURHYDR,RAMPUR HYDRO ELECTRIC PROJECT 412 MW,,1/2007,1/2012,,3/2012,2047.03,,2047.03,0.0,0.0,516.66,25.24,25.24,0.0,2.0,Low,General Execution Delay,,Power & Renewable Energy,Multi-State / Central,1.0,0.252,7.625,0,60.0,On Schedule,61,Low,727
FEB-2009,2009,FEB,FLR_FEB_2009.pdf,MOSPI_2009_CHUTAKHYDR,"CHUTAK HYDRO ELECTRIC PROJECT 4X11 MW, KARGIL",,8/2006,2/2011,,2/2011,621.26,,747.1,125.84,20.26,232.23,37.38,37.38,0.0,0.0,Medium,On Schedule,,Power & Renewable Energy,Multi-State / Central,1.203,0.374,6.433,0,54.0,On Schedule,0,Medium,728
FEB-2009,2009,FEB,FLR_FEB_2009.pdf,MOSPI_2009_URIHEPSTAG,URI H.E.P STAGE -II (NHPC),NHPC,8/2005,1/2009,,2/2011,1729.29,,1351.88,-377.41,-21.82,578.091,33.43,33.43,0.0,15.0,Medium,General Execution Delay,,Power & Renewable Energy,Multi-State / Central,0.782,0.334,7.456,0,41.0,Administrative & Inter-Agency Coordination,456,Medium,729
FEB-2009,2009,FEB,FLR_FEB_2009.pdf,MOSPI_2009_CHAMERAHYD,CHAMERA HYDRO ELECTRIC PROJECT STAGE-III 231 MW,,8/2005,8/2010,,8/2010,1405.63,,1532.52,126.89,9.03,642.59,45.72,45.72,0.0,0.0,Low,On Schedule,,Power & Renewable Energy,Multi-State / Central,1.09,0.457,7.249,0,60.0,On Schedule,0,Low,730
FEB-2009,2009,FEB,FLR_FEB_2009.pdf,MOSPI_2009_WESTERNREG,WESTERN REGION SYSTEM STRENGTHENING SCHEME-II (7075 CKM),7075 CKM,7/2006,7/2010,,7/2010,5221.23,,5221.23,0.0,0.0,707.35,13.55,13.55,0.0,0.0,Low,On Schedule,,Other Infrastructure,Multi-State / Central,1.0,0.135,8.561,0,48.0,On Schedule,0,Low,731
FEB-2009,2009,FEB,FLR_FEB_2009.pdf,MOSPI_2009_KAIGA34TRA,KAIGA 3&4 TRANSMISSION SYSTEM (759 CKM),759 CKM,3/2005,2/2007,,3/2010,596.45,,1007.16,410.71,68.86,624.811,100.0,104.75,4.75,27.0,High,General Execution Delay,,Power & Renewable Energy,Multi-State / Central,1.689,1.048,6.393,0,23.0,Scope & Engineering Design Modifications,821,High,732
FEB-2009,2009,FEB,FLR_FEB_2009.pdf,MOSPI_2009_SYSTRINSOU,SY. STR. IN SOUTH- WESTERN PART OF NORTHERN GRID (PART-B),,10/2006,0/2009,,10/2009,150.26,,153.54,3.28,2.18,101.221,67.36,67.36,0.0,0.0,Low,On Schedule,,Power & Renewable Energy,Multi-State / Central,1.022,0.674,5.019,0,26.0,On Schedule,0,Low,733
FEB-2009,2009,FEB,FLR_FEB_2009.pdf,MOSPI_2009_KOTESWARTR,KOTESWAR TRANSMISSION SYSTEM (PGCIL),PGCIL,6/2006,6/2008,,9/2009,260.34,,266.61,6.27,2.41,114.71,44.06,44.06,0.0,15.0,Medium,General Execution Delay,,Power & Renewable Energy,Multi-State / Central,1.024,0.441,5.566,0,24.0,Administrative & Inter-Agency Coordination,456,Medium,734
FEB-2009,2009,FEB,FLR_FEB_2009.pdf,MOSPI_2009_NEYVELITSI,"NEYVELI TS-II TRANSIMISSION SYSTEM, 838 CKM",,1/2005,2/2007,,6/2009,691.83,,806.38,114.55,16.56,639.271,92.4,92.4,0.0,18.0,Medium,General Execution Delay,,Other Infrastructure,Multi-State / Central,1.166,0.924,6.541,0,25.0,Administrative & Inter-Agency Coordination,547,Medium,735
FEB-2009,2009,FEB,FLR_FEB_2009.pdf,MOSPI_2009_NORTHERNRE,NORTHERN REGION SYSTEM STRENGTHENING SCHEME-V (1222 CKM),1222 CKM,6/2006,6/2009,,6/2009,721.25,,721.25,0.0,0.0,510.16,70.73,70.73,0.0,0.0,Low,On Schedule,,Other Infrastructure,Multi-State / Central,1.0,0.707,6.582,0,36.0,On Schedule,0,Low,736
FEB-2009,2009,FEB,FLR_FEB_2009.pdf,MOSPI_2009_INSTALLATI,INSTALLATION OF 700 TONNES PER DAY OXYGEN PLANT,,7/2007,6/2009,,6/2009,302.7,,302.7,0.0,0.0,87.6,28.94,28.94,0.0,0.0,Low,On Schedule,,Other Infrastructure,Multi-State / Central,1.0,0.289,5.716,0,23.0,On Schedule,0,Low,737
FEB-2009,2009,FEB,FLR_FEB_2009.pdf,MOSPI_2009_AMLOHRIEXP,AMLOHRI EXPANSION PROJECT 4 TO 10 (6 MTY),6 MTY,5/2006,3/2014,,3/2014,1352.04,,1352.04,0.0,0.0,1.6,0.12,0.12,0.0,0.0,Low,On Schedule,,Other Infrastructure,Multi-State / Central,1.0,0.001,7.21,0,94.0,On Schedule,0,Low,738
FEB-2009,2009,FEB,FLR_FEB_2009.pdf,MOSPI_2009_BINAEXTENS,BINA EXTENSION OC PROJECT,,11/2006,3/2014,,11/2013,168.97,,168.97,0.0,0.0,43.9,25.98,25.98,0.0,0.0,Low,On Schedule,,Other Infrastructure,Multi-State / Central,1.0,0.26,5.136,0,88.0,On Schedule,0,Low,739
FEB-2009,2009,FEB,FLR_FEB_2009.pdf,MOSPI_2009_SYSTEMSTRE,SYSTEM STRENGTENING SCHEME IN ROORKEE AREA (PGCIL),PGCIL,12/2005,5/2009,,5/2009,109.95,,109.95,0.0,0.0,57.77,52.54,52.54,0.0,0.0,Low,On Schedule,,Coal & Mines,Multi-State / Central,1.0,0.525,4.709,0,41.0,On Schedule,0,Low,740
FEB-2009,2009,FEB,FLR_FEB_2009.pdf,MOSPI_2009_KOLDAMHEPT,KOLDAM - HEP TRANSMISSION SYSTEM (396 CKM),396 CKM,9/2005,9/2008,,3/2009,464.91,,464.91,0.0,0.0,147.35,31.69,31.69,0.0,6.0,Low,General Execution Delay,,Power & Renewable Energy,Multi-State / Central,1.0,0.317,6.144,0,36.0,On Schedule,182,Low,741
FEB-2009,2009,FEB,FLR_FEB_2009.pdf,MOSPI_2009_RAPP56TRAN,RAPP 5&6 TRANSMISSION SYSTEM (448 CKM),448 CKM,6/2005,3/2008,,3/2009,499.45,,556.86,57.41,11.49,539.83,100.0,108.08,8.08,12.0,Medium,General Execution Delay,,Power & Renewable Energy,Multi-State / Central,1.115,1.081,6.216,0,33.0,Administrative & Inter-Agency Coordination,365,Medium,742
FEB-2009,2009,FEB,FLR_FEB_2009.pdf,MOSPI_2009_SIPATIISUP,SIPAT-II SUPPLEMENTARY TRANSMISSION SYSTEM (1167 CKM),1167 CKM,6/2005,6/2008,,3/2009,813.67,,820.45,6.78,0.83,695.24,85.44,85.44,0.0,9.0,Medium,General Execution Delay,,Power & Renewable Energy,Multi-State / Central,1.008,0.854,6.703,0,36.0,Administrative & Inter-Agency Coordination,274,Medium,743
FEB-2009,2009,FEB,FLR_FEB_2009.pdf,MOSPI_2009_OFFSHOREGR,OFFSHORE GRID INTER CONNECTIVITY PROJECT IN MUMBAI HIGH,,1/2007,3/2010,,3/2012,740.02,,740.02,0.0,0.0,130.4,17.62,17.62,0.0,24.0,Medium,General Execution Delay,,Power & Renewable Energy,Maharashtra,1.0,0.176,6.608,0,38.0,Contractor / Vendor Non-Performance,730,Medium,744
FEB-2009,2009,FEB,FLR_FEB_2009.pdf,MOSPI_2009_HEERAANDSO,HEERA AND SOUTH HEERA REDEVELOPMENT PROJECT,,9/2006,6/2010,,6/2010,2305.3,,1339.25,-966.05,-41.91,893.07,38.74,38.74,0.0,0.0,Low,On Schedule,,Other Infrastructure,Multi-State / Central,0.581,0.387,7.743,0,45.0,On Schedule,0,Low,745
FEB-2009,2009,FEB,FLR_FEB_2009.pdf,MOSPI_2009_LUBEOILBAS,LUBE OIL BASE STOCK QUALITY UP GRADATION,,10/2006,4/2009,,5/2010,638.9,,1030.0,391.1,61.21,126.07,19.73,19.73,0.0,13.0,High,General Execution Delay,,Petroleum & Natural Gas,Uttar Pradesh,1.612,0.197,6.461,0,30.0,Administrative & Inter-Agency Coordination,395,High,746
FEB-2009,2009,FEB,FLR_FEB_2009.pdf,MOSPI_2009_INTEGRATED,INTEGRATED DEVELOPMENT OF G1 & GS-15 FIELDS,,4/2003,3/2005,,4/2010,429.82,,1262.93,833.11,193.83,1075.79,100.0,250.29,150.29,61.0,High,General Execution Delay,,Other Infrastructure,Multi-State / Central,2.938,2.503,6.066,1,23.0,Fund Constraint & Financial Stress,1854,High,747
FEB-2009,2009,FEB,FLR_FEB_2009.pdf,MOSPI_2009_IMPROVEDOI,"IMPROVED OIL RECOVERY PROJECT, RUDRASAGAR",,9/2001,3/2006,,3/2010,113.9,,219.22,105.32,92.47,132.24,100.0,116.1,16.1,48.0,High,General Execution Delay,,Petroleum & Natural Gas,Multi-State / Central,1.925,1.161,4.744,1,54.0,Fund Constraint & Financial Stress,1459,High,748
FEB-2009,2009,FEB,FLR_FEB_2009.pdf,MOSPI_2009_RESIDUEUPG,RESIDUE UPGRADATION & MS/HSD QUANLITY IMPROVEMENT PROJECT,,1/2007,1/2010,,1/2010,5693.0,,5882.0,189.0,3.32,1873.09,32.9,32.9,0.0,0.0,Low,On Schedule,,Other Infrastructure,Multi-State / Central,1.033,0.329,8.647,0,36.0,On Schedule,0,Low,749
FEB-2009,2009,FEB,FLR_FEB_2009.pdf,MOSPI_2009_INSTOFFCCG,INST. OF FCC GASOLINE DESULPHUN UNIT AT MATHURA REFINERY,,1/2008,2/2009,,12/2009,348.0,,348.0,0.0,0.0,62.131,17.85,17.85,0.0,0.0,Low,On Schedule,,Petroleum & Natural Gas,Multi-State / Central,1.0,0.179,5.855,0,13.0,On Schedule,0,Low,750
FEB-2009,2009,FEB,FLR_FEB_2009.pdf,MOSPI_2009_CHENNAIBAN,CHENNAI-BANGLORE PIPLINE,,7/2007,7/2009,,12/2009,232.11,,273.0,40.89,17.62,14.38,6.2,6.2,0.0,5.0,Medium,General Execution Delay,,Other Infrastructure,Tamil Nadu,1.176,0.062,5.452,0,24.0,Administrative & Inter-Agency Coordination,152,Medium,751
FEB-2009,2009,FEB,FLR_FEB_2009.pdf,MOSPI_2009_DIESELHYDR,DIESEL HYDROGEN TREATMENT PROJECT BONGAIGAON,,5/2006,9/2009,,12/2009,1431.91,,1646.39,214.48,14.98,897.47,62.68,62.68,0.0,3.0,Low,General Execution Delay,,Power & Renewable Energy,Assam,1.15,0.627,7.267,0,40.0,On Schedule,91,Low,752
FEB-2009,2009,FEB,FLR_FEB_2009.pdf,MOSPI_2009_CRUDEOILRE,"CRUDE OIL RECEIPT FACILITY, KOCHI REFINERY",,4/2006,9/2009,,12/2009,2591.8,,3941.41,1349.61,52.07,784.22,30.26,30.26,0.0,3.0,High,General Execution Delay,,Petroleum & Natural Gas,Kerala,1.521,0.303,7.86,0,41.0,Administrative & Inter-Agency Coordination,91,High,753
FEB-2009,2009,FEB,FLR_FEB_2009.pdf,MOSPI_2009_PANIPATNAP,PANIPAT-NAPHTA CRACKER PROJECT,,4/2006,9/2009,,11/2009,12138.0,,14439.0,2301.0,18.96,7867.85,64.82,64.82,0.0,2.0,Medium,General Execution Delay,,Other Infrastructure,Haryana,1.19,0.648,9.404,0,41.0,Administrative & Inter-Agency Coordination,61,Medium,754
FEB-2009,2009,FEB,FLR_FEB_2009.pdf,MOSPI_2009_DADRIPANIP,DADRI PANIPAT LNG PIPLINE,,6/2005,6/2008,,5/2009,250.66,,298.0,47.34,18.89,202.78,80.9,80.9,0.0,11.0,Medium,General Execution Delay,,Other Infrastructure,Haryana,1.189,0.809,5.528,0,36.0,Administrative & Inter-Agency Coordination,334,Medium,755
FEB-2009,2009,FEB,FLR_FEB_2009.pdf,MOSPI_2009_CLEANFUELS,CLEAN FUELS PROJECT VIZAG REFINERY MODERNISATION,,4/2003,5/2006,,3/2009,1635.0,,2147.79,512.79,31.36,1921.74,100.0,117.54,17.54,34.0,High,General Execution Delay,,Petroleum & Natural Gas,Multi-State / Central,1.314,1.175,7.4,1,37.0,Fund Constraint & Financial Stress,1034,High,756
FEB-2009,2009,FEB,FLR_FEB_2009.pdf,MOSPI_2009_AUGMENTATI,AUGMENTATION OF MUNDRA-PANIPAT LINE,,6/2005,3/2008,,3/2009,205.0,,165.0,-40.0,-19.51,126.77,61.84,61.84,0.0,12.0,Medium,General Execution Delay,,Other Infrastructure,Haryana,0.805,0.618,5.328,0,33.0,Administrative & Inter-Agency Coordination,365,Medium,757
FEB-2009,2009,FEB,FLR_FEB_2009.pdf,MOSPI_2009_KOYALIRATL,KOYALI-RATLAM PRODUCT PIPLINE,,12/2004,2/2006,,2/2009,224.69,,195.0,-29.69,-13.21,178.841,79.59,79.59,0.0,26.0,High,General Execution Delay,,Other Infrastructure,Multi-State / Central,0.868,0.796,5.419,0,14.0,Administrative & Inter-Agency Coordination,790,High,758
FEB-2009,2009,FEB,FLR_FEB_2009.pdf,MOSPI_2009_GREENFUELS,GREEN FUELS & EMISSION CONTROL PROJECT AT MUMBAI REFINERY,,10/2002,4/2005,,2/2009,1152.0,,1731.0,579.0,50.26,1508.27,100.0,130.93,30.93,46.0,High,General Execution Delay,,Petroleum & Natural Gas,Maharashtra,1.503,1.309,7.05,1,30.0,Fund Constraint & Financial Stress,1398,High,759
FEB-2009,2009,FEB,FLR_FEB_2009.pdf,MOSPI_2009_JALLARAMSH,JALLARAM SHAFT PROJECT UG,,9/2007,3/2013,,3/2013,467.78,,467.78,0.0,0.0,10.35,2.21,2.21,0.0,0.0,Low,On Schedule,,Coal & Mines,Multi-State / Central,1.0,0.022,6.15,0,66.0,On Schedule,0,Low,760
FEB-2009,2009,FEB,FLR_FEB_2009.pdf,MOSPI_2009_ADRIYALASH,ADRIYALA SHAFT PROJECT,,9/2006,3/2013,,3/2013,212.34,,212.34,0.0,0.0,13.36,6.29,6.29,0.0,0.0,Low,On Schedule,,Coal & Mines,Multi-State / Central,1.0,0.063,5.363,0,78.0,On Schedule,0,Low,761
MAY-2009,2009,MAY,FLR_MAY_2009.pdf,MOSPI_2009_BLOCKBOCPN,BLOCK-B OCP NCL (3.5 MTY),3.5 MTY,7/2006,3/2012,,3/2012,746.04,,746.04,0.0,0.0,121.16,16.24,16.24,0.0,0.0,Low,On Schedule,,Coal & Mines,Multi-State / Central,1.0,0.162,6.616,0,68.0,On Schedule,0,Low,762
MAY-2009,2009,MAY,FLR_MAY_2009.pdf,MOSPI_2009_KULDAOCP,KULDA OCP,,1/2005,3/2010,,3/2012,302.96,,302.96,0.0,0.0,51.8,17.1,17.1,0.0,24.0,Medium,General Execution Delay,,Coal & Mines,Multi-State / Central,1.0,0.171,5.717,0,62.0,Contractor / Vendor Non-Performance,730,Medium,763
MAY-2009,2009,MAY,FLR_MAY_2009.pdf,MOSPI_2009_LAKHANPURO,LAKHANPUR OC EXPANSION PROJECT PHASE-II,,3/2004,3/2007,,3/2011,98.74,,116.54,17.8,18.03,242.43,100.0,245.52,145.52,48.0,High,General Execution Delay,,Other Infrastructure,Multi-State / Central,1.18,2.455,4.603,1,36.0,Administrative & Inter-Agency Coordination,1459,High,764
MAY-2009,2009,MAY,FLR_MAY_2009.pdf,MOSPI_2009_ASHOKOCEXP,ASHOK OC EXPANSION,,4/2006,3/2011,,3/2011,471.66,,471.66,0.0,0.0,101.78,21.58,21.58,0.0,0.0,Low,On Schedule,,Other Infrastructure,Multi-State / Central,1.0,0.216,6.158,0,59.0,On Schedule,0,Low,765
MAY-2009,2009,MAY,FLR_MAY_2009.pdf,MOSPI_2009_SARPIAUGME,SARPI AUGMENTATION ( UG),UG,6/2008,3/2012,,3/2011,147.86,,147.86,0.0,0.0,25.49,17.24,17.24,0.0,0.0,Low,On Schedule,,Other Infrastructure,Multi-State / Central,1.0,0.172,5.003,0,45.0,On Schedule,0,Low,766
MAY-2009,2009,MAY,FLR_MAY_2009.pdf,MOSPI_2009_TPSIIEXPAN,TPS-II EXPANSION (1470MW TO 1970MW) (NLC),1470MW TO 1970MW,10/2004,6/2009,,11/2010,2030.78,,2453.57,422.79,20.82,1717.3,84.56,84.56,0.0,17.0,Medium,General Execution Delay,,Coal & Mines,Multi-State / Central,1.208,0.846,7.617,0,56.0,Administrative & Inter-Agency Coordination,517,Medium,767
MAY-2009,2009,MAY,FLR_MAY_2009.pdf,MOSPI_2009_DEVELOPMEN,"DEVELOPMENT OF BASSEIN (VASAI) EAST, WESTERN OFFSHORE",VASAI,4/2003,3/2006,,6/2009,985.17,,1688.38,703.21,71.38,1491.57,100.0,151.4,51.4,39.0,High,General Execution Delay,,Other Infrastructure,Multi-State / Central,1.714,1.514,6.894,1,35.0,Fund Constraint & Financial Stress,1186,High,768
MAY-2009,2009,MAY,FLR_MAY_2009.pdf,MOSPI_2009_POWERPLANT,"POWER PLANT-I,",,9/2007,12/2009,,1/2011,462.0,,465.0,3.0,0.65,40.51,8.77,8.77,0.0,13.0,Medium,General Execution Delay,,Power & Renewable Energy,Multi-State / Central,1.006,0.088,6.138,0,27.0,Administrative & Inter-Agency Coordination,395,Medium,769
MAY-2009,2009,MAY,FLR_MAY_2009.pdf,MOSPI_2009_COKEOVENBA,COKE OVEN BATTERY NO.4 PHASE-II,,8/2007,10/2009,,5/2010,108.0,,168.95,60.95,56.44,4.01,3.71,3.71,0.0,7.0,High,General Execution Delay,,Other Infrastructure,Multi-State / Central,1.564,0.037,4.691,0,26.0,Administrative & Inter-Agency Coordination,213,High,770
MAY-2009,2009,MAY,FLR_MAY_2009.pdf,MOSPI_2009_330TPHBOIL,330 TPH BOILER-6 AND AUXILIARY SYSTEM,,7/2007,2/2010,,2/2010,260.0,,319.89,59.89,23.03,50.93,19.59,19.59,0.0,0.0,Medium,On Schedule,,Petroleum & Natural Gas,Multi-State / Central,1.23,0.196,5.565,0,31.0,On Schedule,0,Medium,771
MAY-2009,2009,MAY,FLR_MAY_2009.pdf,MOSPI_2009_PULVERISED,PULVERISED COAL INJECTION SYSTEM FOR BF-1 & 2,,11/2007,9/2009,,12/2009,125.0,,133.0,8.0,6.4,0.74,0.59,0.59,0.0,3.0,Low,General Execution Delay,,Coal & Mines,Multi-State / Central,1.064,0.006,4.836,0,22.0,On Schedule,91,Low,772
MAY-2009,2009,MAY,FLR_MAY_2009.pdf,MOSPI_2009_REBUILDING,REBUILDING OF COKE OVEN BATTERY NO.4,,5/2007,8/2009,,10/2009,248.94,,248.94,0.0,0.0,92.27,37.07,37.07,0.0,2.0,Low,General Execution Delay,,Other Infrastructure,Multi-State / Central,1.0,0.371,5.521,0,27.0,On Schedule,61,Low,773
MAY-2009,2009,MAY,FLR_MAY_2009.pdf,MOSPI_2009_SIMULTANEO,SIMULTANEOUS BLOWING OF BOF CONVERTER OF SMS-II,,1/2008,10/2009,,10/2009,197.66,,197.66,0.0,0.0,31.28,15.83,15.83,0.0,0.0,Low,On Schedule,,Other Infrastructure,Multi-State / Central,1.0,0.158,5.292,0,21.0,On Schedule,0,Low,774
MAY-2009,2009,MAY,FLR_MAY_2009.pdf,MOSPI_2009_COALDUSTIN,COAL DUST INJECTION SYSTEM IN BLAST FURNACE-2 & 3,,4/2006,5/2008,,10/2009,132.73,,133.92,1.19,0.9,72.22,54.41,54.41,0.0,17.0,Medium,General Execution Delay,,Coal & Mines,Multi-State / Central,1.009,0.544,4.896,0,25.0,Administrative & Inter-Agency Coordination,517,Medium,775
MAY-2009,2009,MAY,FLR_MAY_2009.pdf,MOSPI_2009_INSTALLATI,INSTALLATION OF MSDS-V & TRANSMISSION NETWORK,,5/2007,11/2008,,7/2009,143.02,,143.02,0.0,0.0,104.49,73.06,73.06,0.0,8.0,Medium,General Execution Delay,,Power & Renewable Energy,Multi-State / Central,1.0,0.731,4.97,0,18.0,Administrative & Inter-Agency Coordination,243,Medium,776
MAY-2009,2009,MAY,FLR_MAY_2009.pdf,MOSPI_2009_SECONDPHAS,SECOND PHASE EXPANSION OF NALCO,,10/2004,12/2008,,9/2009,4091.51,,4091.51,0.0,0.0,3232.56,79.01,79.01,0.0,9.0,Medium,General Execution Delay,,Other Infrastructure,Multi-State / Central,1.0,0.79,8.317,0,50.0,Administrative & Inter-Agency Coordination,274,Medium,777
FEB-2009,2009,FEB,FLR_FEB_2009.pdf,MOSPI_2009_BANGALOREH,"BANGALORE- HOSKOTE-MUDBAGAL SECTION, KM.237.7- KM.318 (KAR.)",KAR.,3/2005,7/2010,,7/2010,565.0,,565.0,0.0,0.0,304.84,53.95,53.95,0.0,0.0,Low,On Schedule,,Other Infrastructure,Karnataka,1.0,0.54,6.339,0,64.0,On Schedule,0,Low,778
MAY-2009,2009,MAY,FLR_MAY_2009.pdf,MOSPI_2009_SHANTIKHAN,SHANTIKHANI LONGWALL PROJECTS,,10/2006,3/2012,,3/2012,249.03,,249.03,0.0,0.0,24.64,9.89,9.89,0.0,0.0,Low,On Schedule,,Other Infrastructure,Multi-State / Central,1.0,0.099,5.522,0,65.0,On Schedule,0,Low,779
MAR-2011,2011,MAR,FR_MARCH_2011.pdf,N04000017,CONSTRUCTION OF NEW INTERNATIONAL TERMINAL BLDG. A(AIRPORT AUTHORITY OF INDIA LIMITED),AIRPORT AUTHORITY OF INDIA LIMITED,,01/2011,,01/2011,290.92,,290.92,0.0,0.0,266.53,91.62,91.62,0.0,0.0,Low,On Schedule,,Civil Aviation,Multi-State / Central,1.0,0.916,5.676,0,36.0,On Schedule,0,Low,780
MAR-2011,2011,MAR,FR_MARCH_2011.pdf,220100162,"MIRAJ-LATUR ROAD(GC),CR(CENTRAL RAILWAYS)",GC,,03/2001,,03/2001,225.0,,845.26,620.26,275.67,845.26,100.0,375.67,275.67,0.0,High,General Execution Delay,,Road Transport & Highways,Multi-State / Central,3.757,3.757,5.421,1,36.0,On Schedule,0,High,781
MAR-2011,2011,MAR,FR_MARCH_2011.pdf,240106245,"GORAKHPUR-AYODHYA (LMNHP-6),NH-28, KM.251.70 TO KM.208.00(NATIONAL HIGHWAYS AUTHORITY OF INDIA)",NATIONAL HIGHWAYS AUTHORITY OF INDIA,,10/2008,,10/2008,239.0,,396.3,157.3,65.82,396.3,100.0,165.82,65.82,0.0,High,General Execution Delay,,Road Transport & Highways,Uttar Pradesh,1.658,1.658,5.481,1,36.0,On Schedule,0,High,782
MAR-2011,2011,MAR,FR_MARCH_2011.pdf,240106249,"ORAI TO JHANSI (UP-4),NH-25, KM.170.0 TO KM.104.0(NATIONAL HIGHWAYS AUTHORITY OF INDIA)",NATIONAL HIGHWAYS AUTHORITY OF INDIA,,04/2008,,04/2008,451.97,,533.7,81.73,18.08,533.7,100.0,118.08,18.08,0.0,Medium,General Execution Delay,,Road Transport & Highways,Uttar Pradesh,1.181,1.181,6.116,1,36.0,On Schedule,0,Medium,783
MAR-2011,2011,MAR,FR_MARCH_2011.pdf,240106296,"DARBHANGA-MUZAFFARPUR(KM 30 TO KM 0), NH-57 (NHAI)(NATIONAL HIGHWAYS AUTHORITY OF INDIA)",KM 30 TO KM 0,,06/2008,,06/2008,291.8,,455.0,163.2,55.93,455.0,100.0,155.93,55.93,0.0,High,General Execution Delay,,Road Transport & Highways,Bihar,1.559,1.559,5.679,1,36.0,On Schedule,0,High,784
MAR-2011,2011,MAR,FR_MARCH_2011.pdf,N25000015,RAIL CONNECTIVITY TO ICTT AT VALLARPADAM(PORT TRUST),PORT TRUST,,04/2009,,04/2009,245.67,,304.01,58.34,23.75,304.01,100.0,123.75,23.75,0.0,Medium,General Execution Delay,,Railways,Multi-State / Central,1.237,1.237,5.508,1,36.0,On Schedule,0,Medium,785
MAR-2011,2011,MAR,FR_MARCH_2011.pdf,N12000060,AIR SEPARATION PLANT (ASU-4)(RASTRIYA ISPAT NIGAM LIMITED),RASTRIYA ISPAT NIGAM LIMITED,,06/2010,,06/2010,96.0,,96.0,0.0,0.0,74.39,77.49,77.49,0.0,0.0,Low,On Schedule,,Other Infrastructure,Multi-State / Central,1.0,0.775,4.575,0,36.0,On Schedule,0,Low,786
MAR-2011,2011,MAR,FR_MARCH_2011.pdf,N16000021,RESIDUE UPGRADATION AND MS/HSD QUALITY IMPROVEMENT(INDIAN OIL CORPORATION LIMITED),INDIAN OIL CORPORATION LIMITED,,-,,-,5693.0,,6054.67,361.67,6.35,6054.67,100.0,106.35,6.35,0.0,Low,On Schedule,,Petroleum & Natural Gas,Multi-State / Central,1.064,1.064,8.647,0,36.0,On Schedule,0,Low,787
MAR-2011,2011,MAR,FR_MARCH_2011.pdf,240106248,"AYODHYA-LUCKNOW (LMNHP-3),NH-28, KM.135.000 TO KM.93.075(NATIONAL HIGHWAYS AUTHORITY OF INDIA)",NATIONAL HIGHWAYS AUTHORITY OF INDIA,,10/2008,,10/2008,212.0,,388.5,176.5,83.25,388.5,100.0,183.25,83.25,0.0,High,General Execution Delay,,Road Transport & Highways,Uttar Pradesh,1.833,1.833,5.361,1,36.0,On Schedule,0,High,788
MAR-2011,2011,MAR,FR_MARCH_2011.pdf,240106286,LANKA TO DABOKA (NH-54)(NHAI)(NATIONAL HIGHWAYS AUTHORITY OF INDIA),NHAI,,06/2008,,06/2008,225.0,,225.0,0.0,0.0,220.5,98.0,98.0,0.0,0.0,Low,On Schedule,,Road Transport & Highways,Multi-State / Central,1.0,0.98,5.421,0,36.0,On Schedule,0,Low,789
MAR-2011,2011,MAR,FR_MARCH_2011.pdf,240106295,"DARBHANGA-MUZAFFARPUR, NH-57 (NHAI)(NATIONAL HIGHWAYS AUTHORITY OF INDIA)",NHAI,,06/2008,,06/2008,305.0,,497.2,192.2,63.02,497.2,100.0,163.02,63.02,0.0,High,General Execution Delay,,Road Transport & Highways,Bihar,1.63,1.63,5.724,1,36.0,On Schedule,0,High,790
MAR-2011,2011,MAR,FR_MARCH_2011.pdf,N24000069,"BARA TO ORAI, NH-2, 25(NATIONAL HIGHWAYS AUTHORITY OF INDIA)",NATIONAL HIGHWAYS AUTHORITY OF INDIA,,04/2009,,04/2009,465.0,,607.8,142.8,30.71,607.8,100.0,130.71,30.71,0.0,Medium,General Execution Delay,,Road Transport & Highways,Multi-State / Central,1.307,1.307,6.144,1,36.0,On Schedule,0,Medium,791
MAR-2011,2011,MAR,FR_MARCH_2011.pdf,N16000056,INSTALLATION OF FCCV AT MUMBAI REFINERY(HINDUSTAN PETROLEUM CORPORATION LIMITED),HINDUSTAN PETROLEUM CORPORATION LIMITED,,09/2009,,09/2009,900.47,,900.47,0.0,0.0,900.0,99.95,99.95,0.0,0.0,Low,On Schedule,,Petroleum & Natural Gas,Maharashtra,1.0,0.999,6.804,0,36.0,On Schedule,0,Low,792
MAR-2011,2011,MAR,FR_MARCH_2011.pdf,N18000044,SYSTEM STRENGHTENING IN NR GRID FOR KARCHAM WANGTO(POWER GRID CORPORATION OF INDIA LIMITED),POWER GRID CORPORATION OF INDIA LIMITED,,09/2011,,09/2011,328.97,,328.97,0.0,0.0,181.39,55.14,55.14,0.0,0.0,Low,On Schedule,,Power & Renewable Energy,Multi-State / Central,1.0,0.551,5.799,0,36.0,On Schedule,0,Low,793
MAR-2011,2011,MAR,FR_MARCH_2011.pdf,220100131,AMBALA-MORADABAD(RE)(RAILWAY ELECTRIFICATION),RE,,03/1998,,03/1998,152.21,,272.32,120.11,78.91,272.32,100.0,178.91,78.91,0.0,High,General Execution Delay,,Railways,Multi-State / Central,1.789,1.789,5.032,1,36.0,On Schedule,0,High,794
JAN-2011,2011,JAN,FR_JAN_2011.pdf,240106202,"CHENNAI BYPASS (NHAI) OTHERS, NH-45, 4 & 5(NATIONAL HIGHWAYS AUTHORITY OF INDIA)",NHAI,,11/2007,,11/2007,480.0,,846.2,366.2,76.29,846.2,100.0,176.29,76.29,0.0,High,General Execution Delay,,Road Transport & Highways,Tamil Nadu,1.763,1.763,6.176,1,36.0,On Schedule,0,High,795
MAR-2011,2011,MAR,FR_MARCH_2011.pdf,220100249,KUTTIPURAM-CALICUT INCLD. SHORANUR-M-LORE (DL) (SR)(SOUTHERN RAILWAY),DL,,-,,-,178.76,,190.49,11.73,6.56,190.49,100.0,106.56,6.56,0.0,Low,On Schedule,,Railways,Multi-State / Central,1.066,1.066,5.192,0,36.0,On Schedule,0,Low,796
MAR-2011,2011,MAR,FR_MARCH_2011.pdf,220100253,"PURNA-AKOLA (G.C), SCR(SOUTH CENTRAL RAILWAY)",G.C,,-,,-,228.0,,518.0799999999999,290.08,127.23,518.08,100.0,227.23,127.23,0.0,High,General Execution Delay,,Railways,Multi-State / Central,2.272,2.272,5.434,1,36.0,On Schedule,0,High,797
MAR-2011,2011,MAR,FR_MARCH_2011.pdf,220100254,"GULBARGA-BIDAR,SCR(NL)(SOUTH CENTRAL RAILWAY)",NL,,-,,-,242.42,,242.42,0.0,0.0,169.69,70.0,70.0,0.0,0.0,Low,On Schedule,,Railways,Multi-State / Central,1.0,0.7,5.495,0,36.0,On Schedule,0,Low,798
MAR-2011,2011,MAR,FR_MARCH_2011.pdf,220100267,GOOTY- RENIGUNTA PATCH DOUBLING PH-II (DL) (SCR)(SOUTH CENTRAL RAILWAY),DL,,-,,-,304.5,,341.81,37.31,12.25,341.81,100.0,112.25,12.25,0.0,Low,On Schedule,,Railways,Multi-State / Central,1.123,1.123,5.722,0,36.0,On Schedule,0,Low,799
MAR-2011,2011,MAR,FR_MARCH_2011.pdf,N22000048,"VALLAPARPADM-IDAPALLY,(NL)(RVNL)(RAIL VIKAS NIGAM LTD.)",NL,,03/2009,,03/2009,246.5,,337.1,90.6,36.75,337.1,100.0,136.75,36.75,0.0,Medium,General Execution Delay,,Railways,Multi-State / Central,1.368,1.368,5.511,1,36.0,On Schedule,0,Medium,800
MAR-2011,2011,MAR,FR_MARCH_2011.pdf,240106220,"JHANSI BYPASS (UP-3), KM.104-KM.91, NH-25(NATIONAL HIGHWAYS AUTHORITY OF INDIA)",NATIONAL HIGHWAYS AUTHORITY OF INDIA,,08/2005,,08/2005,158.06,,163.5,5.44,3.44,163.5,100.0,103.44,3.44,0.0,Low,On Schedule,,Road Transport & Highways,Uttar Pradesh,1.034,1.034,5.069,0,36.0,On Schedule,0,Low,801
MAR-2011,2011,MAR,FR_MARCH_2011.pdf,240106224,"MUZZAFFARPUR TO MEHSI (LMNHP-12), KM.520 TO 480, NH- 28(NATIONAL HIGHWAYS AUTHORITY OF INDIA)",NATIONAL HIGHWAYS AUTHORITY OF INDIA,,07/2005,,07/2005,275.0,,334.7,59.7,21.71,334.7,100.0,121.71,21.71,0.0,Medium,General Execution Delay,,Road Transport & Highways,Multi-State / Central,1.217,1.217,5.62,1,36.0,On Schedule,0,Medium,802
MAR-2011,2011,MAR,FR_MARCH_2011.pdf,240106247,"GORAKHPUR-AYODHYA (LMNHP-4),NH-28, KM.164.00 TO KM.135.00(NATIONAL HIGHWAYS AUTHORITY OF INDIA)",NATIONAL HIGHWAYS AUTHORITY OF INDIA,,10/2008,,10/2008,205.0,,351.3,146.3,71.37,351.3,100.0,171.37,71.37,0.0,High,General Execution Delay,,Road Transport & Highways,Uttar Pradesh,1.714,1.714,5.328,1,36.0,On Schedule,0,High,803
JAN-2011,2011,JAN,FR_JAN_2011.pdf,240106302,"SAGAR - RAJMARG CHORAHA,KM 255-297, NH-26 (NHAI)(NATIONAL HIGHWAYS AUTHORITY OF INDIA)",NHAI,,10/2008,,10/2008,206.96,,281.9,74.94,36.21,281.9,100.0,136.21,36.21,0.0,Medium,General Execution Delay,,Road Transport & Highways,Multi-State / Central,1.362,1.362,5.337,1,36.0,On Schedule,0,Medium,804
JAN-2011,2011,JAN,FR_JAN_2011.pdf,N24000104,09/2008 286.40 76 BANGALORE-NEELAMANGLALA NH-4(NATIONAL HIGHWAYS AUTHORITY OF INDIA),NATIONAL HIGHWAYS AUTHORITY OF INDIA,,07/2010,,07/2010,445.0,,803.4,358.4,80.54,803.4,100.0,180.54,80.54,0.0,High,General Execution Delay,,Road Transport & Highways,Karnataka,1.805,1.805,6.1,1,36.0,On Schedule,0,High,805
JAN-2011,2011,JAN,FR_JAN_2011.pdf,N26000036,KOLKATA TELECOM DISTRICT PH-4(BHARAT SANCHAR NIGAM LIMITED),BHARAT SANCHAR NIGAM LIMITED,,09/2008,,09/2008,208.5,,208.5,0.0,0.0,146.0,70.02,70.02,0.0,0.0,Low,On Schedule,,Other Infrastructure,West Bengal,1.0,0.7,5.345,0,36.0,On Schedule,0,Low,806
JAN-2011,2011,JAN,FR_JAN_2011.pdf,020100041,UNITS (NPCIL)(NUCLEAR POWER CORPORATION OF INDIA LIMITED),NPCIL,,10/2009,,10/2009,4213.0,,4213.0,0.0,0.0,2610.0,61.95,61.95,0.0,0.0,Low,On Schedule,,Power & Renewable Energy,Multi-State / Central,1.0,0.62,8.346,0,36.0,On Schedule,0,Low,807
JAN-2011,2011,JAN,FR_JAN_2011.pdf,N12000025,"INSTALLATION OF 700 TPD OXYGEN PLANT, ROURKELA(STEEL AUTHORITY OF INDIA LIMITED (SAIL))",SAIL,,06/2009,,06/2009,302.7,,302.7,0.0,0.0,244.97,80.93,80.93,0.0,0.0,Low,On Schedule,,Other Infrastructure,Multi-State / Central,1.0,0.809,5.716,0,36.0,On Schedule,0,Low,808
JAN-2011,2011,JAN,FR_JAN_2011.pdf,N12000035,REBUILDING OF BLAST FURNANCE NO.2(BOKARO STEEL PL(STEEL AUTHORITY OF INDIA LIMITED (SAIL)),SAIL,,-,,-,892.32,,892.32,0.0,0.0,616.57,69.1,69.1,0.0,0.0,Low,On Schedule,,Other Infrastructure,Jharkhand,1.0,0.691,6.795,0,36.0,On Schedule,0,Low,809
JAN-2011,2011,JAN,FR_JAN_2011.pdf,N12000036,SIMULTANEOUS BLOWING OF BOF CONVERTER OF SMS- II(STEEL AUTHORITY OF INDIA LIMITED (SAIL)),SAIL,,11/2009,,11/2009,197.66,,197.66,0.0,0.0,130.32,65.93,65.93,0.0,0.0,Low,On Schedule,,Other Infrastructure,Multi-State / Central,1.0,0.659,5.292,0,36.0,On Schedule,0,Low,810
JAN-2011,2011,JAN,FR_JAN_2011.pdf,N12000039,POWER PLANT-I(RASTRIYA ISPAT NIGAM LIMITED),RASTRIYA ISPAT NIGAM LIMITED,,12/2009,,12/2009,462.0,,462.0,0.0,0.0,84.4,18.27,18.27,0.0,0.0,Low,On Schedule,,Power & Renewable Energy,Multi-State / Central,1.0,0.183,6.138,0,36.0,On Schedule,0,Low,811
JAN-2011,2011,JAN,FR_JAN_2011.pdf,N12000050,EXPANSION OF SALEM STEEL PLANT(STEEL AUTHORITY OF INDIA LIMITED (SAIL)),SAIL,,06/2011,,06/2011,1902.0,,1902.0,0.0,0.0,1754.78,92.26,92.26,0.0,0.0,Low,On Schedule,,Other Infrastructure,Multi-State / Central,1.0,0.923,7.551,0,36.0,On Schedule,0,Low,812
JAN-2011,2011,JAN,FR_JAN_2011.pdf,N16000048,VIJAPUR DADRI-BAWANA PIPE LINE PROJECT(GAS AUTHORITY OF INDIA LIMITED),GAS AUTHORITY OF INDIA LIMITED,,11/2009,,11/2009,5595.31,,5595.31,0.0,0.0,3326.01,59.44,59.44,0.0,0.0,Low,On Schedule,,Other Infrastructure,Multi-State / Central,1.0,0.594,8.63,0,36.0,On Schedule,0,Low,813
JAN-2011,2011,JAN,FR_JAN_2011.pdf,N18000011,KORBA STPP STAGE-III(NATIONAL THERMAL POWER CORPORATION),NATIONAL THERMAL POWER CORPORATION,,02/2010,,02/2010,2448.5,,2448.5,0.0,0.0,2119.0,86.54,86.54,0.0,0.0,Low,On Schedule,,Power & Renewable Energy,Multi-State / Central,1.0,0.865,7.804,0,36.0,On Schedule,0,Low,814
JAN-2011,2011,JAN,FR_JAN_2011.pdf,N18000038,"10/2010 4,062.00 88 WESTERN REGION STREGTHENING SCHEME-VI(POWER GRID CORPORATION OF INDIA LIMITED)",POWER GRID CORPORATION OF INDIA LIMITED,,11/2010,,11/2010,340.72,,340.72,0.0,0.0,164.37,48.24,48.24,0.0,0.0,Low,On Schedule,,Power & Renewable Energy,Multi-State / Central,1.0,0.482,5.834,0,36.0,On Schedule,0,Low,815
JAN-2011,2011,JAN,FR_JAN_2011.pdf,220100125,"HOTGI-GADAG(GC),SWR(SOUTH WESTERN RAILWAY)",GC,,03/1999,,03/1999,180.0,,360.21000000000004,180.21,100.12,360.21,100.0,200.12,100.12,0.0,High,General Execution Delay,,Railways,Multi-State / Central,2.001,2.001,5.198,1,36.0,On Schedule,0,High,816
MAY-2011,2011,MAY,FR_MAY_2011.pdf,N18000037,TR. SYSTEM FOR STARTUP POWER TO DVC & MAITHON RB GEN. PROJ.(POWER GRID CORPORATION OF INDIA LIMITED),POWER GRID CORPORATION OF INDIA LIMITED,,04/2010,,04/2010,290.49,,346.8,56.31,19.38,346.8,100.0,119.38,19.38,0.0,Medium,General Execution Delay,,Power & Renewable Energy,Multi-State / Central,1.194,1.194,5.675,1,36.0,On Schedule,0,Medium,817
JAN-2011,2011,JAN,FR_JAN_2011.pdf,N22000103,RESTORATION WITH GAUGE CONVERSION OF SILIGHAT TOWN(GAUGE CONVERSION),GAUGE CONVERSION,,12/2009,,12/2009,100.41,,911.24,810.83,807.52,911.24,100.0,907.52,807.52,0.0,High,General Execution Delay,,Railways,Multi-State / Central,9.075,9.075,4.619,1,36.0,On Schedule,0,High,818
JAN-2011,2011,JAN,FR_JAN_2011.pdf,240100206,"COCHIN PORT, NH-47 (PORT CONNECTIVITY) KMS 348 - KMS 358(NATIONAL HIGHWAYS AUTHORITY OF INDIA)",PORT CONNECTIVITY,,08/2006,,08/2006,106.0,,141.7,35.7,33.68,141.7,100.0,133.68,33.68,0.0,Medium,General Execution Delay,,Road Transport & Highways,Multi-State / Central,1.337,1.337,4.673,1,36.0,On Schedule,0,Medium,819
JAN-2011,2011,JAN,FR_JAN_2011.pdf,240106268,"JALANDAR-AMRITSAR, KM.407/100 TO KM.456/100, NH- 1(NATIONAL HIGHWAYS AUTHORITY OF INDIA)",NATIONAL HIGHWAYS AUTHORITY OF INDIA,,02/2009,,02/2009,263.0,,420.8,157.8,60.0,420.8,100.0,160.0,60.0,0.0,High,General Execution Delay,,Road Transport & Highways,Punjab,1.6,1.6,5.576,1,36.0,On Schedule,0,High,820
JAN-2011,2011,JAN,FR_JAN_2011.pdf,N24000121,AMRITSAR-WAGHA BORDER(NATIONAL HIGHWAYS AUTHORITY OF INDIA),NATIONAL HIGHWAYS AUTHORITY OF INDIA,,06/2010,,06/2010,205.88,,214.9,9.02,4.38,214.9,100.0,104.38,4.38,0.0,Low,On Schedule,,Road Transport & Highways,Punjab,1.044,1.044,5.332,0,36.0,On Schedule,0,Low,821
JAN-2011,2011,JAN,FR_JAN_2011.pdf,N26000034,GSM BASED NETWORK EXPANSION PLAN PH-4(BHARAT SANCHAR NIGAM LIMITED),BHARAT SANCHAR NIGAM LIMITED,,04/2008,,04/2008,239.19,,239.19,0.0,0.0,96.97,40.54,40.54,0.0,0.0,Low,On Schedule,,Other Infrastructure,Multi-State / Central,1.0,0.405,5.481,0,36.0,On Schedule,0,Low,822
JAN-2011,2011,JAN,FR_JAN_2011.pdf,N16000017,EXPANSION OF PANIPAT REFINERY FROM 12 TO 15 MMTPA(INDIAN OIL CORPORATION LIMITED),INDIAN OIL CORPORATION LIMITED,,03/2008,,03/2008,806.0,,840.06,34.06,4.23,840.06,100.0,104.23,4.23,0.0,Low,On Schedule,,Petroleum & Natural Gas,Haryana,1.042,1.042,6.693,0,36.0,On Schedule,0,Low,823
JAN-2011,2011,JAN,FR_JAN_2011.pdf,180100220,SEWA- II H.E.P (NHPC)(NATIONAL HYDRO-ELECTRIC POWER CORPORATION),NHPC,,09/2007,,09/2007,665.46,,982.76,317.3,47.68,982.76,100.0,147.68,47.68,0.0,High,General Execution Delay,,Power & Renewable Energy,Multi-State / Central,1.477,1.477,6.502,1,36.0,On Schedule,0,High,824
JAN-2011,2011,JAN,FR_JAN_2011.pdf,N18000034,NORTHERN REGION SYSTEM STRENGTHENING-XI(POWER GRID CORPORATION OF INDIA LIMITED),POWER GRID CORPORATION OF INDIA LIMITED,,12/2010,,12/2010,417.76,,417.76,0.0,0.0,266.87,63.88,63.88,0.0,0.0,Low,On Schedule,,Power & Renewable Energy,Multi-State / Central,1.0,0.639,6.037,0,36.0,On Schedule,0,Low,825
JAN-2011,2011,JAN,FR_JAN_2011.pdf,N18000036,NORTHERN REGION SYSTEM STRENGTHENING SCHEME- X(POWER GRID CORPORATION OF INDIA LIMITED),POWER GRID CORPORATION OF INDIA LIMITED,,12/2010,,12/2010,408.36,,408.36,0.0,0.0,304.83,74.65,74.65,0.0,0.0,Low,On Schedule,,Power & Renewable Energy,Multi-State / Central,1.0,0.746,6.015,0,36.0,On Schedule,0,Low,826
JAN-2011,2011,JAN,FR_JAN_2011.pdf,N18000039,NORTHERN REGION SYSTEM STRENGHTENING SCHEME- XII(POWER GRID CORPORATION OF INDIA LIMITED),POWER GRID CORPORATION OF INDIA LIMITED,,11/2010,,11/2010,261.55,,261.55,0.0,0.0,143.36,54.81,54.81,0.0,0.0,Low,On Schedule,,Power & Renewable Energy,Multi-State / Central,1.0,0.548,5.57,0,36.0,On Schedule,0,Low,827
JAN-2011,2011,JAN,FR_JAN_2011.pdf,N18000055,NORTHERN REGION SYSTEM STRENGHTENING SCHEME- IX(POWER GRID CORPORATION OF INDIA LIMITED),POWER GRID CORPORATION OF INDIA LIMITED,,07/2011,,07/2011,525.14,,525.14,0.0,0.0,354.99,67.6,67.6,0.0,0.0,Low,On Schedule,,Power & Renewable Energy,Multi-State / Central,1.0,0.676,6.266,0,36.0,On Schedule,0,Low,828
JAN-2011,2011,JAN,FR_JAN_2011.pdf,220100312,"RAJGIR-TILAIYA (NL), ECR(EAST CENTRAL RAILWAYS)",NL,,03/2006,,03/2006,180.82,,272.46,91.64,50.68,272.46,100.0,150.68,50.68,0.0,High,General Execution Delay,,Railways,Multi-State / Central,1.507,1.507,5.203,1,36.0,On Schedule,0,High,829
JAN-2011,2011,JAN,FR_JAN_2011.pdf,N26000051,GSM EQUIPMENT OF 1625K LINES(2G) & 325K LINES IN M(BHARAT SANCHAR NIGAM LIMITED),2G,,08/2009,,08/2009,908.3,,908.3,0.0,0.0,211.83,23.32,23.32,0.0,0.0,Low,On Schedule,,Other Infrastructure,Multi-State / Central,1.0,0.233,6.813,0,36.0,On Schedule,0,Low,830
JAN-2011,2011,JAN,FR_JAN_2011.pdf,N26000064,CENTRALISED TRANSMISSION NMS(BHARAT SANCHAR NIGAM LIMITED),BHARAT SANCHAR NIGAM LIMITED,,-,,-,300.0,,300.0,0.0,0.0,0.0,0.0,0.0,0.0,0.0,Low,On Schedule,,Power & Renewable Energy,Multi-State / Central,1.0,0.0,5.707,0,36.0,On Schedule,0,Low,831
JAN-2011,2011,JAN,FR_JAN_2011.pdf,220100291,BHILDI-SAMDARI (GC)(RAIL VIKAS NIGAM LTD.),GC,,-,,-,244.74,,476.85,232.11,94.84,476.85,100.0,194.84,94.84,0.0,High,General Execution Delay,,Railways,Multi-State / Central,1.948,1.948,5.504,1,36.0,On Schedule,0,High,832
JAN-2011,2011,JAN,FR_JAN_2011.pdf,N12000016,REBUILIDING OF COKE OVEN BATTERY-10(STEEL AUTHORITY OF INDIA LIMITED (SAIL)),SAIL,,09/2009,,09/2009,416.5,,416.5,0.0,0.0,305.14,73.26,73.26,0.0,0.0,Low,On Schedule,,Other Infrastructure,Multi-State / Central,1.0,0.733,6.034,0,36.0,On Schedule,0,Low,833
JAN-2011,2011,JAN,FR_JAN_2011.pdf,160100292,PANIPAT NAPHTA CRACKER PROJECT(INDIAN OIL CORPORATION LIMITED),INDIAN OIL CORPORATION LIMITED,,09/2009,,09/2009,12138.0,,12138.0,0.0,0.0,12054.37,99.31,99.31,0.0,0.0,Low,On Schedule,,Petroleum & Natural Gas,Haryana,1.0,0.993,9.404,0,36.0,On Schedule,0,Low,834
JAN-2011,2011,JAN,FR_JAN_2011.pdf,N16000018,DADRI- PANIPAT R-LNG SPUR PIPELINE(INDIAN OIL CORPORATION LIMITED),INDIAN OIL CORPORATION LIMITED,,06/2008,,06/2008,250.66,,350.96,100.3,40.01,350.96,100.0,140.01,40.01,0.0,High,General Execution Delay,,Petroleum & Natural Gas,Haryana,1.4,1.4,5.528,1,36.0,On Schedule,0,High,835
JAN-2011,2011,JAN,FR_JAN_2011.pdf,240106285,TRICHY BYPASS END TO TOVARAMKURCHI (NH- 45B)(NHAI)(NATIONAL HIGHWAYS AUTHORITY OF INDIA),NHAI,,08/2008,,08/2008,261.0,,286.3,25.3,9.69,286.3,100.0,109.69,9.69,0.0,Low,On Schedule,,Road Transport & Highways,Multi-State / Central,1.097,1.097,5.568,0,36.0,On Schedule,0,Low,836
JAN-2011,2011,JAN,FR_JAN_2011.pdf,N24000054,"TOVARAMKURCHI-MADURAI,NH45B (NHAI)(NATIONAL HIGHWAYS AUTHORITY OF INDIA)",NHAI,,08/2008,,08/2008,263.0,,317.74,54.74,20.81,317.74,100.0,120.81,20.81,0.0,Medium,General Execution Delay,,Road Transport & Highways,Tamil Nadu,1.208,1.208,5.576,1,36.0,On Schedule,0,Medium,837
JAN-2011,2011,JAN,FR_JAN_2011.pdf,N24000083,"PADALUR-TRICHY, NH-45(NATIONAL HIGHWAYS AUTHORITY OF INDIA)",NATIONAL HIGHWAYS AUTHORITY OF INDIA,,05/2009,,05/2009,320.0,,636.1,316.1,98.78,636.1,100.0,198.78,98.78,0.0,High,General Execution Delay,,Road Transport & Highways,Multi-State / Central,1.988,1.988,5.771,1,36.0,On Schedule,0,High,838
JAN-2011,2011,JAN,FR_JAN_2011.pdf,N24000093,"MAHARASHTRA/AP BORDER TO ISLAM NAGAR,(NS-2/BOT/AP- 6),NH-7(NATIONAL HIGHWAYS AUTHORITY OF INDIA)",NATIONAL HIGHWAYS AUTHORITY OF INDIA,,11/2009,,11/2009,360.42,,478.4,117.98,32.73,478.4,100.0,132.73,32.73,0.0,Medium,General Execution Delay,,Road Transport & Highways,Maharashtra,1.327,1.327,5.89,1,36.0,On Schedule,0,Medium,839
JAN-2011,2011,JAN,FR_JAN_2011.pdf,N24000105,ELEVATED HIGHWAY FROM SILK BOARD JUNCTION TO ELECT(NATIONAL HIGHWAYS AUTHORITY OF INDIA),NATIONAL HIGHWAYS AUTHORITY OF INDIA,,07/2008,,07/2008,450.0,,876.61,426.61,94.8,876.61,100.0,194.8,94.8,0.0,High,General Execution Delay,,Road Transport & Highways,Multi-State / Central,1.948,1.948,6.111,1,36.0,On Schedule,0,High,840
JAN-2011,2011,JAN,FR_JAN_2011.pdf,N24000109,ISLAM NAGAR TO KADTAL(NATIONAL HIGHWAYS AUTHORITY OF INDIA),NATIONAL HIGHWAYS AUTHORITY OF INDIA,,03/2010,,03/2010,546.83,,667.8000000000001,120.97,22.12,667.8,100.0,122.12,22.12,0.0,Medium,General Execution Delay,,Road Transport & Highways,Multi-State / Central,1.221,1.221,6.306,1,36.0,On Schedule,0,Medium,841
JAN-2011,2011,JAN,FR_JAN_2011.pdf,N24000120,WAINGANGA BRIDGE -CHHATISGARH- MAHARASHTRA(NATIONAL HIGHWAYS AUTHORITY OF INDIA),NATIONAL HIGHWAYS AUTHORITY OF INDIA,,09/2010,,09/2010,424.0,,424.0,0.0,0.0,298.4,70.38,70.38,0.0,0.0,Low,On Schedule,,Road Transport & Highways,Maharashtra,1.0,0.704,6.052,0,36.0,On Schedule,0,Low,842
JAN-2011,2011,JAN,FR_JAN_2011.pdf,N25000046,03/2010 406.28 43 DEV. & OPRATION OF AN INTERNATIONAL CONTAINER TRA(PORT TRUST),PORT TRUST,,11/2004,,11/2004,2118.0,,2118.0,0.0,0.0,0.0,0.0,0.0,0.0,0.0,Low,On Schedule,,Ports & Shipping,Multi-State / Central,1.0,0.0,7.659,0,36.0,On Schedule,0,Low,843
JAN-2011,2011,JAN,FR_JAN_2011.pdf,260100095,12/2004 136.24 45 GSM EXPANSION PH.IV (B) (BSNL) MAHARASHTRA(BHARAT SANCHAR NIGAM LIMITED),B,,03/2006,,03/2006,1174.75,,1174.75,0.0,0.0,371.41,31.62,31.62,0.0,0.0,Low,On Schedule,,Other Infrastructure,Maharashtra,1.0,0.316,7.07,0,36.0,On Schedule,0,Low,844
JAN-2011,2011,JAN,FR_JAN_2011.pdf,N26000026,EXP. OF 750K GSM LINES OF 2.5 GSM AND VALIDATION EQU(MAHANAGAR TELEPHONE NIGAM LIMITED),MAHANAGAR TELEPHONE NIGAM LIMITED,,10/2007,,10/2007,741.77,,741.77,0.0,0.0,151.37,20.41,20.41,0.0,0.0,Low,On Schedule,,Other Infrastructure,Multi-State / Central,1.0,0.204,6.61,0,36.0,On Schedule,0,Low,845
JAN-2011,2011,JAN,FR_JAN_2011.pdf,N26000028,COMMISSIONING OF GSM EQUIPMENT OF 650K LINES (PH- (BHARAT SANCHAR NIGAM LIMITED),BHARAT SANCHAR NIGAM LIMITED,,-,,-,364.52,,364.52,0.0,0.0,51.44,14.11,14.11,0.0,0.0,Low,On Schedule,,Other Infrastructure,Multi-State / Central,1.0,0.141,5.901,0,36.0,On Schedule,0,Low,846
JAN-2011,2011,JAN,FR_JAN_2011.pdf,N26000042,GSM EQUIPMENT OF 1006280 LINES IN TAMILNADU PH- 4.5(BHARAT SANCHAR NIGAM LIMITED),BHARAT SANCHAR NIGAM LIMITED,,12/2008,,12/2008,409.21,,470.24,61.03,14.91,470.24,100.0,114.91,14.91,0.0,Low,On Schedule,,Other Infrastructure,Multi-State / Central,1.149,1.149,6.017,0,36.0,On Schedule,0,Low,847
JAN-2011,2011,JAN,FR_JAN_2011.pdf,N16000036,MSQ UPGRADATION PROJECT AT GUWAHATI REFINERY(INDIAN OIL CORPORATION LIMITED),INDIAN OIL CORPORATION LIMITED,,-,,-,372.0,,372.0,0.0,0.0,229.04,61.57,61.57,0.0,0.0,Low,On Schedule,,Petroleum & Natural Gas,Assam,1.0,0.616,5.922,0,36.0,On Schedule,0,Low,848
JAN-2011,2011,JAN,FR_JAN_2011.pdf,N16000037,MSQ UPGRADATION PROJECT AT DIGBOI REFINERY(INDIAN OIL CORPORATION LIMITED),INDIAN OIL CORPORATION LIMITED,,-,,-,356.0,,356.0,0.0,0.0,222.69,62.55,62.55,0.0,0.0,Low,On Schedule,,Petroleum & Natural Gas,Multi-State / Central,1.0,0.626,5.878,0,36.0,On Schedule,0,Low,849
JAN-2011,2011,JAN,FR_JAN_2011.pdf,N16000038,MSQ UPGRADATION PROJECT AT BARAUNI REFINERY(INDIAN OIL CORPORATION LIMITED),INDIAN OIL CORPORATION LIMITED,,04/2010,,04/2010,1492.0,,1492.0,0.0,0.0,1113.09,74.6,74.6,0.0,0.0,Low,On Schedule,,Petroleum & Natural Gas,Multi-State / Central,1.0,0.746,7.309,0,36.0,On Schedule,0,Low,850
JAN-2011,2011,JAN,FR_JAN_2011.pdf,220100195,"HOSPET-GUNTAKAL(LD),SCR(RAIL VIKAS NIGAM LTD.)",LD,,12/1999,,12/1999,105.22,,283.49,178.27,169.43,283.49,100.0,269.43,169.43,0.0,High,General Execution Delay,,Railways,Multi-State / Central,2.694,2.694,4.666,1,36.0,On Schedule,0,High,851
JAN-2011,2011,JAN,FR_JAN_2011.pdf,220100224,"NEW JALPAIGURI-NEW BONGAIGAON (GC),NEFR(NORTH EAST FRONTIER RAILWAY)",GC,,03/2003,,03/2003,536.85,,1005.5,468.65,87.3,1005.5,100.0,187.3,87.3,0.0,High,General Execution Delay,,Railways,Assam,1.873,1.873,6.288,1,36.0,On Schedule,0,High,852
JAN-2011,2011,JAN,FR_JAN_2011.pdf,220100244,TAHANJAVUR-VILLUPURAM GAUGE CONVERSION (G.C)(SR)(RAIL VIKAS NIGAM LTD.),G.C,,-,,-,223.0,,586.85,363.85,163.16,586.85,100.0,263.16,163.16,0.0,High,General Execution Delay,,Railways,Multi-State / Central,2.632,2.632,5.412,1,36.0,On Schedule,0,High,853
JAN-2011,2011,JAN,FR_JAN_2011.pdf,N22000033,AJMER-PHULERA-RINGUS-REWARI (G.C.)(NWR)(RVNL)(RAIL VIKAS NIGAM LTD.),G.C.,,03/2008,,03/2008,352.0,,616.44,264.44,75.13,616.44,100.0,175.13,75.13,0.0,High,General Execution Delay,,Railways,Multi-State / Central,1.751,1.751,5.866,1,36.0,On Schedule,0,High,854
JAN-2011,2011,JAN,FR_JAN_2011.pdf,N22000055,"ABOHAR- FAZILKA, NR, NL(NORTHERN RAILWAY)",NORTHERN RAILWAY,,03/2009,,03/2009,86.44,,201.79,115.35,133.45,201.79,100.0,233.45,133.45,0.0,High,General Execution Delay,,Railways,Multi-State / Central,2.334,2.334,4.471,1,36.0,On Schedule,0,High,855
JAN-2011,2011,JAN,FR_JAN_2011.pdf,240100203,"ALLAHABAD BYPASS (KM.158-KM.198) GQ, NH-2(NATIONAL HIGHWAYS AUTHORITY OF INDIA)",NATIONAL HIGHWAYS AUTHORITY OF INDIA,,12/2006,,12/2006,440.93,,641.4,200.47,45.47,641.4,100.0,145.47,45.47,0.0,High,General Execution Delay,,Road Transport & Highways,Multi-State / Central,1.455,1.455,6.091,1,36.0,On Schedule,0,High,856
JAN-2011,2011,JAN,FR_JAN_2011.pdf,240100204,"ALLAHABAD BYPASS (KM.198-KM.242.708) GQ, NH- 2(NATIONAL HIGHWAYS AUTHORITY OF INDIA)",NATIONAL HIGHWAYS AUTHORITY OF INDIA,,05/2007,,05/2007,534.39,,716.15,181.76,34.01,716.15,100.0,134.01,34.01,0.0,Medium,General Execution Delay,,Road Transport & Highways,Multi-State / Central,1.34,1.34,6.283,1,36.0,On Schedule,0,Medium,857
MAR-2011,2011,MAR,FR_MARCH_2011.pdf,160100289,INST. OF FACILITIES FOR IMPROVEMENT IN DIESEL QUALITY (IOCL)(INDIAN OIL CORPORATION LIMITED),IOCL,,04/2009,,04/2009,1876.0,,2747.34,871.34,46.45,2747.34,100.0,146.45,46.45,0.0,High,General Execution Delay,,Petroleum & Natural Gas,Multi-State / Central,1.464,1.464,7.537,1,36.0,On Schedule,0,High,858
MAR-2011,2011,MAR,FR_MARCH_2011.pdf,240101178,FATEHPUR-KHAGA (GQ) KM.38-KM.115 (NH-2)(NATIONAL HIGHWAYS AUTHORITY OF INDIA),GQ,,07/2004,,07/2004,372.4,,406.05,33.65,9.04,406.05,100.0,109.04,9.04,0.0,Low,On Schedule,,Road Transport & Highways,Multi-State / Central,1.09,1.09,5.923,0,36.0,On Schedule,0,Low,859
MAR-2011,2011,MAR,FR_MARCH_2011.pdf,240101181,VARANASI-MOHANIA (GQ) KM.317-329 & KM.0-KM.65 (NH- 2)(NATIONAL HIGHWAYS AUTHORITY OF INDIA),GQ,,03/2005,,03/2005,467.93,,467.93,0.0,0.0,453.64,96.95,96.95,0.0,0.0,Low,On Schedule,,Road Transport & Highways,Uttar Pradesh,1.0,0.969,6.15,0,36.0,On Schedule,0,Low,860
MAR-2011,2011,MAR,FR_MARCH_2011.pdf,240101187,GORHAR-BARWA ADDA (GQ) KM.320-KM.398.75 (NH- 2)(NATIONAL HIGHWAYS AUTHORITY OF INDIA),GQ,,03/2005,,03/2005,399.75,,424.96,25.21,6.31,424.96,100.0,106.31,6.31,0.0,Low,On Schedule,,Road Transport & Highways,Multi-State / Central,1.063,1.063,5.993,0,36.0,On Schedule,0,Low,861
MAR-2011,2011,MAR,FR_MARCH_2011.pdf,240106227,"PURNEA-FORBESGANJ (BR-1) PHASE-II, KM.309 TO 268, NH- 57(NATIONAL HIGHWAYS AUTHORITY OF INDIA)",NATIONAL HIGHWAYS AUTHORITY OF INDIA,,04/2008,,04/2008,276.0,,360.0,84.0,30.43,360.0,100.0,130.43,30.43,0.0,Medium,General Execution Delay,,Road Transport & Highways,Multi-State / Central,1.304,1.304,5.624,1,36.0,On Schedule,0,Medium,862
JAN-2011,2011,JAN,FR_JAN_2011.pdf,240106228,"PURNEA-FORBESGANJ (BR-2) PHASE-II, KM.268 TO 230, NH- 57(NATIONAL HIGHWAYS AUTHORITY OF INDIA)",NATIONAL HIGHWAYS AUTHORITY OF INDIA,,04/2008,,04/2008,310.0,,392.26,82.26,26.54,392.26,100.0,126.54,26.54,0.0,Medium,General Execution Delay,,Road Transport & Highways,Multi-State / Central,1.265,1.265,5.74,1,36.0,On Schedule,0,Medium,863
JAN-2011,2011,JAN,FR_JAN_2011.pdf,240106241,"MADURAI -KANNIAKUMARI SEC. (NS-42/TN) NH-7, KM.120 TO KM.160(NATIONAL HIGHWAYS AUTHORITY OF INDIA)",NATIONAL HIGHWAYS AUTHORITY OF INDIA,,03/2008,,03/2008,507.49,,507.49,0.0,0.0,342.8,67.55,67.55,0.0,0.0,Low,On Schedule,,Road Transport & Highways,Tamil Nadu,1.0,0.675,6.231,0,36.0,On Schedule,0,Low,864
JAN-2011,2011,JAN,FR_JAN_2011.pdf,240106257,"DHULE-PIMPALGAON, NH-3, KM.380 TOKM. 265(NATIONAL HIGHWAYS AUTHORITY OF INDIA)",NATIONAL HIGHWAYS AUTHORITY OF INDIA,,03/2009,,03/2009,556.0,,568.5,12.5,2.25,568.5,100.0,102.25,2.25,0.0,Low,On Schedule,,Road Transport & Highways,Multi-State / Central,1.022,1.022,6.323,0,36.0,On Schedule,0,Low,865
JAN-2011,2011,JAN,FR_JAN_2011.pdf,240106273,"SALEM TO KERALA BORDER SEC(TN6), KM.203.96 NH7 TO KM 53 NH47(NATIONAL HIGHWAYS AUTHORITY OF INDIA)",TN6,,12/2008,,12/2008,469.8,,665.8,196.0,41.72,665.8,100.0,141.72,41.72,0.0,High,General Execution Delay,,Road Transport & Highways,Kerala,1.417,1.417,6.154,1,36.0,On Schedule,0,High,866
JAN-2011,2011,JAN,FR_JAN_2011.pdf,N16000082,SHORT TERM LOW COST MUMBAI REFINERY(BHARAT PETROLEUM CORPORATION LIMITED),BHARAT PETROLEUM CORPORATION LIMITED,,01/2010,,01/2010,390.0,,390.0,0.0,0.0,188.43,48.32,48.32,0.0,0.0,Low,On Schedule,,Petroleum & Natural Gas,Maharashtra,1.0,0.483,5.969,0,36.0,On Schedule,0,Low,867
JAN-2011,2011,JAN,FR_JAN_2011.pdf,N12000021,REBUILDING OF COKE OVEN BATTRY NO.-4(STEEL AUTHORITY OF INDIA LIMITED (SAIL)),SAIL,,08/2009,,08/2009,248.94,,248.94,0.0,0.0,164.48,66.07,66.07,0.0,0.0,Low,On Schedule,,Other Infrastructure,Multi-State / Central,1.0,0.661,5.521,0,36.0,On Schedule,0,Low,868
JAN-2011,2011,JAN,FR_JAN_2011.pdf,160100281,CLEAN FUELS PROJECT AT VISAKH REFINERY(HPCL)(HINDUSTAN PETROLEUM CORPORATION LIMITED),HPCL,,05/2006,,05/2006,1635.0,,2095.36,460.36,28.16,2095.36,100.0,128.16,28.16,0.0,Medium,General Execution Delay,,Petroleum & Natural Gas,Multi-State / Central,1.282,1.282,7.4,1,36.0,On Schedule,0,Medium,869
JAN-2011,2011,JAN,FR_JAN_2011.pdf,N26000061,EXPANSION OF EXISTING 2G&3G GSM N/W BY 750 KPE NO(MAHANAGAR TELEPHONE NIGAM LIMITED),MAHANAGAR TELEPHONE NIGAM LIMITED,,12/2009,,12/2009,180.53,,180.53,0.0,0.0,25.97,14.39,14.39,0.0,0.0,Low,On Schedule,,Other Infrastructure,Multi-State / Central,1.0,0.144,5.201,0,36.0,On Schedule,0,Low,870
SEP-2011,2011,SEP,FR_SEP_2011.pdf,N24000087,"KURALI-KIRATPUR, NH-21(NATIONAL HIGHWAYS AUTHORITY OF INDIA)",NATIONAL HIGHWAYS AUTHORITY OF INDIA,,06/2010,,06/2010,309.0,,553.56,244.56,79.15,553.56,100.0,179.15,79.15,0.0,High,General Execution Delay,,Road Transport & Highways,Multi-State / Central,1.791,1.791,5.737,1,36.0,On Schedule,0,High,871
MAR-2011,2011,MAR,FR_MARCH_2011.pdf,N26000049,EXPANSION OF 750K GSM LINES(MAHANAGAR TELEPHONE NIGAM LIMITED),MAHANAGAR TELEPHONE NIGAM LIMITED,,12/2008,,12/2008,168.33,,175.77,7.44,4.42,175.77,100.0,104.42,4.42,0.0,Low,On Schedule,,Other Infrastructure,Multi-State / Central,1.044,1.044,5.132,0,36.0,On Schedule,0,Low,872
MAR-2011,2011,MAR,FR_MARCH_2011.pdf,N26000052,DELHI EXP. OF 1250K LINES OF 2G/3G GSM LINES(MAHANAGAR TELEPHONE NIGAM LIMITED),MAHANAGAR TELEPHONE NIGAM LIMITED,,12/2009,,12/2009,463.61,,463.61,0.0,0.0,106.13,22.89,22.89,0.0,0.0,Low,On Schedule,,Other Infrastructure,Delhi & NCR,1.0,0.229,6.141,0,36.0,On Schedule,0,Low,873
MAR-2011,2011,MAR,FR_MARCH_2011.pdf,N16000055,BARGE BUMPER-BOAT LANDING-RISER PROTECTOR PROJECT(OIL & NATURAL GAS CORPORATION LIMITED),OIL & NATURAL GAS CORPORATION LIMITED,,05/2010,,05/2010,289.6,,289.6,0.0,0.0,198.16,68.43,68.43,0.0,0.0,Low,On Schedule,,Petroleum & Natural Gas,Multi-State / Central,1.0,0.684,5.672,0,36.0,On Schedule,0,Low,874
MAR-2011,2011,MAR,FR_MARCH_2011.pdf,N16000079,BINA KOTA PIPE LINE PROJECT(BHARAT PETROLEUM CORPORATION LIMITED),BHARAT PETROLEUM CORPORATION LIMITED,,12/2009,,12/2009,405.82,,405.82,0.0,0.0,354.93,87.46,87.46,0.0,0.0,Low,On Schedule,,Other Infrastructure,Rajasthan,1.0,0.875,6.008,0,36.0,On Schedule,0,Low,875
MAR-2011,2011,MAR,FR_MARCH_2011.pdf,060100090,BARSINGSAR MINE 2.10 MTPA LIGNITE (NLC)(NEYVELI LIGNITE CORPORATION),NLC,,06/2009,,06/2009,254.07,,1687.78,1433.71,564.3,1687.78,100.0,664.3,564.3,0.0,High,General Execution Delay,,Coal & Mines,Multi-State / Central,6.643,6.643,5.542,1,36.0,On Schedule,0,High,876
SEP-2011,2011,SEP,FR_SEP_2011.pdf,N16000049,EXPENSION OF ROURKELA STEEL PLANT(STEEL AUTHORITY OF INDIA LIMITED (SAIL)),SAIL,,02/2011,,02/2011,6133.0,,6133.0,0.0,0.0,1253.17,20.43,20.43,0.0,0.0,Low,On Schedule,,Other Infrastructure,Multi-State / Central,1.0,0.204,8.722,0,36.0,On Schedule,0,Low,877
MAR-2011,2011,MAR,FR_MARCH_2011.pdf,N16000026,LUBE OIL BASE STOCK QUALITY UPGRADATION AT MUMBAI REFINERY(HINDUSTAN PETROLEUM CORPORATION LIMITED),HINDUSTAN PETROLEUM CORPORATION LIMITED,,04/2009,,04/2009,638.9,,796.21,157.31,24.62,796.21,100.0,124.62,24.62,0.0,Medium,General Execution Delay,,Petroleum & Natural Gas,Maharashtra,1.246,1.246,6.461,1,36.0,On Schedule,0,Medium,878
MAR-2011,2011,MAR,FR_MARCH_2011.pdf,N16000034,INST. OF FCC GASOLINE DESULPHUN UNIT AT MATHURA RE(INDIAN OIL CORPORATION LIMITED),INDIAN OIL CORPORATION LIMITED,,12/2009,,12/2009,348.0,,348.0,0.0,0.0,186.58,53.61,53.61,0.0,0.0,Low,On Schedule,,Petroleum & Natural Gas,Multi-State / Central,1.0,0.536,5.855,0,36.0,On Schedule,0,Low,879
MAR-2011,2011,MAR,FR_MARCH_2011.pdf,N16000035,MSQ UPGRADATION PROJECT AT PANIPAT REFINERY(INDIAN OIL CORPORATION LIMITED),INDIAN OIL CORPORATION LIMITED,,12/2009,,12/2009,1131.0,,1131.0,0.0,0.0,750.71,66.38,66.38,0.0,0.0,Low,On Schedule,,Petroleum & Natural Gas,Haryana,1.0,0.664,7.032,0,36.0,On Schedule,0,Low,880
MAR-2011,2011,MAR,FR_MARCH_2011.pdf,N16000047,CHAINSA-JHAJJAR PIPE LINE PROJECT(GAS AUTHORITY OF INDIA LIMITED),GAS AUTHORITY OF INDIA LIMITED,,09/2009,,09/2009,967.77,,967.77,0.0,0.0,416.9,43.08,43.08,0.0,0.0,Low,On Schedule,,Other Infrastructure,Multi-State / Central,1.0,0.431,6.876,0,36.0,On Schedule,0,Low,881
MAR-2011,2011,MAR,FR_MARCH_2011.pdf,N16000067,SINGLE POINT MOORING PROJECT AT VISAKHAPATNAM(HINDUSTAN PETROLEUM CORPORATION LIMITED),HINDUSTAN PETROLEUM CORPORATION LIMITED,,-,,-,643.46,,726.45,82.99,12.9,726.45,100.0,112.9,12.9,0.0,Low,On Schedule,,Other Infrastructure,Bihar,1.129,1.129,6.468,0,36.0,On Schedule,0,Low,882
MAR-2011,2011,MAR,FR_MARCH_2011.pdf,N16000078,- 72.99 18 BINA DESPATCH TERMINAL(BHARAT PETROLEUM CORPORATION LIMITED),BHARAT PETROLEUM CORPORATION LIMITED,,12/2009,,12/2009,490.71,,590.52,99.81,20.34,590.52,100.0,120.34,20.34,0.0,Medium,General Execution Delay,,Civil Aviation,Multi-State / Central,1.203,1.203,6.198,1,36.0,On Schedule,0,Medium,883
MAR-2011,2011,MAR,FR_MARCH_2011.pdf,210100001,NORTH EAST INDIRA GANDHI INST-ITUTE OF HEALTH & MS(HEALTH & FAMILY WELFARE),HEALTH & FAMILY WELFARE,,03/1999,,03/1999,71.18,,547.78,476.6,669.57,547.78,100.0,769.57,669.57,0.0,High,General Execution Delay,,Other Infrastructure,Multi-State / Central,7.696,7.696,4.279,1,36.0,On Schedule,0,High,884
MAR-2011,2011,MAR,FR_MARCH_2011.pdf,220100282,"DHARMAVARAM-PAKALA (GC), SCR(SOUTH CENTRAL RAILWAY)",GC,,-,,-,200.0,,567.49,367.49,183.75,567.49,100.0,283.75,183.75,0.0,High,General Execution Delay,,Railways,Multi-State / Central,2.837,2.837,5.303,1,36.0,On Schedule,0,High,885
MAR-2011,2011,MAR,FR_MARCH_2011.pdf,N24000060,AP/KARNATKA BORDER-NANDI HILL CROSSING AND DEVANHA(NATIONAL HIGHWAYS AUTHORITY OF INDIA),NATIONAL HIGHWAYS AUTHORITY OF INDIA,,03/2009,,03/2009,402.8,,453.7,50.9,12.64,453.7,100.0,112.64,12.64,0.0,Low,On Schedule,,Road Transport & Highways,Multi-State / Central,1.126,1.126,6.001,0,36.0,On Schedule,0,Low,886
MAR-2012,2012,MAR,FR_MARCH_2012.pdf,N16000024,HEERA AND SOUTH HEERA RE-DEVELOPMENT PROJECT(OIL & NATURAL GAS CORPORATION LIMITED),OIL & NATURAL GAS CORPORATION LIMITED,,06/2010,,06/2010,2305.3,,2305.3,0.0,0.0,1266.47,54.94,54.94,0.0,0.0,Low,On Schedule,,Petroleum & Natural Gas,Multi-State / Central,1.0,0.549,7.743,0,36.0,On Schedule,0,Low,887
JUN-2012,2012,JUN,FR_JUNE_2012.pdf,N18000082,09/2009 N.A. 22 IMMEDIATE EVACUATION SYSTEM FOR NABINAGAR TPS(POWER GRID CORPORATION OF INDIA LIMITED),POWER GRID CORPORATION OF INDIA LIMITED,,06/2012,,06/2012,215.86,,215.86,0.0,0.0,179.7,83.25,83.25,0.0,0.0,Low,On Schedule,,Power & Renewable Energy,Multi-State / Central,1.0,0.832,5.379,0,36.0,On Schedule,0,Low,888
JUN-2012,2012,JUN,FR_JUNE_2012.pdf,N12000023,"700TPD ARI SEPARATION UNIT-4 AT OXYGEN PLANT-II, BHILLAI(STEEL AUTHORITY OF INDIA LIMITED (SAIL))",SAIL,,05/2011,,05/2011,232.93,,232.93,0.0,0.0,191.83,82.36,82.36,0.0,0.0,Low,On Schedule,,Other Infrastructure,Multi-State / Central,1.0,0.824,5.455,0,36.0,On Schedule,0,Low,889
MAR-2012,2012,MAR,FR_MARCH_2012.pdf,N16000076,SETTING UP OF AN INTERNATIONAL CRUISE TERMINAL AT(PORT TRUST),PORT TRUST,,01/2009,,01/2009,375.0,,375.0,0.0,0.0,0.0,0.0,0.0,0.0,0.0,Low,On Schedule,,Civil Aviation,Uttar Pradesh,1.0,0.0,5.93,0,36.0,On Schedule,0,Low,890
MAR-2012,2012,MAR,FR_MARCH_2012.pdf,N16000049,TUIRIAL HE PROJECT(NEEPCO)(NORTH EAST ELECTRIC POWER CORPORATION),NEEPCO,,07/2006,,07/2006,368.72,,368.72,0.0,0.0,295.47,80.13,80.13,0.0,0.0,Low,On Schedule,,Power & Renewable Energy,Multi-State / Central,1.0,0.801,5.913,0,36.0,On Schedule,0,Low,891
MAR-2012,2012,MAR,FR_MARCH_2012.pdf,N04000056,D/O OF TERMINAL BLDG. AND PAVEMENT WORKS AT CHENNA(AIRPORT AUTHORITY OF INDIA LIMITED),AIRPORT AUTHORITY OF INDIA LIMITED,,06/2010,,06/2010,535.0,,535.0,0.0,0.0,143.97,26.91,26.91,0.0,0.0,Low,On Schedule,,Civil Aviation,Multi-State / Central,1.0,0.269,6.284,0,36.0,On Schedule,0,Low,892
MAR-2012,2012,MAR,FR_MARCH_2012.pdf,N16000063,NEELAM RECONSTRUCTION(OIL & NATURAL GAS CORPORATION LIMITED),OIL & NATURAL GAS CORPORATION LIMITED,,04/2011,,04/2011,305.08,,305.08,0.0,0.0,298.66,97.9,97.9,0.0,0.0,Low,On Schedule,,Petroleum & Natural Gas,Multi-State / Central,1.0,0.979,5.724,0,36.0,On Schedule,0,Low,893
MAR-2012,2012,MAR,FR_MARCH_2012.pdf,N16000062,HEERA RECONSTRUCTION(OIL & NATURAL GAS CORPORATION LIMITED),OIL & NATURAL GAS CORPORATION LIMITED,,04/2010,,04/2010,706.7,,706.7,0.0,0.0,700.75,99.16,99.16,0.0,0.0,Low,On Schedule,,Petroleum & Natural Gas,Multi-State / Central,1.0,0.992,6.562,0,36.0,On Schedule,0,Low,894
MAR-2012,2012,MAR,FR_MARCH_2012.pdf,N16000059,BRANCH PIPELINE FROM KSPL VIRAMGAON TO KANDLA(INDIAN OIL CORPORATION LIMITED),INDIAN OIL CORPORATION LIMITED,,03/2013,,03/2013,250.0,,250.0,0.0,0.0,233.51,93.4,93.4,0.0,0.0,Low,On Schedule,,Petroleum & Natural Gas,Gujarat,1.0,0.934,5.525,0,36.0,On Schedule,0,Low,895
MAR-2012,2012,MAR,FR_MARCH_2012.pdf,N16000050,BAWANA NANGAL PIPE LINE PROJECT(GAS AUTHORITY OF INDIA LIMITED),GAS AUTHORITY OF INDIA LIMITED,,12/2011,,12/2011,1816.07,,1816.07,0.0,0.0,1209.4,66.59,66.59,0.0,0.0,Low,On Schedule,,Other Infrastructure,Multi-State / Central,1.0,0.666,7.505,0,36.0,On Schedule,0,Low,896
MAR-2012,2012,MAR,FR_MARCH_2012.pdf,N16000045,MNW-NF BRIDGE PROJECT(OIL & NATURAL GAS CORPORATION LIMITED),OIL & NATURAL GAS CORPORATION LIMITED,,03/2009,,03/2009,175.21,,175.21,0.0,0.0,172.42,98.41,98.41,0.0,0.0,Low,On Schedule,,Petroleum & Natural Gas,Multi-State / Central,1.0,0.984,5.172,0,36.0,On Schedule,0,Low,897
MAR-2012,2012,MAR,FR_MARCH_2012.pdf,240106216,"GAGODHAR-GARAMORE(PK-IV,NH15) KM 245 TO 281.3 AND 308 TO 254(NATIONAL HIGHWAYS AUTHORITY OF INDIA)",NATIONAL HIGHWAYS AUTHORITY OF INDIA,,11/2007,,11/2007,412.78,,437.8,25.02,6.06,437.8,100.0,106.06,6.06,0.0,Low,On Schedule,,Road Transport & Highways,Multi-State / Central,1.061,1.061,6.025,0,36.0,On Schedule,0,Low,898
MAR-2012,2012,MAR,FR_MARCH_2012.pdf,N18000062,TR. SYSTEM ASSOCIATED WITH TUTICORIN JV TPS(POWER GRID CORPORATION OF INDIA LIMITED),POWER GRID CORPORATION OF INDIA LIMITED,,07/2010,,07/2010,353.57,,353.57,0.0,0.0,221.2,62.56,62.56,0.0,0.0,Low,On Schedule,,Power & Renewable Energy,Multi-State / Central,1.0,0.626,5.871,0,36.0,On Schedule,0,Low,899
MAR-2012,2012,MAR,FR_MARCH_2012.pdf,N18000033,EASTERN REGION STRENGTHENING SCHEME-II(POWER GRID CORPORATION OF INDIA LIMITED),POWER GRID CORPORATION OF INDIA LIMITED,,06/2010,,06/2010,227.52,,227.52,0.0,0.0,140.7,61.84,61.84,0.0,0.0,Low,On Schedule,,Power & Renewable Energy,Multi-State / Central,1.0,0.618,5.432,0,36.0,On Schedule,0,Low,900
MAR-2012,2012,MAR,FR_MARCH_2012.pdf,060100089,BARSINGSAR TPS (2 125MW) (NLC)(NEYVELI LIGNITE CORPORATION),2 125MW,,06/2009,,06/2009,1114.18,,1714.72,600.54,53.9,1714.72,100.0,153.9,53.9,0.0,High,General Execution Delay,,Coal & Mines,Multi-State / Central,1.539,1.539,7.017,1,36.0,On Schedule,0,High,901
MAR-2012,2012,MAR,FR_MARCH_2012.pdf,N26000050,GSM EQUIPMENT-480K LINES(2G) & 220K LINES(3G) IN(BHARAT SANCHAR NIGAM LIMITED),2G,,03/2009,,03/2009,335.91,,335.91,0.0,0.0,182.45,54.32,54.32,0.0,0.0,Low,On Schedule,,Other Infrastructure,Multi-State / Central,1.0,0.543,5.82,0,36.0,On Schedule,0,Low,902
MAR-2012,2012,MAR,FR_MARCH_2012.pdf,N26000043,GSM EQUIPMENT OF 3125K LINES(2G) AND 625K LINES(3(BHARAT SANCHAR NIGAM LIMITED),2G,,09/2009,,09/2009,1799.94,,1799.94,0.0,0.0,309.79,17.21,17.21,0.0,0.0,Low,On Schedule,,Other Infrastructure,Multi-State / Central,1.0,0.172,7.496,0,36.0,On Schedule,0,Low,903
MAR-2012,2012,MAR,FR_MARCH_2012.pdf,N26000040,GSM EQUIPMENT OF 216650 LINES(2G) PH-5.1(BHARAT SANCHAR NIGAM LIMITED),2G,,03/2009,,03/2009,192.48,,192.48,0.0,0.0,119.45,62.06,62.06,0.0,0.0,Low,On Schedule,,Other Infrastructure,Multi-State / Central,1.0,0.621,5.265,0,36.0,On Schedule,0,Low,904
MAR-2012,2012,MAR,FR_MARCH_2012.pdf,N26000039,GSM EQUIPMENT OF 900K LINES(2G) AND 300K LINES(3G)(BHARAT SANCHAR NIGAM LIMITED),2G,,12/2008,,12/2008,601.49,,601.49,0.0,0.0,496.2,82.5,82.5,0.0,0.0,Low,On Schedule,,Other Infrastructure,Multi-State / Central,1.0,0.825,6.401,0,36.0,On Schedule,0,Low,905
MAR-2012,2012,MAR,FR_MARCH_2012.pdf,N24000100,PONDICHERY - TINDIVANAU NH-66(NATIONAL HIGHWAYS AUTHORITY OF INDIA),NATIONAL HIGHWAYS AUTHORITY OF INDIA,,07/2010,,07/2010,285.0,,359.4,74.4,26.11,359.4,100.0,126.11,26.11,0.0,Medium,General Execution Delay,,Road Transport & Highways,Multi-State / Central,1.261,1.261,5.656,1,36.0,On Schedule,0,Medium,906
MAR-2012,2012,MAR,FR_MARCH_2012.pdf,N24000097,"JHANSI TO LALITPUR, NH-26(NATIONAL HIGHWAYS AUTHORITY OF INDIA)",NATIONAL HIGHWAYS AUTHORITY OF INDIA,,09/2009,,09/2009,276.09,,295.4,19.31,6.99,295.4,100.0,106.99,6.99,0.0,Low,On Schedule,,Road Transport & Highways,Multi-State / Central,1.07,1.07,5.624,0,36.0,On Schedule,0,Low,907
MAR-2012,2012,MAR,FR_MARCH_2012.pdf,240106299,"LALITPUR TO SAGAR, NH-26 (NHAI)(NATIONAL HIGHWAYS AUTHORITY OF INDIA)",NHAI,,11/2008,,11/2008,198.0,,198.0,0.0,0.0,187.3,94.6,94.6,0.0,0.0,Low,On Schedule,,Road Transport & Highways,Multi-State / Central,1.0,0.946,5.293,0,36.0,On Schedule,0,Low,908
MAR-2012,2012,MAR,FR_MARCH_2012.pdf,240106276,"MADURAI-ARUPKOTTAI-TUTICORIN, KM.138.8 TO KM.264.5, NH-45 B(NATIONAL HIGHWAYS AUTHORITY OF INDIA)",NATIONAL HIGHWAYS AUTHORITY OF INDIA,,11/2010,,11/2010,629.0,,910.0,281.0,44.67,910.0,100.0,144.67,44.67,0.0,High,General Execution Delay,,Road Transport & Highways,Tamil Nadu,1.447,1.447,6.446,1,36.0,On Schedule,0,High,909
MAR-2012,2012,MAR,FR_MARCH_2012.pdf,240106246,"GORAKHPUR-AYODHYA (LMNHP-5),NH-28, KM.208.00 TO KM.164.00(NATIONAL HIGHWAYS AUTHORITY OF INDIA)",NATIONAL HIGHWAYS AUTHORITY OF INDIA,,10/2008,,10/2008,227.0,,403.6,176.6,77.8,403.6,100.0,177.8,77.8,0.0,High,General Execution Delay,,Road Transport & Highways,Uttar Pradesh,1.778,1.778,5.429,1,36.0,On Schedule,0,High,910
MAR-2012,2012,MAR,FR_MARCH_2012.pdf,N18000023,TRANSMISSION SYSTEM ASSOCIATEDWITH URI-II(POWER GRID CORPORATION OF INDIA LIMITED),POWER GRID CORPORATION OF INDIA LIMITED,,05/2011,,05/2011,238.25,,238.25,0.0,0.0,220.82,92.68,92.68,0.0,0.0,Low,On Schedule,,Power & Renewable Energy,Multi-State / Central,1.0,0.927,5.478,0,36.0,On Schedule,0,Low,911
MAR-2012,2012,MAR,FR_MARCH_2012.pdf,N16000052,DAHEJ-VIJAYPUR PIPE LINE PROJECT(PHASE-II)(GAS AUTHORITY OF INDIA LIMITED),GAS AUTHORITY OF INDIA LIMITED,,10/2010,,10/2010,4429.38,,4429.38,0.0,0.0,2325.6,52.5,52.5,0.0,0.0,Low,On Schedule,,Other Infrastructure,Multi-State / Central,1.0,0.525,8.396,0,36.0,On Schedule,0,Low,912
MAR-2012,2012,MAR,FR_MARCH_2012.pdf,100100054,"SECOND PHASE EXPANSION OF CAPTIVE ALUMINIUM,SMELTER AND POWE(NATIONAL ALUMINUM COMPANY LIMITED (NALCO))",NALCO,,12/2008,,12/2008,4091.51,,4183.0,91.49,2.24,4183.0,100.0,102.24,2.24,0.0,Low,On Schedule,,Other Infrastructure,Multi-State / Central,1.022,1.022,8.317,0,36.0,On Schedule,0,Low,913
MAR-2012,2012,MAR,FR_MARCH_2012.pdf,N24000117,ZIRAKPUR(HARYANA) -PARWANOO(HIMACHAL PRADESH)(NATIONAL HIGHWAYS AUTHORITY OF INDIA),HARYANA,,08/2010,,08/2010,295.0,,763.8,468.8,158.92,763.8,100.0,258.92,158.92,0.0,High,General Execution Delay,,Road Transport & Highways,Haryana,2.589,2.589,5.69,1,36.0,On Schedule,0,High,914
MAR-2012,2012,MAR,FR_MARCH_2012.pdf,N18000058,NORTHERN REGION SYSTEM STRENGHTENING SCHEME- XVII(POWER GRID CORPORATION OF INDIA LIMITED),POWER GRID CORPORATION OF INDIA LIMITED,,08/2011,,08/2011,210.79,,210.79,0.0,0.0,169.6,80.46,80.46,0.0,0.0,Low,On Schedule,,Power & Renewable Energy,Multi-State / Central,1.0,0.805,5.356,0,36.0,On Schedule,0,Low,915
MAR-2012,2012,MAR,FR_MARCH_2012.pdf,N18000032,SIMHADRI STPP STAGE -II(NATIONAL THERMAL POWER CORPORATION),NATIONAL THERMAL POWER CORPORATION,,05/2011,,05/2011,5103.39,,5103.39,0.0,0.0,4405.0,86.32,86.32,0.0,0.0,Low,On Schedule,,Power & Renewable Energy,Multi-State / Central,1.0,0.863,8.538,0,36.0,On Schedule,0,Low,916
MAR-2012,2012,MAR,FR_MARCH_2012.pdf,N16000126,12/2010 736.18 90 WIND ENERGY(GAS AUTHORITY OF INDIA LIMITED),GAS AUTHORITY OF INDIA LIMITED,,-,,-,616.0,,616.0,0.0,0.0,344.74,55.96,55.96,0.0,0.0,Low,On Schedule,,Other Infrastructure,Multi-State / Central,1.0,0.56,6.425,0,36.0,On Schedule,0,Low,917
MAR-2012,2012,MAR,FR_MARCH_2012.pdf,N16000083,REFRIGERATED LPG STORAGE AT JNPT(BHARAT PETROLEUM CORPORATION LIMITED),BHARAT PETROLEUM CORPORATION LIMITED,,09/2010,,09/2010,304.4,,304.4,0.0,0.0,271.0,89.03,89.03,0.0,0.0,Low,On Schedule,,Petroleum & Natural Gas,Multi-State / Central,1.0,0.89,5.722,0,36.0,On Schedule,0,Low,918
MAR-2012,2012,MAR,FR_MARCH_2012.pdf,220100116,RAJKOT-VERAVAL (GC) AND WANSJALIYA-JETALSAR GC AN(WESTERN RAILWAY),GC,,03/1996,,03/1996,112.53,,509.5700000000001,397.04,352.83,509.57,100.0,452.83,352.83,0.0,High,General Execution Delay,,Railways,Gujarat,4.528,4.528,4.732,1,36.0,On Schedule,0,High,919
MAR-2012,2012,MAR,FR_MARCH_2012.pdf,N16000040,MSQ QUALITY UP GRADATION PROJECT AT BONGAIGAON REF(INDIAN OIL CORPORATION LIMITED),INDIAN OIL CORPORATION LIMITED,,12/2009,,12/2009,293.6,,293.6,0.0,0.0,234.81,79.98,79.98,0.0,0.0,Low,On Schedule,,Petroleum & Natural Gas,Uttar Pradesh,1.0,0.8,5.686,0,36.0,On Schedule,0,Low,920
MAR-2012,2012,MAR,FR_MARCH_2012.pdf,280100002,DELHI MRTS PHASE-II PROJECT(DELHI METRO RAIL CORPORATION),DELHI METRO RAIL CORPORATION,,06/2010,,06/2010,8676.0,,18304.3,9628.3,110.98,18304.3,100.0,210.98,110.98,0.0,High,General Execution Delay,,Railways,Delhi & NCR,2.11,2.11,9.068,1,36.0,On Schedule,0,High,921
MAR-2012,2012,MAR,FR_MARCH_2012.pdf,N26000037,NIB-II PROJECT RURAL BROADBAND(BHARAT SANCHAR NIGAM LIMITED),BHARAT SANCHAR NIGAM LIMITED,,02/2008,,02/2008,312.86,,312.86,0.0,0.0,204.43,65.34,65.34,0.0,0.0,Low,On Schedule,,Road Transport & Highways,Multi-State / Central,1.0,0.653,5.749,0,36.0,On Schedule,0,Low,922
MAR-2012,2012,MAR,FR_MARCH_2012.pdf,240106256,"MEERUT-MUZAFFARNAGAR, NH-58 PHASE-III, KM.52.25 TO KM.131.00(NATIONAL HIGHWAYS AUTHORITY OF INDIA)",NATIONAL HIGHWAYS AUTHORITY OF INDIA,,03/2009,,03/2009,359.0,,870.6,511.6,142.51,870.6,100.0,242.51,142.51,0.0,High,General Execution Delay,,Road Transport & Highways,Multi-State / Central,2.425,2.425,5.886,1,36.0,On Schedule,0,High,923
MAR-2012,2012,MAR,FR_MARCH_2012.pdf,240106222,"AYODHYA - LUCKNOW (LMNHP-I) NH-28, KM.45 TO KM.8.2(NATIONAL HIGHWAYS AUTHORITY OF INDIA)",NATIONAL HIGHWAYS AUTHORITY OF INDIA,,10/2008,,10/2008,193.0,,338.7,145.7,75.49,338.7,100.0,175.49,75.49,0.0,High,General Execution Delay,,Road Transport & Highways,Uttar Pradesh,1.755,1.755,5.268,1,36.0,On Schedule,0,High,924
MAR-2012,2012,MAR,FR_MARCH_2012.pdf,220100185,"AJMER-UDAIPUR-CHITTAURGARH (GC),NWR(NORTH WESTERN RAILWAY)",GC,,-,,-,262.0,,548.54,286.54,109.37,548.54,100.0,209.37,109.37,0.0,High,General Execution Delay,,Railways,Rajasthan,2.094,2.094,5.572,1,36.0,On Schedule,0,High,925
MAR-2012,2012,MAR,FR_MARCH_2012.pdf,N18000040,EST. OF 400/220 KV GIS POOLING STATION NEAR CHAMER(POWER GRID CORPORATION OF INDIA LIMITED),POWER GRID CORPORATION OF INDIA LIMITED,,09/2010,,09/2010,262.1,,262.1,0.0,0.0,164.0,62.57,62.57,0.0,0.0,Low,On Schedule,,Power & Renewable Energy,Multi-State / Central,1.0,0.626,5.573,0,36.0,On Schedule,0,Low,926
MAR-2012,2012,MAR,FR_MARCH_2012.pdf,240106203,IMPROVEMENT OF ACCESS OF GQ WITHIN CHENNAI CITY(NHAI) OTHERS(NATIONAL HIGHWAYS AUTHORITY OF INDIA),NHAI,,04/2007,,04/2007,210.0,,672.97,462.97,220.46,672.97,100.0,320.46,220.46,0.0,High,General Execution Delay,,Road Transport & Highways,Tamil Nadu,3.205,3.205,5.352,1,36.0,On Schedule,0,High,927
MAR-2012,2012,MAR,FR_MARCH_2012.pdf,220100187,"SURENDRANAGAR-BHAVNAGAR(GC),WR(WESTERN RAILWAY)",GC,,03/2004,,03/2004,437.4,,544.35,106.95,24.45,544.35,100.0,124.45,24.45,0.0,Medium,General Execution Delay,,Railways,Multi-State / Central,1.245,1.245,6.083,1,36.0,On Schedule,0,Medium,928
MAR-2012,2012,MAR,FR_MARCH_2012.pdf,N16000053,COMPRESSOR STATIONS (VIJAYPUR AND JHABUA) PHASE- I(GAS AUTHORITY OF INDIA LIMITED),VIJAYPUR AND JHABUA,,04/2011,,04/2011,1512.0,,1512.0,0.0,0.0,846.61,55.99,55.99,0.0,0.0,Low,On Schedule,,Other Infrastructure,Multi-State / Central,1.0,0.56,7.322,0,36.0,On Schedule,0,Low,929
MAR-2012,2012,MAR,FR_MARCH_2012.pdf,N24000099,TRICHY - DINDIGUAL NH-45(NATIONAL HIGHWAYS AUTHORITY OF INDIA),NATIONAL HIGHWAYS AUTHORITY OF INDIA,,07/2010,,07/2010,576.0,,661.4,85.4,14.83,661.4,100.0,114.83,14.83,0.0,Low,On Schedule,,Road Transport & Highways,Multi-State / Central,1.148,1.148,6.358,0,36.0,On Schedule,0,Low,930
MAR-2012,2012,MAR,FR_MARCH_2012.pdf,N24000090,KOSI BRIDGE INCLUDING APPROACHES AND GUIDE BOND AN(NATIONAL HIGHWAYS AUTHORITY OF INDIA),NATIONAL HIGHWAYS AUTHORITY OF INDIA,,03/2010,,03/2010,418.04,,418.04,0.0,0.0,343.3,82.12,82.12,0.0,0.0,Low,On Schedule,,Road Transport & Highways,Multi-State / Central,1.0,0.821,6.038,0,36.0,On Schedule,0,Low,931
MAR-2012,2012,MAR,FR_MARCH_2012.pdf,N24000036,SITAPUR-LUCKNOW(NATIONAL HIGHWAYS AUTHORITY OF INDIA),NATIONAL HIGHWAYS AUTHORITY OF INDIA,,06/2009,,06/2009,322.0,,553.7,231.7,71.96,553.7,100.0,171.96,71.96,0.0,High,General Execution Delay,,Road Transport & Highways,Uttar Pradesh,1.72,1.72,5.778,1,36.0,On Schedule,0,High,932
MAR-2012,2012,MAR,FR_MARCH_2012.pdf,240106291,KASIA TO GORAKHPUR (NH-28)(NHAI)(NATIONAL HIGHWAYS AUTHORITY OF INDIA),NHAI,,12/2008,,12/2008,242.0,,434.1,192.1,79.38,434.1,100.0,179.38,79.38,0.0,High,General Execution Delay,,Road Transport & Highways,Multi-State / Central,1.794,1.794,5.493,1,36.0,On Schedule,0,High,933
MAR-2012,2012,MAR,FR_MARCH_2012.pdf,220100322,PRATAPNAGAR-CHOTA UDAIPUR (GC) (WR)(WESTERN RAILWAY),GC,,03/2008,,03/2008,148.61,,260.07,111.46,75.0,260.07,100.0,175.0,75.0,0.0,High,General Execution Delay,,Railways,Rajasthan,1.75,1.75,5.008,1,36.0,On Schedule,0,High,934
MAR-2012,2012,MAR,FR_MARCH_2012.pdf,220100251,VILLUPURAM-KATPADI (GC)(SR)(SOUTHERN RAILWAY),GC,,-,,-,175.0,,538.69,363.69,207.82,538.69,100.0,307.82,207.82,0.0,High,General Execution Delay,,Railways,Multi-State / Central,3.078,3.078,5.17,1,36.0,On Schedule,0,High,935
MAR-2012,2012,MAR,FR_MARCH_2012.pdf,N18000059,TRANSMISSION SYSTEM ASSOCIATED WITH KORBA III GENE(POWER GRID CORPORATION OF INDIA LIMITED),POWER GRID CORPORATION OF INDIA LIMITED,,06/2011,,06/2011,276.61,,276.61,0.0,0.0,199.16,72.0,72.0,0.0,0.0,Low,On Schedule,,Power & Renewable Energy,Multi-State / Central,1.0,0.72,5.626,0,36.0,On Schedule,0,Low,936
MAR-2012,2012,MAR,FR_MARCH_2012.pdf,260100100,EAST-WEST TRANSNISSION CORRIDOR STRENGTHNING SCHEME(POWER GRID CORPORATION OF INDIA LIMITED),POWER GRID CORPORATION OF INDIA LIMITED,,06/2009,,06/2009,803.7,,803.7,0.0,0.0,667.01,82.99,82.99,0.0,0.0,Low,On Schedule,,Power & Renewable Energy,Multi-State / Central,1.0,0.83,6.69,0,36.0,On Schedule,0,Low,937
MAR-2012,2012,MAR,FR_MARCH_2012.pdf,180100256,KOTESWAR TRANSMISSION SYSTEM (PGCIL)(POWER GRID CORPORATION OF INDIA LIMITED),PGCIL,,06/2008,,06/2008,260.34,,260.34,0.0,0.0,184.25,70.77,70.77,0.0,0.0,Low,On Schedule,,Power & Renewable Energy,Multi-State / Central,1.0,0.708,5.566,0,36.0,On Schedule,0,Low,938
MAR-2012,2012,MAR,FR_MARCH_2012.pdf,N16000080,CAPACITY EXP. CUM MODERNISATION PH-II(BHARAT PETROLEUM CORPORATION LIMITED),BHARAT PETROLEUM CORPORATION LIMITED,,12/2009,,12/2009,2591.8,,3265.1000000000004,673.3,25.98,3265.1,100.0,125.98,25.98,0.0,Medium,General Execution Delay,,Other Infrastructure,Multi-State / Central,1.26,1.26,7.86,1,36.0,On Schedule,0,Medium,939
MAR-2012,2012,MAR,FR_MARCH_2012.pdf,N24000119,KALGHAT-MP/MAHARASHTRA BORDER KM 16.6- 84.70(NATIONAL HIGHWAYS AUTHORITY OF INDIA),NATIONAL HIGHWAYS AUTHORITY OF INDIA,,05/2010,,05/2010,549.0,,815.0,266.0,48.45,815.0,100.0,148.45,48.45,0.0,High,General Execution Delay,,Road Transport & Highways,Maharashtra,1.485,1.485,6.31,1,36.0,On Schedule,0,High,940
MAR-2012,2012,MAR,FR_MARCH_2012.pdf,240106289,NAGAON BYPASS (NH-37)(NHAI)(NATIONAL HIGHWAYS AUTHORITY OF INDIA),NHAI,,06/2008,,06/2008,230.0,,312.0,82.0,35.65,312.0,100.0,135.65,35.65,0.0,Medium,General Execution Delay,,Road Transport & Highways,Multi-State / Central,1.357,1.357,5.442,1,36.0,On Schedule,0,Medium,941
MAR-2012,2012,MAR,FR_MARCH_2012.pdf,240106262,"GONDE-VADAPE(THANE), NH-3, KM.440/000 TO KM.539/500(NATIONAL HIGHWAYS AUTHORITY OF INDIA)",THANE,,04/2009,,04/2009,579.0,,765.9,186.9,32.28,765.9,100.0,132.28,32.28,0.0,Medium,General Execution Delay,,Road Transport & Highways,Maharashtra,1.323,1.323,6.363,1,36.0,On Schedule,0,Medium,942
MAR-2012,2012,MAR,FR_MARCH_2012.pdf,N22000056,"SHIMOGA-TALAGUPPA (SWR), GC(SOUTH WESTERN RAILWAY)",SWR,,-,,-,46.0,,244.16,198.16,430.78,244.16,100.0,530.78,430.78,0.0,High,General Execution Delay,,Railways,Multi-State / Central,5.308,5.308,3.85,1,36.0,On Schedule,0,High,943
MAR-2012,2012,MAR,FR_MARCH_2012.pdf,220100278,"HAPUR-KANKATHER (LD),NR(NORTHERN RAILWAY)",LD,,03/2007,,03/2007,106.64,,147.32,40.68,38.15,147.32,100.0,138.15,38.15,0.0,Medium,General Execution Delay,,Railways,Multi-State / Central,1.381,1.381,4.679,1,36.0,On Schedule,0,Medium,944
MAR-2012,2012,MAR,FR_MARCH_2012.pdf,220100264,DEOGHAR-DUMKA NEW BG LINE (DOUBL.)(ER)(EASTERN RAILWAYS),DOUBL.,,12/2006,,12/2006,180.73,,352.32,171.59,94.94,352.32,100.0,194.94,94.94,0.0,High,General Execution Delay,,Railways,Multi-State / Central,1.949,1.949,5.203,1,36.0,On Schedule,0,High,945
MAR-2012,2012,MAR,FR_MARCH_2012.pdf,N24000037,THRISSUR TO ANGAMALI (NH-47)(NATIONAL HIGHWAYS AUTHORITY OF INDIA),NATIONAL HIGHWAYS AUTHORITY OF INDIA,,03/2009,,03/2009,312.5,,604.4,291.9,93.41,604.4,100.0,193.41,93.41,0.0,High,General Execution Delay,,Road Transport & Highways,Multi-State / Central,1.934,1.934,5.748,1,36.0,On Schedule,0,High,946
MAR-2012,2012,MAR,FR_MARCH_2012.pdf,N24000030,RINGBUNDS TO JHAJHANPUR (BR-6)(NATIONAL HIGHWAYS AUTHORITY OF INDIA),NATIONAL HIGHWAYS AUTHORITY OF INDIA,,06/2008,,06/2008,340.0,,570.0,230.0,67.65,570.0,100.0,167.65,67.65,0.0,High,General Execution Delay,,Road Transport & Highways,Multi-State / Central,1.676,1.676,5.832,1,36.0,On Schedule,0,High,947
MAR-2012,2012,MAR,FR_MARCH_2012.pdf,N18000050,41 WESTERN REGION STRENGHTENING SCHEME-IX(POWER GRID CORPORATION OF INDIA LIMITED),POWER GRID CORPORATION OF INDIA LIMITED,,01/2011,,01/2011,230.89,,230.89,0.0,0.0,98.2,42.53,42.53,0.0,0.0,Low,On Schedule,,Power & Renewable Energy,Multi-State / Central,1.0,0.425,5.446,0,36.0,On Schedule,0,Low,948
MAR-2012,2012,MAR,FR_MARCH_2012.pdf,N18000043,TRANSMISSION SYSTEM ASSOCIATED WITH FARAKKA- III(POWER GRID CORPORATION OF INDIA LIMITED),POWER GRID CORPORATION OF INDIA LIMITED,,06/2011,,06/2011,204.07,,204.07,0.0,0.0,129.6,63.51,63.51,0.0,0.0,Low,On Schedule,,Power & Renewable Energy,Multi-State / Central,1.0,0.635,5.323,0,36.0,On Schedule,0,Low,949
MAR-2012,2012,MAR,FR_MARCH_2012.pdf,240106225,"AYODHYA - LUCKNOW (LMNHP-II) KM.93.075 TO KM.45, NH- 28(NATIONAL HIGHWAYS AUTHORITY OF INDIA)",NATIONAL HIGHWAYS AUTHORITY OF INDIA,,10/2008,,10/2008,217.0,,352.26,135.26,62.33,352.26,100.0,162.33,62.33,0.0,High,General Execution Delay,,Road Transport & Highways,Uttar Pradesh,1.623,1.623,5.384,1,36.0,On Schedule,0,High,950
MAR-2012,2012,MAR,FR_MARCH_2012.pdf,160100168,"C2-C3 AND LPG RECOVERY FROM LNG, DAHEJ (ONGC)(OIL & NATURAL GAS CORPORATION LIMITED)",ONGC,,05/2008,,05/2008,900.92,,900.92,0.0,0.0,774.32,85.95,85.95,0.0,0.0,Low,On Schedule,,Petroleum & Natural Gas,Multi-State / Central,1.0,0.859,6.805,0,36.0,On Schedule,0,Low,951
MAR-2012,2012,MAR,FR_MARCH_2012.pdf,N12000054,REBUILDING OF COKE OVEN BATTERY NO-6 (BSP)(STEEL AUTHORITY OF INDIA LIMITED (SAIL)),BSP,,01/2010,,01/2010,172.78,,172.78,0.0,0.0,131.95,76.37,76.37,0.0,0.0,Low,On Schedule,,Other Infrastructure,Multi-State / Central,1.0,0.764,5.158,0,36.0,On Schedule,0,Low,952
MAR-2012,2012,MAR,FR_MARCH_2012.pdf,N24000106,BANGLORE - HOSKOTE MUDBOGAL SECTION NH-4(NATIONAL HIGHWAYS AUTHORITY OF INDIA),NATIONAL HIGHWAYS AUTHORITY OF INDIA,,07/2010,,07/2010,565.0,,1080.0,515.0,91.15,1080.0,100.0,191.15,91.15,0.0,High,General Execution Delay,,Road Transport & Highways,Multi-State / Central,1.912,1.912,6.339,1,36.0,On Schedule,0,High,953
MAR-2012,2012,MAR,FR_MARCH_2012.pdf,240106223,"MEHSI TO KOTWA (LMNHP-II), PH.II, KM.480 TO KM.440, NH- 28(NATIONAL HIGHWAYS AUTHORITY OF INDIA)",NATIONAL HIGHWAYS AUTHORITY OF INDIA,,07/2005,,07/2005,239.0,,317.6,78.6,32.89,317.6,100.0,132.89,32.89,0.0,Medium,General Execution Delay,,Road Transport & Highways,Multi-State / Central,1.329,1.329,5.481,1,36.0,On Schedule,0,Medium,954
MAR-2012,2012,MAR,FR_MARCH_2012.pdf,240103191,"PURNEA-GOYAKOTA SEC.(EW) (NS & EW-PH-I) KM.419- KM.447, NH-31(NATIONAL HIGHWAYS AUTHORITY OF INDIA)",EW,,07/2004,,07/2004,205.73,,247.7,41.97,20.4,247.7,100.0,120.4,20.4,0.0,Medium,General Execution Delay,,Road Transport & Highways,Rajasthan,1.204,1.204,5.331,1,36.0,On Schedule,0,Medium,955
MAR-2012,2012,MAR,FR_MARCH_2012.pdf,N18000037,TR. SYSTEM FOR STARTUP POWER TO DVC AND MAITHON RB(POWER GRID CORPORATION OF INDIA LIMITED),POWER GRID CORPORATION OF INDIA LIMITED,,04/2010,,04/2010,290.49,,346.8,56.31,19.38,346.8,100.0,119.38,19.38,0.0,Medium,General Execution Delay,,Power & Renewable Energy,Multi-State / Central,1.194,1.194,5.675,1,36.0,On Schedule,0,Medium,956
MAR-2012,2012,MAR,FR_MARCH_2012.pdf,N04000068,CONSTRACTION OF RCC/PRE STRESSD CONCRETE BRIDGE K3(AIRPORT AUTHORITY OF INDIA LIMITED),AIRPORT AUTHORITY OF INDIA LIMITED,,09/2010,,09/2010,213.35,,213.35,0.0,0.0,60.89,28.54,28.54,0.0,0.0,Low,On Schedule,,Civil Aviation,Multi-State / Central,1.0,0.285,5.368,0,36.0,On Schedule,0,Low,957
MAR-2012,2012,MAR,FR_MARCH_2012.pdf,240106240,"MADURAI -KANIAKUMARI SECTION (NS-41/TN) NH-7,KM.80 TO KM.120(NATIONAL HIGHWAYS AUTHORITY OF INDIA)",NATIONAL HIGHWAYS AUTHORITY OF INDIA,,03/2008,,03/2008,323.36,,323.36,0.0,0.0,189.9,58.73,58.73,0.0,0.0,Low,On Schedule,,Road Transport & Highways,Tamil Nadu,1.0,0.587,5.782,0,36.0,On Schedule,0,Low,958
MAR-2012,2012,MAR,FR_MARCH_2012.pdf,220100330,GUNTUR-GUNTAKAL-KALLURU(GL)(SCR)(SOUTH CENTRAL RAILWAY),GL,,-,,-,458.45,,573.12,114.67,25.01,573.12,100.0,125.01,25.01,0.0,Medium,General Execution Delay,,Railways,Multi-State / Central,1.25,1.25,6.13,1,36.0,On Schedule,0,Medium,959
MAR-2013,2013,MAR,FR_MAR_2013.pdf,240106305,"RAJMARG CHORAHA TO LAKHNANDON,KM 351 TO KM 405.7, NH-26 (NHA(NATIONAL HIGHWAYS AUTHORITY OF INDIA)",NATIONAL HIGHWAYS AUTHORITY OF INDIA,,10/2008,,10/2008,229.91,,289.95,60.04,26.11,289.95,100.0,126.11,26.11,0.0,Medium,General Execution Delay,,Road Transport & Highways,Multi-State / Central,1.261,1.261,5.442,1,36.0,On Schedule,0,Medium,960
MAR-2013,2013,MAR,FR_MAR_2013.pdf,240106303,"SAGAR - RAJMARG CHORAHA,KM 211 TO KM 255, NH-26 (NHAI)(NATIONAL HIGHWAYS AUTHORITY OF INDIA)",NHAI,,10/2008,,10/2008,203.43,,256.53000000000003,53.1,26.1,256.53,100.0,126.1,26.1,0.0,Medium,General Execution Delay,,Road Transport & Highways,Multi-State / Central,1.261,1.261,5.32,1,36.0,On Schedule,0,Medium,961
MAR-2013,2013,MAR,FR_MAR_2013.pdf,N18000090,04/2012 170.6 68 TRANSMISSION SYSTEM ASSOCIATED WITH KRISHNAPATNAM(POWER GRID CORPORATION OF INDIA LIMITED),POWER GRID CORPORATION OF INDIA LIMITED,,08/2013,,08/2013,779.21,,779.21,0.0,0.0,756.5,97.09,97.09,0.0,0.0,Low,On Schedule,,Power & Renewable Energy,Bihar,1.0,0.971,6.66,0,36.0,On Schedule,0,Low,962
MAR-2013,2013,MAR,FR_MAR_2013.pdf,N18000064,TR. SYSTEM ASSOCIATED WITH CHAMERA III HEP(POWER GRID CORPORATION OF INDIA LIMITED),POWER GRID CORPORATION OF INDIA LIMITED,,07/2011,,07/2011,297.37,,338.93,41.56,13.98,338.93,100.0,113.98,13.98,0.0,Low,On Schedule,,Power & Renewable Energy,Multi-State / Central,1.14,1.14,5.698,0,36.0,On Schedule,0,Low,963
MAR-2013,2013,MAR,FR_MAR_2013.pdf,N16000090,INTEGRATED OFFSHORE CRUDE OIL HANDLING FACILITIES(INDIAN OIL CORPORATION LIMITED),INDIAN OIL CORPORATION LIMITED,,06/2012,,06/2012,1492.33,,1492.33,0.0,0.0,1219.5,81.72,81.72,0.0,0.0,Low,On Schedule,,Petroleum & Natural Gas,Multi-State / Central,1.0,0.817,7.309,0,36.0,On Schedule,0,Low,964
MAR-2013,2013,MAR,FR_MAR_2013.pdf,N16000065,ADDITIONAL GAS PROCESSING FACILITY AT HAZIRA(OIL & NATURAL GAS CORPORATION LIMITED),OIL & NATURAL GAS CORPORATION LIMITED,,04/2011,,04/2011,370.11,,370.11,0.0,0.0,279.73,75.58,75.58,0.0,0.0,Low,On Schedule,,Petroleum & Natural Gas,Multi-State / Central,1.0,0.756,5.916,0,36.0,On Schedule,0,Low,965
MAR-2013,2013,MAR,FR_MAR_2013.pdf,N24000045,ASSAM/WB BORDER TO GAIRKATTA (WB-1)(NATIONAL HIGHWAYS AUTHORITY OF INDIA),NATIONAL HIGHWAYS AUTHORITY OF INDIA,,11/2008,,11/2008,221.82,,299.96,78.14,35.23,299.96,100.0,135.23,35.23,0.0,Medium,General Execution Delay,,Road Transport & Highways,Assam,1.352,1.352,5.406,1,36.0,On Schedule,0,Medium,966
NOV-2013,2013,NOV,FR_Nov_2013.pdf,N22000027,PALWAL-BHUTESWAR 3RD LINE DOUBLING(NCR)(RVNL) (RAIL VIKAS NIGAM LTD.),NCR,,03/2009,,03/2009,240.0,,334.59000000000003,94.59,39.41,334.59,100.0,139.41,39.41,0.0,Medium,General Execution Delay,,Railways,Delhi & NCR,1.394,1.394,5.485,1,36.0,On Schedule,0,Medium,967
NOV-2013,2013,NOV,FR_Nov_2013.pdf,N08000006,NANGAL - AMMONIA PLANT FEEDSTOCK PROJECT (NATIONAL FERTILISER LIMITED),NATIONAL FERTILISER LIMITED,,01/2013,,01/2013,1478.63,,1478.63,0.0,0.0,1133.0,76.62,76.62,0.0,0.0,Low,On Schedule,,Other Infrastructure,Multi-State / Central,1.0,0.766,7.3,0,36.0,On Schedule,0,Low,968
MAR-2013,2013,MAR,FR_MAR_2013.pdf,N22000034,ALIGARH-GAZIABAD 3RD LINE DOUBLING (RVNL)(RAIL VIKAS NIGAM LTD.),RVNL,,03/2009,,03/2009,230.73,,328.83,98.1,42.52,328.83,100.0,142.52,42.52,0.0,High,General Execution Delay,,Railways,Multi-State / Central,1.425,1.425,5.446,1,36.0,On Schedule,0,High,969
FEB-2013,2013,FEB,FR_FEB_2013.pdf,180100184,KOTESHWAR HEP(THDC)(TEHRI HYDRO DEVELOPMENT CORPORATION LIMITED),THDC,,04/2005,,04/2005,1301.56,,2635.39,1333.83,102.48,2635.39,100.0,202.48,102.48,0.0,High,General Execution Delay,,Power & Renewable Energy,Multi-State / Central,2.025,2.025,7.172,1,36.0,On Schedule,0,High,970
FEB-2013,2013,FEB,FR_FEB_2013.pdf,240106292,UP/BIHAR BORDER TO KASIA (NH-28)(NHAI)(NATIONAL HIGHWAYS AUTHORITY OF INDIA),NHAI,,12/2008,,12/2008,227.0,,383.2,156.2,68.81,383.2,100.0,168.81,68.81,0.0,High,General Execution Delay,,Road Transport & Highways,Uttar Pradesh,1.688,1.688,5.429,1,36.0,On Schedule,0,High,971
FEB-2013,2013,FEB,FR_FEB_2013.pdf,220100313,"SRIGANGANAGAR-SARUPSAR (GC), NWR(NORTH WESTERN RAILWAY)",GC,,03/2011,,03/2011,143.92,,235.37,91.45,63.54,235.37,100.0,163.54,63.54,0.0,High,General Execution Delay,,Railways,Multi-State / Central,1.635,1.635,4.976,1,36.0,On Schedule,0,High,972
FEB-2013,2013,FEB,FR_FEB_2013.pdf,220100194,"MUZAFFARPUR-SITAMARHI(NL),ECR(EAST CENTRAL RAILWAYS)",NL,,03/2012,,03/2012,100.0,,466.7,366.7,366.7,466.7,100.0,466.7,366.7,0.0,High,General Execution Delay,,Railways,Bihar,4.667,4.667,4.615,1,36.0,On Schedule,0,High,973
FEB-2013,2013,FEB,FR_FEB_2013.pdf,N18000082,IMMEDIATE EVACUATION SYSTEM FOR NABINAGAR TPS(POWER GRID CORPORATION OF INDIA LIMITED),POWER GRID CORPORATION OF INDIA LIMITED,,06/2012,,06/2012,215.86,,215.86,0.0,0.0,179.7,83.25,83.25,0.0,0.0,Low,On Schedule,,Power & Renewable Energy,Multi-State / Central,1.0,0.832,5.379,0,36.0,On Schedule,0,Low,974
FEB-2013,2013,FEB,FR_FEB_2013.pdf,180100260,TRANSMISSION SY. ASSOCIATED WITH BARH GENER. PROJECT(P.GR.)(POWER GRID CORPORATION OF INDIA LIMITED),P.GR.,,09/2009,,09/2009,3779.46,,3779.46,0.0,0.0,3779.46,100.0,100.0,0.0,0.0,Low,On Schedule,,Power & Renewable Energy,Multi-State / Central,1.0,1.0,8.238,0,36.0,On Schedule,0,Low,975
FEB-2013,2013,FEB,FR_FEB_2013.pdf,180100241,"CHAMERA,STAGE-III (NHPC)(NATIONAL HYDRO-ELECTRIC POWER CORPORATION)",NHPC,,08/2010,,08/2010,1405.63,,1842.24,436.61,31.06,1842.24,100.0,131.06,31.06,0.0,Medium,General Execution Delay,,Power & Renewable Energy,Multi-State / Central,1.311,1.311,7.249,1,36.0,On Schedule,0,Medium,976
FEB-2013,2013,FEB,FR_FEB_2013.pdf,N12000023,INSTALLATION OF 700TPD AIR SEPARATION UNIT-4 AT O(STEEL AUTHORITY OF INDIA LIMITED (SAIL)),SAIL,,05/2011,,05/2011,232.93,,232.93,0.0,0.0,191.83,82.36,82.36,0.0,0.0,Low,On Schedule,,Other Infrastructure,Multi-State / Central,1.0,0.824,5.455,0,36.0,On Schedule,0,Low,977
FEB-2013,2013,FEB,FR_FEB_2013.pdf,N25000056,DEVELOPMENT OF IRON ORE TERMINAL(ENNORE PORT LTD.),ENNORE PORT LTD.,,08/2010,,08/2010,370.0,,370.0,0.0,0.0,351.61,95.03,95.03,0.0,0.0,Low,On Schedule,,Civil Aviation,Multi-State / Central,1.0,0.95,5.916,0,36.0,On Schedule,0,Low,978
FEB-2013,2013,FEB,FR_FEB_2013.pdf,N25000055,DEVELOPMENT OF COAL TERMINAL(ENNORE PORT LTD.),ENNORE PORT LTD.,,08/2010,,08/2010,399.13,,399.13,0.0,0.0,351.08,87.96,87.96,0.0,0.0,Low,On Schedule,,Coal & Mines,Multi-State / Central,1.0,0.88,5.992,0,36.0,On Schedule,0,Low,979
FEB-2013,2013,FEB,FR_FEB_2013.pdf,N25000054,MARINE LIQUID TERMINALS(ENNORE TANK TERMINAL PVT.LTD.),ENNORE TANK TERMINAL PVT.LTD.,,06/2006,,06/2006,196.25,,250.77,54.52,27.78,250.77,100.0,127.78,27.78,0.0,Medium,General Execution Delay,,Civil Aviation,Multi-State / Central,1.278,1.278,5.284,1,36.0,On Schedule,0,Medium,980
FEB-2013,2013,FEB,FR_FEB_2013.pdf,N24000103,NEELAMANGALAR JUNCTION ON NH-4 SMITH NH-48 TO DEVI(NATIONAL HIGHWAYS AUTHORITY OF INDIA),NATIONAL HIGHWAYS AUTHORITY OF INDIA,,-,,-,441.0,,958.09,517.09,117.25,958.09,100.0,217.25,117.25,0.0,High,General Execution Delay,,Road Transport & Highways,Multi-State / Central,2.173,2.173,6.091,1,36.0,On Schedule,0,High,981
FEB-2013,2013,FEB,FR_FEB_2013.pdf,240104196,HALDIA PORT (PORT CONNECTIVITY) (NH-41)(NATIONAL HIGHWAYS AUTHORITY OF INDIA),PORT CONNECTIVITY,,03/2005,,03/2005,273.0,,475.55,202.55,74.19,475.55,100.0,174.19,74.19,0.0,High,General Execution Delay,,Road Transport & Highways,West Bengal,1.742,1.742,5.613,1,36.0,On Schedule,0,High,982
FEB-2013,2013,FEB,FR_FEB_2013.pdf,N22000081,BHARUCH-SAMNI-DAHEJ GAUGE CONVERSION(RAIL VIKAS NIGAM LTD.),RAIL VIKAS NIGAM LTD.,,-,,-,200.8,,323.35,122.55,61.03,323.35,100.0,161.03,61.03,0.0,High,General Execution Delay,,Railways,Multi-State / Central,1.61,1.61,5.307,1,36.0,On Schedule,0,High,983
FEB-2013,2013,FEB,FR_FEB_2013.pdf,N24000031,JHAJHARPUR TO DARBANGA (BR-7)(NATIONAL HIGHWAYS AUTHORITY OF INDIA),NATIONAL HIGHWAYS AUTHORITY OF INDIA,,09/2008,,09/2008,340.0,,575.3199999999999,235.32,69.21,575.32,100.0,169.21,69.21,0.0,High,General Execution Delay,,Road Transport & Highways,Multi-State / Central,1.692,1.692,5.832,1,36.0,On Schedule,0,High,984
NOV-2013,2013,NOV,FR_Nov_2013.pdf,N18000006,NIMOO BAZGO HYDROELECTRIC PROJECT (NATIONAL HYDRO-ELECTRIC POWER CORPORATION),,,08/2010,,08/2010,611.01,,883.8499999999999,272.84,44.65,883.85,100.0,144.65,44.65,0.0,High,General Execution Delay,,Power & Renewable Energy,Multi-State / Central,1.447,1.447,6.417,1,36.0,On Schedule,0,High,985
FEB-2013,2013,FEB,FR_FEB_2013.pdf,N18000084,MAUDA TRANSMISSION SYSTEM(POWER GRID CORPORATION OF INDIA LIMITED),POWER GRID CORPORATION OF INDIA LIMITED,,10/2012,,10/2012,469.38,,469.38,0.0,0.0,224.6,47.85,47.85,0.0,0.0,Low,On Schedule,,Power & Renewable Energy,Multi-State / Central,1.0,0.479,6.154,0,36.0,On Schedule,0,Low,986
FEB-2013,2013,FEB,FR_FEB_2013.pdf,N16000009,"DIESEL HYDRO TREATMENT PROJECT,BRPL DHALIGAON(BONGAIGAON REFINERY PETROLEUM LIMITED)",BONGAIGAON REFINERY PETROLEUM LIMITED,,09/2009,,09/2009,1431.91,,1596.8000000000002,164.89,11.52,1596.8,100.0,111.52,11.52,0.0,Low,On Schedule,,Power & Renewable Energy,Assam,1.115,1.115,7.267,0,36.0,On Schedule,0,Low,987
FEB-2013,2013,FEB,FR_FEB_2013.pdf,N08000003,THAL AMMONIA REVAMP PROJECT(RASHTRIYA CHEMICAL & FERTILISER LIMITED),RASHTRIYA CHEMICAL & FERTILISER LIMITED,,04/2012,,04/2012,488.75,,488.75,0.0,0.0,307.89,63.0,63.0,0.0,0.0,Low,On Schedule,,Other Infrastructure,Multi-State / Central,1.0,0.63,6.194,0,36.0,On Schedule,0,Low,988
FEB-2013,2013,FEB,FR_FEB_2013.pdf,N26000046,GSM EQUIPMENT OF 700K LINES(2G) AND 150K LINES(3G)(BHARAT SANCHAR NIGAM LIMITED),2G,,03/2009,,03/2009,277.34,,308.13,30.79,11.1,308.13,100.0,111.1,11.1,0.0,Low,On Schedule,,Other Infrastructure,Multi-State / Central,1.111,1.111,5.629,0,36.0,On Schedule,0,Low,989
FEB-2013,2013,FEB,FR_FEB_2013.pdf,N18000051,WESTERN REGION SYSTEM STRENGHTENING SCHEME- XI(POWER GRID CORPORATION OF INDIA LIMITED),POWER GRID CORPORATION OF INDIA LIMITED,,02/2012,,02/2012,409.5,,409.5,0.0,0.0,123.5,30.16,30.16,0.0,0.0,Low,On Schedule,,Power & Renewable Energy,Multi-State / Central,1.0,0.302,6.017,0,36.0,On Schedule,0,Low,990
FEB-2013,2013,FEB,FR_FEB_2013.pdf,N08000004,PANIPAT - AMMONIA PLANT FEEDSTOCK CHANGEOVER PROJE(NATIONAL FERTILISER LIMITED),NATIONAL FERTILISER LIMITED,,01/2013,,01/2013,1292.84,,1292.84,0.0,0.0,987.72,76.4,76.4,0.0,0.0,Low,On Schedule,,Other Infrastructure,Haryana,1.0,0.764,7.165,0,36.0,On Schedule,0,Low,991
FEB-2013,2013,FEB,FR_FEB_2013.pdf,260100099,PROJ.III OF NIB-II OF MESSAGING STORAGE(BHARAT SANCHAR NIGAM LIMITED),BHARAT SANCHAR NIGAM LIMITED,,12/2005,,12/2005,250.0,,250.0,0.0,0.0,80.47,32.19,32.19,0.0,0.0,Low,On Schedule,,Other Infrastructure,Multi-State / Central,1.0,0.322,5.525,0,36.0,On Schedule,0,Low,992
FEB-2013,2013,FEB,FR_FEB_2013.pdf,N16000044,REVAMPING OF WIN PLATFORM AT MH ASSET(OIL & NATURAL GAS CORPORATION LIMITED),OIL & NATURAL GAS CORPORATION LIMITED,,05/2010,,05/2010,333.4,,680.8499999999999,347.45,104.21,680.85,100.0,204.21,104.21,0.0,High,General Execution Delay,,Petroleum & Natural Gas,Multi-State / Central,2.042,2.042,5.812,1,36.0,On Schedule,0,High,993
FEB-2013,2013,FEB,FR_FEB_2013.pdf,240106235,VIJAYAPUR TO PATHANKOT (J&K) NH-1A KM.16.35 TO KM.50.00(NATIONAL HIGHWAYS AUTHORITY OF INDIA),J&K,,03/2008,,03/2008,193.09,,193.09,0.0,0.0,189.15,97.96,97.96,0.0,0.0,Low,On Schedule,,Road Transport & Highways,Jammu & Kashmir,1.0,0.98,5.268,0,36.0,On Schedule,0,Low,994
FEB-2013,2013,FEB,FR_FEB_2013.pdf,N18000067,SYSTEM STRENGHTENING -XI IN SOUTHERN REGION(POWER GRID CORPORATION OF INDIA LIMITED),POWER GRID CORPORATION OF INDIA LIMITED,,07/2011,,07/2011,196.1,,196.1,0.0,0.0,139.1,70.93,70.93,0.0,0.0,Low,On Schedule,,Power & Renewable Energy,Multi-State / Central,1.0,0.709,5.284,0,36.0,On Schedule,0,Low,995
FEB-2013,2013,FEB,FR_FEB_2013.pdf,N18000054,NORTHERN REGION SYSTEM STRENGHTENING SCHEME- XIII(POWER GRID CORPORATION OF INDIA LIMITED),POWER GRID CORPORATION OF INDIA LIMITED,,11/2011,,11/2011,317.69,,317.69,0.0,0.0,199.5,62.8,62.8,0.0,0.0,Low,On Schedule,,Power & Renewable Energy,Multi-State / Central,1.0,0.628,5.764,0,36.0,On Schedule,0,Low,996
FEB-2013,2013,FEB,FR_FEB_2013.pdf,180100229,SIPAT STPP STAGE - I (NTPC)(NATIONAL THERMAL POWER CORPORATION),NTPC,,12/2009,,12/2009,8323.39,,8323.39,0.0,0.0,8230.0,98.88,98.88,0.0,0.0,Low,On Schedule,,Power & Renewable Energy,Multi-State / Central,1.0,0.989,9.027,0,36.0,On Schedule,0,Low,997
FEB-2013,2013,FEB,FR_FEB_2013.pdf,N12000033,& 2 ( BOKA(STEEL AUTHORITY OF INDIA LIMITED (SAIL)),SAIL,,-,,-,500.9,,500.9,0.0,0.0,355.21,70.91,70.91,0.0,0.0,Low,On Schedule,,Other Infrastructure,Multi-State / Central,1.0,0.709,6.218,0,36.0,On Schedule,0,Low,998
SEP-2013,2013,SEP,FR_Sep_2013.pdf,N16000108,BUTADIENE EXTRACTION UNIT (BDEU) AT PANIPAT(INDIAN OIL CORPORATION LIMITED),BDEU,,02/2013,,02/2013,341.5,,341.5,0.0,0.0,198.81,58.22,58.22,0.0,0.0,Low,On Schedule,,Petroleum & Natural Gas,Haryana,1.0,0.582,5.836,0,36.0,On Schedule,0,Low,999
SEP-2013,2013,SEP,FR_Sep_2013.pdf,N18000089,13 INTERCONNECTION BETWEEN ELECTTRICAL GRIDS OF INDIA AND B(POWER GRID CORPORATION OF INDIA LIMITED),POWER GRID CORPORATION OF INDIA LIMITED,,10/2012,,10/2012,160.32,,160.32,0.0,0.0,87.63,54.66,54.66,0.0,0.0,Low,On Schedule,,Power & Renewable Energy,Multi-State / Central,1.0,0.547,5.083,0,36.0,On Schedule,0,Low,1000
FEB-2013,2013,FEB,FR_FEB_2013.pdf,N24000118,END OF DURG BYPASS-CHHATISGARH/MAHARASHTRA BORDER(NATIONAL HIGHWAYS AUTHORITY OF INDIA),NATIONAL HIGHWAYS AUTHORITY OF INDIA,,01/2011,,01/2011,464.0,,535.62,71.62,15.44,535.62,100.0,115.44,15.44,0.0,Medium,General Execution Delay,,Road Transport & Highways,Maharashtra,1.154,1.154,6.142,1,36.0,On Schedule,0,Medium,1001
APR-2013,2013,APR,FR_APR_2013.pdf,N18000091,NORTHERN REGION SYSTEM STRENGTHENING SCHEME-XXII(POWER GRID CORPORATION OF INDIA LIMITED),POWER GRID CORPORATION OF INDIA LIMITED,,08/2013,,08/2013,209.78,,209.78,0.0,0.0,52.2,24.88,24.88,0.0,0.0,Low,On Schedule,,Power & Renewable Energy,Multi-State / Central,1.0,0.249,5.351,0,36.0,On Schedule,0,Low,1002
FEB-2013,2013,FEB,FR_FEB_2013.pdf,240106288,DAKOBA TO NAGAON (NH-36)(NHAI)(NATIONAL HIGHWAYS AUTHORITY OF INDIA),NHAI,,06/2008,,06/2008,225.0,,285.2,60.2,26.76,285.2,100.0,126.76,26.76,0.0,Medium,General Execution Delay,,Road Transport & Highways,Multi-State / Central,1.268,1.268,5.421,1,36.0,On Schedule,0,Medium,1003
FEB-2013,2013,FEB,FR_FEB_2013.pdf,N22000093,MUMBAI URBAN TRANSPORT PROJECT PHASE- I(METROPOLITAN RAPID TRANSPORT PROJECTS),METROPOLITAN RAPID TRANSPORT PROJECTS,,06/2011,,06/2011,3125.2,,4334.0,1208.8,38.68,4334.0,100.0,138.68,38.68,0.0,Medium,General Execution Delay,,Petroleum & Natural Gas,Maharashtra,1.387,1.387,8.048,1,36.0,On Schedule,0,Medium,1004
FEB-2013,2013,FEB,FR_FEB_2013.pdf,N18000022,WESTERN REGION STRENGTHENING SCHEME-II(POWER GRID CORPORATION OF INDIA LIMITED),POWER GRID CORPORATION OF INDIA LIMITED,,07/2010,,07/2010,5221.23,,5221.23,0.0,0.0,3175.3,60.82,60.82,0.0,0.0,Low,On Schedule,,Power & Renewable Energy,Multi-State / Central,1.0,0.608,8.561,0,36.0,On Schedule,0,Low,1005
FEB-2013,2013,FEB,FR_FEB_2013.pdf,N08000008,CAPACITY ENHANCEMENT OF AMMONIA AND UREA PLANT VIJ(NATIONAL FERTILISER LIMITED),NATIONAL FERTILISER LIMITED,,07/2011,,07/2011,438.0,,438.0,0.0,0.0,239.93,54.78,54.78,0.0,0.0,Low,On Schedule,,Other Infrastructure,Multi-State / Central,1.0,0.548,6.084,0,36.0,On Schedule,0,Low,1006
SEP-2013,2013,SEP,FR_Sep_2013.pdf,N24000088,"GWALIOR BYPSS, NH-75,3(NATIONAL HIGHWAYS AUTHORITY OF INDIA)",NATIONAL HIGHWAYS AUTHORITY OF INDIA,,10/2009,,10/2009,300.93,,302.7,1.77,0.59,302.7,100.0,100.59,0.59,0.0,Low,On Schedule,,Road Transport & Highways,Madhya Pradesh,1.006,1.006,5.71,0,36.0,On Schedule,0,Low,1007
SEP-2013,2013,SEP,FR_Sep_2013.pdf,N18000046,TRANSMISSION SYSTEM ASSOCIATED WITH SASAN ULTRA ME(POWER GRID CORPORATION OF INDIA LIMITED),POWER GRID CORPORATION OF INDIA LIMITED,,12/2012,,12/2012,7031.88,,7031.88,0.0,0.0,4591.9,65.3,65.3,0.0,0.0,Low,On Schedule,,Power & Renewable Energy,Multi-State / Central,1.0,0.653,8.858,0,36.0,On Schedule,0,Low,1008
JUN-2013,2013,JUN,FR_JUN_2013.pdf,N22000027,PALWAL-BHUTESWAR 3RD LINE DOUBLING(NCR)(RVNL)(RAIL VIKAS NIGAM LTD.),NCR,,03/2009,,03/2009,240.0,,334.59000000000003,94.59,39.41,334.59,100.0,139.41,39.41,0.0,Medium,General Execution Delay,,Railways,Delhi & NCR,1.394,1.394,5.485,1,36.0,On Schedule,0,Medium,1009
JUN-2013,2013,JUN,FR_JUN_2013.pdf,240106250,"ORAI TO JHANSI (UP-5),NH-25, KM.220.0 TO KM.170.0(NATIONAL HIGHWAYS AUTHORITY OF INDIA)",NATIONAL HIGHWAYS AUTHORITY OF INDIA,,03/2008,,03/2008,340.68,,400.56,59.88,17.58,400.56,100.0,117.58,17.58,0.0,Medium,General Execution Delay,,Road Transport & Highways,Uttar Pradesh,1.176,1.176,5.834,1,36.0,On Schedule,0,Medium,1010
JUN-2013,2013,JUN,FR_JUN_2013.pdf,N18000078,765KV SYSTEM FOR CENTRAL PART OF NORTHERN REGION G(POWER GRID CORPORATION OF INDIA LIMITED),POWER GRID CORPORATION OF INDIA LIMITED,,06/2012,,06/2012,1736.36,,1736.36,0.0,0.0,1240.75,71.46,71.46,0.0,0.0,Low,On Schedule,,Power & Renewable Energy,Multi-State / Central,1.0,0.715,7.46,0,36.0,On Schedule,0,Low,1011
JUN-2013,2013,JUN,FR_JUN_2013.pdf,N18000068,765 KV SYSTEM FOR CENTRAL PART OF NORTHERN GRID PA(POWER GRID CORPORATION OF INDIA LIMITED),POWER GRID CORPORATION OF INDIA LIMITED,,02/2012,,02/2012,1347.32,,1347.32,0.0,0.0,1206.1,89.52,89.52,0.0,0.0,Low,On Schedule,,Power & Renewable Energy,Multi-State / Central,1.0,0.895,7.207,0,36.0,On Schedule,0,Low,1012
JUN-2013,2013,JUN,FR_JUN_2013.pdf,N08000006,NANGAL - AMMONIA PLANT FEEDSTOCK PROJECT(NATIONAL FERTILISER LIMITED),NATIONAL FERTILISER LIMITED,,01/2013,,01/2013,1478.63,,1478.63,0.0,0.0,1133.0,76.62,76.62,0.0,0.0,Low,On Schedule,,Other Infrastructure,Multi-State / Central,1.0,0.766,7.3,0,36.0,On Schedule,0,Low,1013
JUL-2013,2013,JUL,FR_July_2013.pdf,N18000091,NORTHERN REGION SYSTEM STRENGTHENING SCHEME- XXII(POWER GRID CORPORATION OF INDIA LIMITED),POWER GRID CORPORATION OF INDIA LIMITED,,08/2013,,08/2013,209.78,,209.78,0.0,0.0,52.2,24.88,24.88,0.0,0.0,Low,On Schedule,,Power & Renewable Energy,Multi-State / Central,1.0,0.249,5.351,0,36.0,On Schedule,0,Low,1014
FEB-2013,2013,FEB,FR_FEB_2013.pdf,N22000096,"RAJPIPLA-ANKELASHWAR, WR (GC)(WESTERN RAILWAY)",GC,,03/2011,,03/2011,196.97,,218.66,21.69,11.01,218.66,100.0,111.01,11.01,0.0,Low,On Schedule,,Railways,Multi-State / Central,1.11,1.11,5.288,0,36.0,On Schedule,0,Low,1015
NOV-2013,2013,NOV,FR_Nov_2013.pdf,220100190,"KADUR-CHIKMAGALUR-SAKLESHPUR (NL),(SWR) (SOUTH WESTERN RAILWAY)",NL,,03/2012,,03/2012,157.0,,330.38,173.38,110.43,330.38,100.0,210.43,110.43,0.0,High,General Execution Delay,,Railways,Multi-State / Central,2.104,2.104,5.063,1,36.0,On Schedule,0,High,1016
SEP-2013,2013,SEP,FR_Sep_2013.pdf,N18000007,CHUTAK HYDRO-ELECTRIC PROJECT (NHPC)(NATIONAL HYDRO- ELECTRIC POWER CORPORATION),NHPC,,02/2011,,02/2011,621.26,,731.93,110.67,17.81,731.93,100.0,117.81,17.81,0.0,Medium,General Execution Delay,,Power & Renewable Energy,Multi-State / Central,1.178,1.178,6.433,1,36.0,On Schedule,0,Medium,1017
SEP-2013,2013,SEP,FR_Sep_2013.pdf,180100222,TEESTA LOW DAM STAGE III HYDROELECTRIC POWER PROJE(NATIONAL HYDRO-ELECTRIC POWER CORPORATION),,,03/2007,,03/2007,768.92,,1467.53,698.61,90.86,1467.53,100.0,190.86,90.86,0.0,High,General Execution Delay,,Power & Renewable Energy,Multi-State / Central,1.909,1.909,6.646,1,36.0,On Schedule,0,High,1018
SEP-2013,2013,SEP,FR_Sep_2013.pdf,N22000076,PANSPURA-KHARAGPUR 3D LINE(RAIL VIKAS NIGAM LTD.),RAIL VIKAS NIGAM LTD.,,02/2010,,02/2010,252.5,,252.5,0.0,0.0,249.36,98.76,98.76,0.0,0.0,Low,On Schedule,,Railways,Multi-State / Central,1.0,0.988,5.535,0,36.0,On Schedule,0,Low,1019
APR-2013,2013,APR,FR_APR_2013.pdf,220100321,BILASPUR-URKURA (DL)(RAIL VIKAS NIGAM LTD.),DL,,-,,-,151.52,,315.0,163.48,107.89,315.0,100.0,207.89,107.89,0.0,High,General Execution Delay,,Railways,Chhattisgarh,2.079,2.079,5.027,1,36.0,On Schedule,0,High,1020
MAR-2013,2013,MAR,FR_MAR_2013.pdf,N22000095,ELECTRIFICATION OF MORADABAD-ROZA(RAILWAY ELECTRIFICATION),RAILWAY ELECTRIFICATION,,03/2011,,03/2011,129.17,,227.48,98.31,76.11,227.48,100.0,176.11,76.11,0.0,High,General Execution Delay,,Railways,Multi-State / Central,1.761,1.761,4.869,1,36.0,On Schedule,0,High,1021
MAR-2013,2013,MAR,FR_MAR_2013.pdf,N16000110,CDU/VDU-II(CHENNAI PETROLEUM CORPORATION LIMITED),CHENNAI PETROLEUM CORPORATION LIMITED,,10/2012,,10/2012,333.99,,333.99,0.0,0.0,228.26,68.34,68.34,0.0,0.0,Low,On Schedule,,Other Infrastructure,Tamil Nadu,1.0,0.683,5.814,0,36.0,On Schedule,0,Low,1022
MAR-2013,2013,MAR,FR_MAR_2013.pdf,N16000109,EURO-IV DHDT(CHENNAI PETROLEUM CORPORATION LIMITED),CHENNAI PETROLEUM CORPORATION LIMITED,,05/2010,,05/2010,2615.69,,2615.69,0.0,0.0,1981.03,75.74,75.74,0.0,0.0,Low,On Schedule,,Other Infrastructure,Tamil Nadu,1.0,0.757,7.87,0,36.0,On Schedule,0,Low,1023
MAR-2013,2013,MAR,FR_MAR_2013.pdf,N16000073,DABHOL-BANGALORE PIPELINE PROJECT PHASE-I(GAS AUTHORITY OF INDIA LIMITED),GAS AUTHORITY OF INDIA LIMITED,,03/2012,,03/2012,4543.43,,4543.43,0.0,0.0,1709.62,37.63,37.63,0.0,0.0,Low,On Schedule,,Petroleum & Natural Gas,Karnataka,1.0,0.376,8.422,0,36.0,On Schedule,0,Low,1024
MAR-2013,2013,MAR,FR_MAR_2013.pdf,N16000054,COMPRESSOR STATIONS (KAILARAS AND CHAINSA)(GAS AUTHORITY OF INDIA LIMITED),KAILARAS AND CHAINSA,,04/2011,,04/2011,1167.0,,1167.0,0.0,0.0,715.73,61.33,61.33,0.0,0.0,Low,On Schedule,,Other Infrastructure,Multi-State / Central,1.0,0.613,7.063,0,36.0,On Schedule,0,Low,1025
MAR-2013,2013,MAR,FR_MAR_2013.pdf,N22000046,"PODAPAHAR-BANSPANI,(LD)(SER)(SOUTH EASTERN RAILWAY)",LD,,03/2006,,03/2006,129.74,,162.27,32.53,25.07,162.27,100.0,125.07,25.07,0.0,Medium,General Execution Delay,,Railways,Multi-State / Central,1.251,1.251,4.873,1,36.0,On Schedule,0,Medium,1026
MAR-2013,2013,MAR,FR_MAR_2013.pdf,220100279,"REWARI-ROHTAK (NL),NR(NORTHERN RAILWAY)",NL,,02/2010,,02/2010,149.38,,508.76,359.38,240.58,508.76,100.0,340.58,240.58,0.0,High,General Execution Delay,,Railways,Multi-State / Central,3.406,3.406,5.013,1,36.0,On Schedule,0,High,1027
MAR-2013,2013,MAR,FR_MAR_2013.pdf,N08000005,BATHINDA - AMMONIA PLANT FEEDSTOCK CHANGEOVER PROJ(NATIONAL FERTILISER LIMITED),NATIONAL FERTILISER LIMITED,,01/2013,,01/2013,1294.19,,1294.19,0.0,0.0,972.95,75.18,75.18,0.0,0.0,Low,On Schedule,,Other Infrastructure,Multi-State / Central,1.0,0.752,7.166,0,36.0,On Schedule,0,Low,1028
APR-2013,2013,APR,FR_APR_2013.pdf,220100260,REINGUNTA-GUNTAKAL(RE)(RAIL VIKAS NIGAM LTD.),RE,,04/2003,,04/2003,168.34,,343.36,175.02,103.97,343.36,100.0,203.97,103.97,0.0,High,General Execution Delay,,Railways,Multi-State / Central,2.04,2.04,5.132,1,36.0,On Schedule,0,High,1029
FEB-2013,2013,FEB,FR_FEB_2013.pdf,N08000007,CAPACITY ENHANCEMENT OF VIJAIPUR-I PLANTS(NATIONAL FERTILISER LIMITED),NATIONAL FERTILISER LIMITED,,07/2011,,07/2011,325.0,,325.0,0.0,0.0,185.1,56.95,56.95,0.0,0.0,Low,On Schedule,,Other Infrastructure,Rajasthan,1.0,0.57,5.787,0,36.0,On Schedule,0,Low,1030
FEB-2013,2013,FEB,FR_FEB_2013.pdf,N16000071,KOCHI-KOOTANAD BANGALORE-MANGALORE PIPELINE PROJEC(GAS AUTHORITY OF INDIA LIMITED),GAS AUTHORITY OF INDIA LIMITED,,03/2012,,03/2012,348.0,,348.0,0.0,0.0,203.31,58.42,58.42,0.0,0.0,Low,On Schedule,,Petroleum & Natural Gas,Karnataka,1.0,0.584,5.855,0,36.0,On Schedule,0,Low,1031
FEB-2013,2013,FEB,FR_FEB_2013.pdf,240106301,"SAGAR BY PASS,KM 187 TO KM 211 , NH-26 (NHAI)(NATIONAL HIGHWAYS AUTHORITY OF INDIA)",NHAI,,10/2008,,10/2008,151.3,,190.61,39.31,25.98,190.61,100.0,125.98,25.98,0.0,Medium,General Execution Delay,,Road Transport & Highways,Multi-State / Central,1.26,1.26,5.026,1,36.0,On Schedule,0,Medium,1032
FEB-2013,2013,FEB,FR_FEB_2013.pdf,240106204,"GARHMUKTESHWAR-MURADABAD (NHAI) OTHERS KM.93- 149.25, NH-24(NATIONAL HIGHWAYS AUTHORITY OF INDIA)",NHAI,,09/2007,,09/2007,275.0,,306.65,31.65,11.51,306.65,100.0,111.51,11.51,0.0,Low,On Schedule,,Road Transport & Highways,Multi-State / Central,1.115,1.115,5.62,0,36.0,On Schedule,0,Low,1033
FEB-2013,2013,FEB,FR_FEB_2013.pdf,240106300,"LALITPUR TO SAGAR KM 132 TO KM 187, NH-26 (NHAI)(NATIONAL HIGHWAYS AUTHORITY OF INDIA)",NHAI,,10/2008,,10/2008,225.0,,261.9,36.9,16.4,261.9,100.0,116.4,16.4,0.0,Medium,General Execution Delay,,Road Transport & Highways,Multi-State / Central,1.164,1.164,5.421,1,36.0,On Schedule,0,Medium,1034
FEB-2013,2013,FEB,FR_FEB_2013.pdf,N24000085,"GORAKHPUR BYPASS, NH-28, PHASE-II EAST-WEST CORRID(NATIONAL HIGHWAYS AUTHORITY OF INDIA)",NATIONAL HIGHWAYS AUTHORITY OF INDIA,,10/2009,,10/2009,600.24,,805.1,204.86,34.13,805.1,100.0,134.13,34.13,0.0,Medium,General Execution Delay,,Road Transport & Highways,Multi-State / Central,1.341,1.341,6.399,1,36.0,On Schedule,0,Medium,1035
MAR-2013,2013,MAR,FR_MAR_2013.pdf,N16000030,CONSTRUCTION OF NEW PROCESS COMPLEX MHN(OIL & NATURAL GAS CORPORATION LIMITED),OIL & NATURAL GAS CORPORATION LIMITED,,05/2010,,05/2010,2853.29,,5659.05,2805.76,98.33,5659.05,100.0,198.33,98.33,0.0,High,General Execution Delay,,Petroleum & Natural Gas,Multi-State / Central,1.983,1.983,7.957,1,36.0,On Schedule,0,High,1036
MAR-2013,2013,MAR,FR_MAR_2013.pdf,240101173,AGRA-SHIKOHABAD (GQ) KM.199.66-KM.250.50 (NH- 2)(NATIONAL HIGHWAYS AUTHORITY OF INDIA),GQ,,03/2005,,03/2005,367.49,,453.68,86.19,23.45,453.68,100.0,123.45,23.45,0.0,Medium,General Execution Delay,,Road Transport & Highways,Uttar Pradesh,1.235,1.235,5.909,1,36.0,On Schedule,0,Medium,1037
FEB-2013,2013,FEB,FR_FEB_2013.pdf,N18000049,WESTERN REGION STRENGHTENING SCHEME-X(POWER GRID CORPORATION OF INDIA LIMITED),POWER GRID CORPORATION OF INDIA LIMITED,,02/2012,,02/2012,664.96,,664.96,0.0,0.0,362.1,54.45,54.45,0.0,0.0,Low,On Schedule,,Power & Renewable Energy,Multi-State / Central,1.0,0.545,6.501,0,36.0,On Schedule,0,Low,1038
MAR-2014,2014,MAR,FR_mar_2014.pdf,160100216,IOR GELEKI (ONGCL) (OIL & NATURAL GAS CORPORATION LIMITED),ONGCL,,03/2007,,03/2007,390.09,,1759.52,1369.43,351.05,1759.52,100.0,451.05,351.05,0.0,High,General Execution Delay,,Petroleum & Natural Gas,Multi-State / Central,4.511,4.511,5.969,1,36.0,On Schedule,0,High,1039
MAR-2014,2014,MAR,FR_mar_2014.pdf,160100217,"IOR, RUDRASAGAR (ONGCL) (OIL & NATURAL GAS CORPORATION LIMITED)",ONGCL,,03/2006,,03/2006,113.9,,452.91,339.01,297.64,452.91,100.0,397.64,297.64,0.0,High,General Execution Delay,,Petroleum & Natural Gas,Multi-State / Central,3.976,3.976,4.744,1,36.0,On Schedule,0,High,1040
MAR-2014,2014,MAR,FR_mar_2014.pdf,N16000031,OFFSHORE GRID INTERCONNECTIVITY PROJECT IN MUMBAI HIGH (OIL & NATURAL GAS CORPORATION LIMITED),OIL & NATURAL GAS CORPORATION LIMITED,,03/2010,,03/2010,740.02,,740.02,0.0,0.0,739.83,99.97,99.97,0.0,0.0,Low,On Schedule,,Power & Renewable Energy,Maharashtra,1.0,1.0,6.608,0,36.0,On Schedule,0,Low,1041
MAR-2014,2014,MAR,FR_mar_2014.pdf,N16000081,HYDROCRACKER REVAMP AND SETTING UP A NEW CCR AT MUMBAI REFINERY (BHARAT PETROLEUM CORPORATION LIMITED),BHARAT PETROLEUM CORPORATION LIMITED,,04/2013,,04/2013,825.0,,1545.0,720.0,87.27,1545.0,100.0,187.27,87.27,0.0,High,General Execution Delay,,Power & Renewable Energy,Uttar Pradesh,1.873,1.873,6.717,1,36.0,On Schedule,0,High,1042
MAR-2014,2014,MAR,FR_mar_2014.pdf,N16000116,DEVELOPMENT OF SB-14 FIELD (OIL & NATURAL GAS CORPORATION LIMITED),OIL & NATURAL GAS CORPORATION LIMITED,,11/2012,,11/2012,410.44,,410.44,0.0,0.0,337.16,82.15,82.15,0.0,0.0,Low,On Schedule,,Petroleum & Natural Gas,Multi-State / Central,1.0,0.821,6.02,0,36.0,On Schedule,0,Low,1043
MAR-2014,2014,MAR,FR_mar_2014.pdf,N16000118,DEVELOPMENT OF BHE AND BH-35 AREA. (OIL & NATURAL GAS CORPORATION LIMITED),OIL & NATURAL GAS CORPORATION LIMITED,,03/2013,,03/2013,372.11,,372.11,0.0,0.0,334.31,89.84,89.84,0.0,0.0,Low,On Schedule,,Petroleum & Natural Gas,Multi-State / Central,1.0,0.898,5.922,0,36.0,On Schedule,0,Low,1044
MAR-2014,2014,MAR,FR_mar_2014.pdf,N16000139,BUTENE-1 PROJECT AT PANIPAT (INDIAN OIL CORPORATION LIMITED),INDIAN OIL CORPORATION LIMITED,,03/2014,,03/2014,190.0,,190.0,0.0,0.0,125.28,65.94,65.94,0.0,0.0,Low,On Schedule,,Petroleum & Natural Gas,Haryana,1.0,0.659,5.252,0,36.0,On Schedule,0,Low,1045
MAR-2014,2014,MAR,FR_mar_2014.pdf,220100148,07/2013 N.A. RAILWAYS 69 LANJHIGARH-JUNAGARH NL(ECOR) (EAST COAST RAILWAY),ECOR,,03/2002,,03/2002,100.0,,243.27,143.27,143.27,243.27,100.0,243.27,143.27,0.0,High,General Execution Delay,,Railways,Multi-State / Central,2.433,2.433,4.615,1,36.0,On Schedule,0,High,1046
MAR-2014,2014,MAR,FR_mar_2014.pdf,180100251,POWER 54 URI H.E.P STAGE -II (NHPC) (NATIONAL HYDRO-ELECTRIC POWER CORPORATION),NHPC,,11/2009,,11/2009,1729.29,,2104.1,374.81,21.67,2104.1,100.0,121.67,21.67,0.0,Medium,General Execution Delay,,Power & Renewable Energy,Multi-State / Central,1.217,1.217,7.456,1,36.0,On Schedule,0,Medium,1047
MAR-2014,2014,MAR,FR_mar_2014.pdf,160100215,PETROLEUM 56 IOR LAKWA - LAKHMANI (ONGCL) (OIL & NATURAL GAS CORPORATION LIMITED),ONGCL,,03/2007,,03/2007,345.1,,743.72,398.62,115.51,743.72,100.0,215.51,115.51,0.0,High,General Execution Delay,,Petroleum & Natural Gas,Multi-State / Central,2.155,2.155,5.847,1,36.0,On Schedule,0,High,1048
AUG-2014,2014,AUG,FR_aug_2014.pdf,N12000069,330 TPH BOILER-6 AND AUXILIARY SYSTEM (RASTRIYA ISPAT NIGAM LIMITED),RASTRIYA ISPAT NIGAM LIMITED,,12/2009,,12/2009,260.0,,260.75,0.75,0.29,260.75,100.0,100.29,0.29,0.0,Low,On Schedule,,Petroleum & Natural Gas,Multi-State / Central,1.003,1.003,5.565,0,36.0,On Schedule,0,Low,1049
JUL-2014,2014,JUL,FR_jul_2014.pdf,N26000088,03/2010 N.A. 22 GSM EQUIPMENT OF 799000LINES (2G) 101000 LINES 3(G) JHARKHANDPHASE V.1 TELECOM CIRCLE (BHARAT SANCHAR NIGAM LIMITED),2G,,03/2009,,03/2009,328.13,,328.13,0.0,0.0,164.58,50.16,50.16,0.0,0.0,Low,On Schedule,,Other Infrastructure,Jharkhand,1.0,0.502,5.796,0,36.0,On Schedule,0,Low,1050
JUN-2014,2014,JUN,FR_june_2014.pdf,N18000073,10/2012 N.A. 8 RIHAND STTP STAGE-III (2X500MW) (NATIONAL THERMAL POWER CORPORATION),2X500MW,,10/2012,,10/2012,6230.81,,6230.81,0.0,0.0,4357.0,69.93,69.93,0.0,0.0,Low,On Schedule,,Power & Renewable Energy,Multi-State / Central,1.0,0.699,8.737,0,36.0,On Schedule,0,Low,1051
NOV-2014,2014,NOV,FR_nov_2014.pdf,N16000138,PETROLEUM 35 PIPELINE FOR TRANSFER OF LPG FROM BPCR/HPCR TO URAN LPG PLANT (BHARAT PETROLEUM CORPORATION LIMITED),BHARAT PETROLEUM CORPORATION LIMITED,,08/2012,,08/2012,246.81,,263.59000000000003,16.78,6.8,263.59,100.0,106.8,6.8,0.0,Low,On Schedule,,Petroleum & Natural Gas,Multi-State / Central,1.068,1.068,5.513,0,36.0,On Schedule,0,Low,1052
NOV-2014,2014,NOV,FR_nov_2014.pdf,N25000059,RAIL CONNECTIVITY TO ICTT AT VALLARPADAM AT COCHIN PORT TRUST (RAIL VIKAS NIGAM LTD.),RAIL VIKAS NIGAM LTD.,,04/2009,,04/2009,245.67,,373.22,127.55,51.92,373.22,100.0,151.92,51.92,0.0,High,General Execution Delay,,Railways,Multi-State / Central,1.519,1.519,5.508,1,36.0,On Schedule,0,High,1053
JAN-2014,2014,JAN,FR_jan_2014.pdf,220100241,"CHANDIGARH-LUDHIANA(NEW BG LINE),NR (NORTHERN RAILWAY)",NEW BG LINE,,12/2012,,12/2012,248.44,,972.91,724.47,291.61,972.91,100.0,391.61,291.61,0.0,High,General Execution Delay,,Railways,Punjab,3.916,3.916,5.519,1,36.0,On Schedule,0,High,1054
JAN-2014,2014,JAN,FR_jan_2014.pdf,220100323,RUPSA-BANGRIPOSI (GC)(SER) (SOUTH EASTERN RAILWAY),GC,,03/1998,,03/1998,57.94,,176.14,118.2,204.0,176.14,100.0,304.0,204.0,0.0,High,General Execution Delay,,Railways,Multi-State / Central,3.04,3.04,4.077,1,36.0,On Schedule,0,High,1055
JAN-2014,2014,JAN,FR_jan_2014.pdf,N26000029,EXPANSION OF EXISTING 750K GSM NETWORK PE NO. 9920/05-06 (MAHANAGAR TELEPHONE NIGAM LIMITED),MAHANAGAR TELEPHONE NIGAM LIMITED,,10/2007,,10/2007,231.38,,231.38,0.0,0.0,86.11,37.22,37.22,0.0,0.0,Low,On Schedule,,Other Infrastructure,Multi-State / Central,1.0,0.372,5.448,0,36.0,On Schedule,0,Low,1056
OCT-2014,2014,OCT,FR_oct_2014.pdf,N16000051,PETROLEUM 29 JHAJJAR HISSAR PIPE LINE PROJECT (GAS AUTHORITY OF INDIA LIMITED),GAS AUTHORITY OF INDIA LIMITED,,10/2010,,10/2010,281.07,,281.07,0.0,0.0,6.18,2.2,2.2,0.0,0.0,Low,On Schedule,,Other Infrastructure,Multi-State / Central,1.0,0.022,5.642,0,36.0,On Schedule,0,Low,1057
OCT-2014,2014,OCT,FR_oct_2014.pdf,N16000094,DBNPL SPURLINE (UTTRANCHAL AND PUNJAB) (GAS AUTHORITY OF INDIA LIMITED),UTTRANCHAL AND PUNJAB,,06/2011,,06/2011,540.92,,540.92,0.0,0.0,340.94,63.03,63.03,0.0,0.0,Low,On Schedule,,Other Infrastructure,Punjab,1.0,0.63,6.295,0,36.0,On Schedule,0,Low,1058
FEB-2014,2014,FEB,FR_feb_2014.pdf,240106260,"AURANG-RAIPUR, NH-6, KM.232 TO KM.281 (NATIONAL HIGHWAYS AUTHORITY OF INDIA)",NATIONAL HIGHWAYS AUTHORITY OF INDIA,,01/2009,,01/2009,190.0,,264.65,74.65,39.29,264.65,100.0,139.29,39.29,0.0,Medium,General Execution Delay,,Road Transport & Highways,Chhattisgarh,1.393,1.393,5.252,1,36.0,On Schedule,0,Medium,1059
FEB-2014,2014,FEB,FR_feb_2014.pdf,N24000040,NEW MANGALORE PORT NH-17 AND 48 (NATIONAL HIGHWAYS AUTHORITY OF INDIA),NATIONAL HIGHWAYS AUTHORITY OF INDIA,,06/2011,,06/2011,196.5,,290.98,94.48,48.08,290.98,100.0,148.08,48.08,0.0,High,General Execution Delay,,Road Transport & Highways,Karnataka,1.481,1.481,5.286,1,36.0,On Schedule,0,High,1060
FEB-2014,2014,FEB,FR_feb_2014.pdf,N08000006,FERTILISERS 4 NANGAL - AMMONIA PLANT FEEDSTOCK PROJECT (NATIONAL FERTILISER LIMITED),NATIONAL FERTILISER LIMITED,,01/2013,,01/2013,1478.63,,1478.63,0.0,0.0,1133.0,76.62,76.62,0.0,0.0,Low,On Schedule,,Other Infrastructure,Multi-State / Central,1.0,0.766,7.3,0,36.0,On Schedule,0,Low,1061
FEB-2014,2014,FEB,FR_feb_2014.pdf,N18000068,765 KV SYSTEM FOR CENTRAL PART OF NORTHERN GRID PART-I (POWER GRID CORPORATION OF INDIA LIMITED),POWER GRID CORPORATION OF INDIA LIMITED,,02/2012,,02/2012,1347.32,,1347.32,0.0,0.0,1206.1,89.52,89.52,0.0,0.0,Low,On Schedule,,Power & Renewable Energy,Multi-State / Central,1.0,0.895,7.207,0,36.0,On Schedule,0,Low,1062
FEB-2014,2014,FEB,FR_feb_2014.pdf,N22000076,PANSPURA-KHARAGPUR 3D LINE (RAIL VIKAS NIGAM LTD.),RAIL VIKAS NIGAM LTD.,,02/2010,,02/2010,252.5,,252.5,0.0,0.0,249.36,98.76,98.76,0.0,0.0,Low,On Schedule,,Railways,Multi-State / Central,1.0,0.988,5.535,0,36.0,On Schedule,0,Low,1063
FEB-2014,2014,FEB,FR_feb_2014.pdf,N16000096,PETROLEUM 10 NORTH TAPTI GAS FIELD DEVELOPMENT (OIL & NATURAL GAS CORPORATION LIMITED),OIL & NATURAL GAS CORPORATION LIMITED,,03/2011,,03/2011,589.7,,912.53,322.83,54.74,912.53,100.0,154.74,54.74,0.0,High,General Execution Delay,,Petroleum & Natural Gas,Multi-State / Central,1.547,1.547,6.381,1,36.0,On Schedule,0,High,1064
FEB-2014,2014,FEB,FR_feb_2014.pdf,180100222,TEESTA LOW DAM STAGE III HYDROELECTRIC POWER PROJECT (NHPC) (NATIONAL HYDRO-ELECTRIC POWER CORPORATION),NHPC,,03/2007,,03/2007,768.92,,1467.53,698.61,90.86,1467.53,100.0,190.86,90.86,0.0,High,General Execution Delay,,Power & Renewable Energy,Multi-State / Central,1.909,1.909,6.646,1,36.0,On Schedule,0,High,1065
FEB-2014,2014,FEB,FR_feb_2014.pdf,N18000007,CHUTAK HYDRO-ELECTRIC PROJECT (NATIONAL HYDRO-ELECTRIC POWER CORPORATION),,,02/2011,,02/2011,621.26,,731.93,110.67,17.81,731.93,100.0,117.81,17.81,0.0,Medium,General Execution Delay,,Power & Renewable Energy,Multi-State / Central,1.178,1.178,6.433,1,36.0,On Schedule,0,Medium,1066
FEB-2014,2014,FEB,FR_feb_2014.pdf,N18000089,13 INTERCONNECTION BETWEEN ELECTTRICAL GRIDS OF INDIA AND BANGLADESH -INDIAN PORTION (POWER GRID CORPORATION OF INDIA LIMITED),POWER GRID CORPORATION OF INDIA LIMITED,,10/2012,,10/2012,160.32,,160.32,0.0,0.0,87.63,54.66,54.66,0.0,0.0,Low,On Schedule,,Power & Renewable Energy,Multi-State / Central,1.0,0.547,5.083,0,36.0,On Schedule,0,Low,1067
FEB-2014,2014,FEB,FR_feb_2014.pdf,N22000200,MADURAI-RAMESWARAM-GC (SOUTHERN RAILWAY),SOUTHERN RAILWAY,,-,,-,240.0,,367.21,127.21,53.0,367.21,100.0,153.0,53.0,0.0,High,General Execution Delay,,Railways,Tamil Nadu,1.53,1.53,5.485,1,36.0,On Schedule,0,High,1068
FEB-2014,2014,FEB,FR_feb_2014.pdf,N22000226,KRISHNANAGAR-BETHUA DAHRI DOUBLING (EASTERN RAILWAYS),EASTERN RAILWAYS,,03/2015,,03/2015,151.65,,151.65,0.0,0.0,90.21,59.49,59.49,0.0,0.0,Low,On Schedule,,Railways,Multi-State / Central,1.0,0.595,5.028,0,36.0,On Schedule,0,Low,1069
FEB-2014,2014,FEB,FR_feb_2014.pdf,N22000284,DHARMAVARAM-PAKALA GC (SAUTH COST RAILWAY),SAUTH COST RAILWAY,,-,,-,294.99,,658.53,363.54,123.24,658.53,100.0,223.24,123.24,0.0,High,General Execution Delay,,Railways,Multi-State / Central,2.232,2.232,5.69,1,36.0,On Schedule,0,High,1070
FEB-2014,2014,FEB,FR_feb_2014.pdf,N16000108,PETROLEUM 17 BUTADIENE EXTRACTION UNIT(BDEU) AT PANIPAT (INDIAN OIL CORPORATION LIMITED),BDEU,,02/2013,,02/2013,341.5,,341.5,0.0,0.0,198.81,58.22,58.22,0.0,0.0,Low,On Schedule,,Petroleum & Natural Gas,Haryana,1.0,0.582,5.836,0,36.0,On Schedule,0,Low,1071
FEB-2014,2014,FEB,FR_feb_2014.pdf,N18000046,TRANSMISSION SYSTEM ASSOCIATED WITH SASAN ULTRA MEGA POWER PROJECT (POWER GRID CORPORATION OF INDIA LIMITED),POWER GRID CORPORATION OF INDIA LIMITED,,12/2012,,12/2012,7031.88,,7031.88,0.0,0.0,4591.9,65.3,65.3,0.0,0.0,Low,On Schedule,,Power & Renewable Energy,Multi-State / Central,1.0,0.653,8.858,0,36.0,On Schedule,0,Low,1072
FEB-2014,2014,FEB,FR_feb_2014.pdf,N24000088,"GWALIOR BYPSS, NH-75,3 (NATIONAL HIGHWAYS AUTHORITY OF INDIA)",NATIONAL HIGHWAYS AUTHORITY OF INDIA,,10/2009,,10/2009,300.93,,302.7,1.77,0.59,302.7,100.0,100.59,0.59,0.0,Low,On Schedule,,Road Transport & Highways,Madhya Pradesh,1.006,1.006,5.71,0,36.0,On Schedule,0,Low,1073
FEB-2014,2014,FEB,FR_feb_2014.pdf,N18000006,POWER 20 NIMOO BAZGO HYDROELECTRIC PROJECT (NATIONAL HYDRO-ELECTRIC POWER CORPORATION),,,08/2010,,08/2010,611.01,,883.8499999999999,272.84,44.65,883.85,100.0,144.65,44.65,0.0,High,General Execution Delay,,Power & Renewable Energy,Multi-State / Central,1.447,1.447,6.417,1,36.0,On Schedule,0,High,1074
FEB-2014,2014,FEB,FR_feb_2014.pdf,N18000018,TRANSMISSION SYSTEM ASSOCIATED WITH PARBATI-III HEP (POWER GRID CORPORATION OF INDIA LIMITED),POWER GRID CORPORATION OF INDIA LIMITED,,01/2010,,01/2010,557.24,,648.4300000000001,91.19,16.36,648.43,100.0,116.36,16.36,0.0,Medium,General Execution Delay,,Power & Renewable Energy,Multi-State / Central,1.164,1.164,6.325,1,36.0,On Schedule,0,Medium,1075
FEB-2014,2014,FEB,FR_feb_2014.pdf,N18000091,POWER 1 NORTHERN REGION SYSTEM STRENGTHENING SCHEME-XXII (POWER GRID CORPORATION OF INDIA LIMITED),POWER GRID CORPORATION OF INDIA LIMITED,,08/2013,,08/2013,209.78,,209.78,0.0,0.0,52.2,24.88,24.88,0.0,0.0,Low,On Schedule,,Power & Renewable Energy,Multi-State / Central,1.0,0.249,5.351,0,36.0,On Schedule,0,Low,1076
FEB-2014,2014,FEB,FR_feb_2014.pdf,220100260,RENIGUNTA-GUNTAKAL(RE) (RAIL VIKAS NIGAM LTD.),RE,,04/2003,,04/2003,168.34,,343.36,175.02,103.97,343.36,100.0,203.97,103.97,0.0,High,General Execution Delay,,Railways,Multi-State / Central,2.04,2.04,5.132,1,36.0,On Schedule,0,High,1077
FEB-2014,2014,FEB,FR_feb_2014.pdf,220100321,BILASPUR-URKURA (DL) (RAIL VIKAS NIGAM LTD.),DL,,-,,-,151.52,,315.0,163.48,107.89,315.0,100.0,207.89,107.89,0.0,High,General Execution Delay,,Railways,Chhattisgarh,2.079,2.079,5.027,1,36.0,On Schedule,0,High,1078
FEB-2014,2014,FEB,FR_feb_2014.pdf,220100190,"RAILWAYS 25 KADUR-CHIKMAGALUR-SAKLESHPUR (NL),(SWR) (SOUTH WESTERN RAILWAY)",NL,,03/2012,,03/2012,157.0,,330.38,173.38,110.43,330.38,100.0,210.43,110.43,0.0,High,General Execution Delay,,Railways,Multi-State / Central,2.104,2.104,5.063,1,36.0,On Schedule,0,High,1079
FEB-2014,2014,FEB,FR_feb_2014.pdf,N16000057,PETROLEUM 26 RESITMENT OF MARKETING INSTALATION AT VISAKH (HINDUSTAN PETROLEUM CORPORATION LIMITED),HINDUSTAN PETROLEUM CORPORATION LIMITED,,-,,-,756.0,,913.72,157.72,20.86,913.72,100.0,120.86,20.86,0.0,Medium,General Execution Delay,,Other Infrastructure,Multi-State / Central,1.209,1.209,6.629,1,36.0,On Schedule,0,Medium,1080
FEB-2014,2014,FEB,FR_feb_2014.pdf,N16000066,CONSTRUCTION OF NEW TERMINAL AT ENNORE CHENNAI (HINDUSTAN PETROLEUM CORPORATION LIMITED),HINDUSTAN PETROLEUM CORPORATION LIMITED,,-,,-,224.0,,312.61,88.61,39.56,312.61,100.0,139.56,39.56,0.0,Medium,General Execution Delay,,Civil Aviation,Tamil Nadu,1.396,1.396,5.416,1,36.0,On Schedule,0,Medium,1081
FEB-2014,2014,FEB,FR_feb_2014.pdf,N16000107,FLUIDIZED CATALYTIC CRACKING UNIT(FCCU) REVAMP AT MATHURA REFINERY (INDIAN OIL CORPORATION LIMITED),FCCU,,01/2013,,01/2013,1000.0,,1000.0,0.0,0.0,755.25,75.52,75.52,0.0,0.0,Low,On Schedule,,Petroleum & Natural Gas,Multi-State / Central,1.0,0.755,6.909,0,36.0,On Schedule,0,Low,1082
FEB-2014,2014,FEB,FR_feb_2014.pdf,N16000153,CAPACITY AUGMENTATION OF KOTA PIYALA SECTION OF MMBPL PIPELINE (BHARAT PETROLEUM CORPORATION LIMITED),BHARAT PETROLEUM CORPORATION LIMITED,,06/2013,,06/2013,152.89,,152.89,0.0,0.0,128.53,84.07,84.07,0.0,0.0,Low,On Schedule,,Petroleum & Natural Gas,Rajasthan,1.0,0.841,5.036,0,36.0,On Schedule,0,Low,1083
FEB-2014,2014,FEB,FR_feb_2014.pdf,N22000275,KOLAR-CHICKBALAPUR GC (SOUTH WESTERN RAILWAY),SOUTH WESTERN RAILWAY,,01/1999,,01/1999,287.99,,434.5700000000001,146.58,50.9,434.57,100.0,150.9,50.9,0.0,High,General Execution Delay,,Railways,Multi-State / Central,1.509,1.509,5.666,1,36.0,On Schedule,0,High,1084
FEB-2014,2014,FEB,FR_feb_2014.pdf,N16000064,PETROLEUM 31 ADDITIONAL GAS PROCESSING UNITS AT URAN (OIL & NATURAL GAS CORPORATION LIMITED),OIL & NATURAL GAS CORPORATION LIMITED,,12/2011,,12/2011,1797.35,,1797.35,0.0,0.0,841.98,46.85,46.85,0.0,0.0,Low,On Schedule,,Petroleum & Natural Gas,Multi-State / Central,1.0,0.468,7.495,0,36.0,On Schedule,0,Low,1085
FEB-2014,2014,FEB,FR_feb_2014.pdf,240101132,HAVERI-HARIHAR (GQ) KM.340-KM.284 (NH-4) (NATIONAL HIGHWAYS AUTHORITY OF INDIA),GQ,,08/2004,,08/2004,241.0,,241.0,0.0,0.0,67.03,27.81,27.81,0.0,0.0,Low,On Schedule,,Road Transport & Highways,Multi-State / Central,1.0,0.278,5.489,0,36.0,On Schedule,0,Low,1086
FEB-2014,2014,FEB,FR_feb_2014.pdf,240101133,HARIHAR-CHITRADURGA (GQ) KM.284-KM.207 (NH-4) (NATIONAL HIGHWAYS AUTHORITY OF INDIA),GQ,,08/2004,,08/2004,318.0,,318.0,0.0,0.0,71.35,22.44,22.44,0.0,0.0,Low,On Schedule,,Road Transport & Highways,Multi-State / Central,1.0,0.224,5.765,0,36.0,On Schedule,0,Low,1087
FEB-2014,2014,FEB,FR_feb_2014.pdf,240101153,SUNAKHALA-GANJAM (GQ) KM.338-KM.284 (NH-5) (NATIONAL HIGHWAYS AUTHORITY OF INDIA),GQ,,04/2004,,04/2004,225.0,,225.0,0.0,0.0,109.99,48.88,48.88,0.0,0.0,Low,On Schedule,,Road Transport & Highways,Multi-State / Central,1.0,0.489,5.421,0,36.0,On Schedule,0,Low,1088
FEB-2014,2014,FEB,FR_feb_2014.pdf,240106205,"HAPUR-GARHMUKTESWAR (OTHERS) KM.58-93, NH-24 (NATIONAL HIGHWAYS AUTHORITY OF INDIA)",OTHERS,,09/2007,,09/2007,220.0,,282.7,62.7,28.5,282.7,100.0,128.5,28.5,0.0,Medium,General Execution Delay,,Road Transport & Highways,Multi-State / Central,1.285,1.285,5.398,1,36.0,On Schedule,0,Medium,1089
FEB-2014,2014,FEB,FR_feb_2014.pdf,240106237,"PATHANKOT- BHOGPUR, KM.26-KM.70, NS-38 NH-1A (NATIONAL HIGHWAYS AUTHORITY OF INDIA)",NATIONAL HIGHWAYS AUTHORITY OF INDIA,,05/2008,,05/2008,284.0,,350.7,66.7,23.49,350.7,100.0,123.49,23.49,0.0,Medium,General Execution Delay,,Road Transport & Highways,Multi-State / Central,1.235,1.235,5.652,1,36.0,On Schedule,0,Medium,1090
FEB-2014,2014,FEB,FR_feb_2014.pdf,240106243,"KOTWA TO DEWAPUR(10 LMNHP),NH-28 PHASE-II, KM.440 TO KM.402 (NATIONAL HIGHWAYS AUTHORITY OF INDIA)",10 LMNHP,,10/2008,,10/2008,240.0,,295.51,55.51,23.13,295.51,100.0,123.13,23.13,0.0,Medium,General Execution Delay,,Road Transport & Highways,Multi-State / Central,1.231,1.231,5.485,1,36.0,On Schedule,0,Medium,1091
FEB-2014,2014,FEB,FR_feb_2014.pdf,N18000078,765KV SYSTEM FOR CENTRAL PART OF NORTHERN REGION GRID - PART-II (POWER GRID CORPORATION OF INDIA LIMITED),POWER GRID CORPORATION OF INDIA LIMITED,,06/2012,,06/2012,1736.36,,1736.36,0.0,0.0,1240.75,71.46,71.46,0.0,0.0,Low,On Schedule,,Power & Renewable Energy,Multi-State / Central,1.0,0.715,7.46,0,36.0,On Schedule,0,Low,1092
FEB-2014,2014,FEB,FR_feb_2014.pdf,240106250,"ORAI TO JHANSI (UP-5),NH-25, KM.220.0 TO KM.170.0 (NATIONAL HIGHWAYS AUTHORITY OF INDIA)",NATIONAL HIGHWAYS AUTHORITY OF INDIA,,03/2008,,03/2008,340.68,,400.56,59.88,17.58,400.56,100.0,117.58,17.58,0.0,Medium,General Execution Delay,,Road Transport & Highways,Uttar Pradesh,1.176,1.176,5.834,1,36.0,On Schedule,0,Medium,1093
FEB-2014,2014,FEB,FR_feb_2014.pdf,N22000027,RAILWAYS 8 PALWAL-BHUTESWAR 3RD LINE DOUBLING(NCR)(RVNL) (RAIL VIKAS NIGAM LTD.),NCR,,03/2009,,03/2009,240.0,,334.59000000000003,94.59,39.41,334.59,100.0,139.41,39.41,0.0,Medium,General Execution Delay,,Railways,Delhi & NCR,1.394,1.394,5.485,1,36.0,On Schedule,0,Medium,1094
MAR-2014,2014,MAR,FR_mar_2014.pdf,N24000055,"NAGPUR-KONDHALI,NH-6(NHAI) (NATIONAL HIGHWAYS AUTHORITY OF INDIA)",NHAI,,12/2008,,12/2008,168.0,,457.3,289.3,172.2,457.3,100.0,272.2,172.2,0.0,High,General Execution Delay,,Road Transport & Highways,Maharashtra,2.722,2.722,5.13,1,36.0,On Schedule,0,High,1095
MAR-2014,2014,MAR,FR_mar_2014.pdf,N24000056,"THANJAUR-TRICHY,NH-67(NHAI) (NATIONAL HIGHWAYS AUTHORITY OF INDIA)",NHAI,,06/2009,,06/2009,280.0,,581.5,301.5,107.68,581.5,100.0,207.68,107.68,0.0,High,General Execution Delay,,Road Transport & Highways,Multi-State / Central,2.077,2.077,5.638,1,36.0,On Schedule,0,High,1096
MAR-2014,2014,MAR,FR_mar_2014.pdf,N24000057,"GANJAM-ICCHAPURUM,NH-5(NHAI) (NATIONAL HIGHWAYS AUTHORITY OF INDIA)",NHAI,,02/2004,,02/2004,263.27,,263.96,0.69,0.26,263.96,100.0,100.26,0.26,0.0,Low,On Schedule,,Road Transport & Highways,Multi-State / Central,1.003,1.003,5.577,0,36.0,On Schedule,0,Low,1097
MAR-2014,2014,MAR,FR_mar_2014.pdf,N24000094,"LAKHNAADON TO MP/MH BORDER,KM 596.75-653.22 (NS-1/BOT/MP- 2),NH7 (NATIONAL HIGHWAYS AUTHORITY OF INDIA)",NATIONAL HIGHWAYS AUTHORITY OF INDIA,,06/2010,,06/2010,407.6,,407.6,0.0,0.0,186.77,45.82,45.82,0.0,0.0,Low,On Schedule,,Road Transport & Highways,Multi-State / Central,1.0,0.458,6.013,0,36.0,On Schedule,0,Low,1098
MAR-2014,2014,MAR,FR_mar_2014.pdf,N24000095,"LAKHNADON TO MP/MH BORDER (NS-1/BOT/MP-2), NH-7 (NATIONAL HIGHWAYS AUTHORITY OF INDIA)",NATIONAL HIGHWAYS AUTHORITY OF INDIA,,09/2009,,09/2009,263.17,,263.17,0.0,0.0,235.19,89.37,89.37,0.0,0.0,Low,On Schedule,,Road Transport & Highways,Multi-State / Central,1.0,0.894,5.577,0,36.0,On Schedule,0,Low,1099
MAR-2014,2014,MAR,FR_mar_2014.pdf,N24000096,"JHANSI TO LALITPUR, NH-25,26 (NATIONAL HIGHWAYS AUTHORITY OF INDIA)",NATIONAL HIGHWAYS AUTHORITY OF INDIA,,09/2009,,09/2009,355.06,,507.99,152.93,43.07,507.99,100.0,143.07,43.07,0.0,High,General Execution Delay,,Road Transport & Highways,Multi-State / Central,1.431,1.431,5.875,1,36.0,On Schedule,0,High,1100
MAR-2014,2014,MAR,FR_mar_2014.pdf,N24000101,TRICHY - KORUR NH-67 (NATIONAL HIGHWAYS AUTHORITY OF INDIA),NATIONAL HIGHWAYS AUTHORITY OF INDIA,,07/2010,,07/2010,516.0,,866.86,350.86,68.0,866.86,100.0,168.0,68.0,0.0,High,General Execution Delay,,Road Transport & Highways,Multi-State / Central,1.68,1.68,6.248,1,36.0,On Schedule,0,High,1101
MAR-2014,2014,MAR,FR_mar_2014.pdf,N24000102,SALEM - U / UNDRUPET(BOT -1/TN-06) NH -68 (NATIONAL HIGHWAYS AUTHORITY OF INDIA),NATIONAL HIGHWAYS AUTHORITY OF INDIA,,01/2011,,01/2011,941.0,,1901.0,960.0,102.02,1901.0,100.0,202.02,102.02,0.0,High,General Execution Delay,,Road Transport & Highways,Multi-State / Central,2.02,2.02,6.848,1,36.0,On Schedule,0,High,1102
MAR-2014,2014,MAR,FR_mar_2014.pdf,N24000116,BALASORE BHADRAK (REVIVED) KM 136.5 - 199.14 NH-5 (NATIONAL HIGHWAYS AUTHORITY OF INDIA),REVIVED,,02/2004,,02/2004,228.7,,228.7,0.0,0.0,182.07,79.61,79.61,0.0,0.0,Low,On Schedule,,Road Transport & Highways,Multi-State / Central,1.0,0.796,5.437,0,36.0,On Schedule,0,Low,1103
MAR-2014,2014,MAR,FR_mar_2014.pdf,N24000124,"FOUR LANNING FROM MP/MAHARASHTRA BORDER TO NAGPUR, NAGPUR BYPASS (NATIONAL HIGHWAYS AUTHORITY OF INDIA)",NATIONAL HIGHWAYS AUTHORITY OF INDIA,,06/2011,,06/2011,1170.52,,1170.52,0.0,0.0,4.41,0.38,0.38,0.0,0.0,Low,On Schedule,,Road Transport & Highways,Maharashtra,1.0,0.004,7.066,0,36.0,On Schedule,0,Low,1104
MAR-2014,2014,MAR,FR_mar_2014.pdf,N24000130,GURGAON-KOTPUTLI KM 42.70 TO 54.4 KM (NATIONAL HIGHWAYS AUTHORITY OF INDIA),NATIONAL HIGHWAYS AUTHORITY OF INDIA,,10/2011,,10/2011,1673.7,,2866.54,1192.84,71.27,2866.54,100.0,171.27,71.27,0.0,High,General Execution Delay,,Road Transport & Highways,Haryana,1.713,1.713,7.423,1,36.0,On Schedule,0,High,1105
MAR-2014,2014,MAR,FR_mar_2014.pdf,N24000131,SURAT- DAHISAR(SIX LANE) KM 263 TO KM 502 (NATIONAL HIGHWAYS AUTHORITY OF INDIA),SIX LANE,,08/2011,,08/2011,1693.75,,2760.82,1067.07,63.0,2760.82,100.0,163.0,63.0,0.0,High,General Execution Delay,,Road Transport & Highways,Gujarat,1.63,1.63,7.435,1,36.0,On Schedule,0,High,1106
MAR-2014,2014,MAR,FR_mar_2014.pdf,220100212,"KOTTUR-HARIHAR(NL),(SWR) (SOUTH WESTERN RAILWAY)",NL,,-,,-,65.94,,366.03,300.09,455.1,366.03,100.0,555.1,455.1,0.0,High,General Execution Delay,,Railways,Multi-State / Central,5.551,5.551,4.204,1,36.0,On Schedule,0,High,1107
JUL-2015,2015,JUL,July-Sep-2015.pdf,N12000018,BAILADILA IRON ORE PROJECT DEPOSIT- 11B (NMDC) (NATIONAL MINERAL DEVELOPMENT CORPORATION (NMDC)),NMDC,,12/2011,,12/2011,607.17,,607.17,0.0,0.0,394.89,65.04,65.04,0.0,0.0,Low,On Schedule,,Other Infrastructure,Multi-State / Central,1.0,0.65,6.41,0,36.0,On Schedule,0,Low,1108
DEC-2015,2015,DEC,FR_dec_2015.pdf,N25000050,SHIPPING AND PORTS 9 MODIFICATION AND STRENGTHENING OF EXISTING BERTH NO. 1 TO 6 (PORT TRUST),PORT TRUST,,03/2012,,03/2012,277.0,,277.0,0.0,0.0,0.21,0.08,0.08,0.0,0.0,Low,On Schedule,,Ports & Shipping,Multi-State / Central,1.0,0.001,5.628,0,36.0,On Schedule,0,Low,1109
DEC-2015,2015,DEC,FR_dec_2015.pdf,N24000400,02/2015 37.72 19 REHABILITATION AND UPGRADING TO 2 LANES/2 LANE WITH PAVED SHOULDERS CONFIGURATION OF ANISABAD- AURANG(PUBLIC WORKS DEPT OF STATE),PUBLIC WORKS DEPT OF STATE,,08/2016,,08/2016,282.41,,282.41,0.0,0.0,0.0,0.0,0.0,0.0,0.0,Low,On Schedule,,Road Transport & Highways,Multi-State / Central,1.0,0.0,5.647,0,36.0,On Schedule,0,Low,1110
DEC-2015,2015,DEC,FR_dec_2015.pdf,N25000016,CONSTRUCTION AND DEVELOPMENT OF 2 OFFSHORE CONTAINER BERTHS AND TERMINAL (MUMBAI PORT TRUST),MUMBAI PORT TRUST,,12/2010,,12/2010,1228.0,,1228.0,0.0,0.0,1038.0,84.53,84.53,0.0,0.0,Low,On Schedule,,Civil Aviation,Maharashtra,1.0,0.845,7.114,0,36.0,On Schedule,0,Low,1111
DEC-2015,2015,DEC,FR_dec_2015.pdf,N26000102,"NETWORK FOR SPECTRUM (NFS) OFC LAYING PROJECT, PACKAGE F AND G, A PART OF INTELLIGENT FIBER OPTIC C(INDIAN TELEPHONE INDUSTRY)",NFS,,09/2014,,09/2014,2111.17,,2111.17,0.0,0.0,1360.0,64.42,64.42,0.0,0.0,Low,On Schedule,,Other Infrastructure,Multi-State / Central,1.0,0.644,7.655,0,36.0,On Schedule,0,Low,1112
DEC-2015,2015,DEC,FR_dec_2015.pdf,N04000072,CIVIL AVIATION 43 ESTABLISHMENT OF AIRPORT OPERATIONS CONTROL CENTRES AT 10 AIRPORTS (AIRPORT AUTHORITY OF INDIA LIMITED),AIRPORT AUTHORITY OF INDIA LIMITED,,03/2014,,03/2014,344.28,,344.28,0.0,0.0,80.6,23.41,23.41,0.0,0.0,Low,On Schedule,,Civil Aviation,Multi-State / Central,1.0,0.234,5.844,0,36.0,On Schedule,0,Low,1113
DEC-2015,2015,DEC,FR_dec_2015.pdf,N06000046,CHURCHA ROUG(1.35MTY) (SOUTH-EASTERN COAL FIELDS LIMITED),1.35MTY,,03/2014,,03/2014,462.35,,497.01,34.66,7.5,497.01,100.0,107.5,7.5,0.0,Low,On Schedule,,Coal & Mines,Multi-State / Central,1.075,1.075,6.138,0,36.0,On Schedule,0,Low,1114
DEC-2015,2015,DEC,FR_dec_2015.pdf,N16000142,REPLACEMENT OF CDU/VDU AT MUMBAI REFINERY (BHARAT PETROLEUM CORPORATION LIMITED),BHARAT PETROLEUM CORPORATION LIMITED,,12/2014,,12/2014,1419.0,,1419.0,0.0,0.0,1291.63,91.02,91.02,0.0,0.0,Low,On Schedule,,Petroleum & Natural Gas,Maharashtra,1.0,0.91,7.258,0,36.0,On Schedule,0,Low,1115
DEC-2015,2015,DEC,FR_dec_2015.pdf,N16000145,REWARI KANPUR PIPELINE PROJECT (HINDUSTAN PETROLEUM CORPORATION LIMITED),HINDUSTAN PETROLEUM CORPORATION LIMITED,,11/2015,,11/2015,1210.64,,1249.0300000000002,38.39,3.17,1249.03,100.0,103.17,3.17,0.0,Low,On Schedule,,Petroleum & Natural Gas,Uttar Pradesh,1.032,1.032,7.1,0,36.0,On Schedule,0,Low,1116
DEC-2015,2015,DEC,FR_dec_2015.pdf,N16000168,MARKETING TERMINAL AT PARADEEP (INDIAN OIL CORPORATION LIMITED),INDIAN OIL CORPORATION LIMITED,,07/2013,,07/2013,199.75,,211.72,11.97,5.99,211.72,100.0,105.99,5.99,0.0,Low,On Schedule,,Petroleum & Natural Gas,Multi-State / Central,1.06,1.06,5.302,0,36.0,On Schedule,0,Low,1117
DEC-2015,2015,DEC,FR_dec_2015.pdf,N16000182,DEVELOPMENT PLAN FOR LOWER PAYS IN NBP-14 BLOCK OF NBP FIELD (D-1) (OIL & NATURAL GAS CORPORATION LIMITED),OIL & NATURAL GAS CORPORATION LIMITED,,10/2014,,10/2014,429.06,,439.02,9.96,2.32,439.02,100.0,102.32,2.32,0.0,Low,On Schedule,,Petroleum & Natural Gas,Multi-State / Central,1.023,1.023,6.064,0,36.0,On Schedule,0,Low,1118
DEC-2015,2015,DEC,FR_dec_2015.pdf,N18000160,SYSTEM STRENGTHENING IN SOUTHERN REGION - XXII (POWER GRID CORPORATION OF INDIA LIMITED),POWER GRID CORPORATION OF INDIA LIMITED,,08/2016,,08/2016,243.53,,243.53,0.0,0.0,185.63,76.22,76.22,0.0,0.0,Low,On Schedule,,Power & Renewable Energy,Multi-State / Central,1.0,0.762,5.499,0,36.0,On Schedule,0,Low,1119
DEC-2015,2015,DEC,FR_dec_2015.pdf,N26000096,11/2013 427.54 TELECOMMUNICATIONS 51 ERP IMPLEMENTATION IN BSNL ON TURNKEY BASIS (BHARAT SANCHAR NIGAM LIMITED),BHARAT SANCHAR NIGAM LIMITED,,10/2010,,10/2010,384.0,,384.0,0.0,0.0,74.74,19.46,19.46,0.0,0.0,Low,On Schedule,,Other Infrastructure,Multi-State / Central,1.0,0.195,5.953,0,36.0,On Schedule,0,Low,1120
DEC-2015,2015,DEC,FR_dec_2015.pdf,N16000103,PETROLEUM 1 CONSTRUCTION OF ONE MULTIPURPOSE SUPPORT VESSEL (MSV) (OIL & NATURAL GAS CORPORATION LIMITED),MSV,,03/2013,,03/2013,723.64,,723.64,0.0,0.0,0.0,0.0,0.0,0.0,0.0,Low,On Schedule,,Petroleum & Natural Gas,Multi-State / Central,1.0,0.0,6.586,0,36.0,On Schedule,0,Low,1121
DEC-2015,2015,DEC,FR_dec_2015.pdf,N16000120,AHMEDABAD REDEVELOPMENT PROJECT (OIL & NATURAL GAS CORPORATION LIMITED),OIL & NATURAL GAS CORPORATION LIMITED,,12/2014,,12/2014,1916.1,,1916.1,0.0,0.0,1160.14,60.55,60.55,0.0,0.0,Low,On Schedule,,Petroleum & Natural Gas,Gujarat,1.0,0.605,7.559,0,36.0,On Schedule,0,Low,1122
DEC-2015,2015,DEC,FR_dec_2015.pdf,N16000121,MEHESANA REDEVELOPMENT PROJECT (OIL & NATURAL GAS CORPORATION LIMITED),OIL & NATURAL GAS CORPORATION LIMITED,,04/2015,,04/2015,3823.0,,3823.0,0.0,0.0,1076.57,28.16,28.16,0.0,0.0,Low,On Schedule,,Petroleum & Natural Gas,Multi-State / Central,1.0,0.282,8.249,0,36.0,On Schedule,0,Low,1123
DEC-2015,2015,DEC,FR_dec_2015.pdf,N16000122,ANKLESWAR REDEVELOPMENT (OIL & NATURAL GAS CORPORATION LIMITED),OIL & NATURAL GAS CORPORATION LIMITED,,12/2014,,12/2014,2189.63,,2189.63,0.0,0.0,1034.3,47.24,47.24,0.0,0.0,Low,On Schedule,,Petroleum & Natural Gas,Multi-State / Central,1.0,0.472,7.692,0,36.0,On Schedule,0,Low,1124
DEC-2015,2015,DEC,FR_dec_2015.pdf,N16000160,INTEGRATED DEVELOPMENT OF BASSEIN FIELD (OIL & NATURAL GAS CORPORATION LIMITED),OIL & NATURAL GAS CORPORATION LIMITED,,02/2016,,02/2016,3513.07,,3513.07,0.0,0.0,0.47,0.01,0.01,0.0,0.0,Low,On Schedule,,Petroleum & Natural Gas,Multi-State / Central,1.0,0.0,8.165,0,36.0,On Schedule,0,Low,1125
DEC-2015,2015,DEC,FR_dec_2015.pdf,N16000181,REVAMP OF UNMANNED PLATFORMS PH-II IN MH AND NH ASSETS (OIL & NATURAL GAS CORPORATION LIMITED),OIL & NATURAL GAS CORPORATION LIMITED,,05/2016,,05/2016,2913.1,,2913.1,0.0,0.0,13.86,0.48,0.48,0.0,0.0,Low,On Schedule,,Petroleum & Natural Gas,Multi-State / Central,1.0,0.005,7.977,0,36.0,On Schedule,0,Low,1126
DEC-2015,2015,DEC,FR_dec_2015.pdf,N16000185,7 IMPROVED OIL RECOVERY OF B-173A FIELD (OIL & NATURAL GAS CORPORATION LIMITED),OIL & NATURAL GAS CORPORATION LIMITED,,03/2014,,03/2014,352.49,,352.49,0.0,0.0,122.87,34.86,34.86,0.0,0.0,Low,On Schedule,,Petroleum & Natural Gas,Multi-State / Central,1.0,0.349,5.868,0,36.0,On Schedule,0,Low,1127
DEC-2015,2015,DEC,FR_dec_2015.pdf,N26000065,EXECUTION OF TELECOM NETWORK REQUIREMENT OF DEFENCE FORCES (BHARAT SANCHAR NIGAM LIMITED),BHARAT SANCHAR NIGAM LIMITED,,03/2009,,03/2009,1077.0,,1077.0,0.0,0.0,0.0,0.0,0.0,0.0,0.0,Low,On Schedule,,Other Infrastructure,Multi-State / Central,1.0,0.0,6.983,0,36.0,On Schedule,0,Low,1128
DEC-2015,2015,DEC,FR_dec_2015.pdf,N16000144,POWER 42 SYSTEM STRENGTHENING - XVII IN SOUTHERN REGIONAL GRID (POWER GRID CORPORATION OF INDIA LIMITED),POWER GRID CORPORATION OF INDIA LIMITED,,03/2015,,03/2015,1508.74,,1508.74,0.0,0.0,1211.48,80.3,80.3,0.0,0.0,Low,On Schedule,,Power & Renewable Energy,Multi-State / Central,1.0,0.803,7.32,0,36.0,On Schedule,0,Low,1129
MAR-2015,2015,MAR,FR_march_2015.pdf,N18000138,AUGMENTION OF TRANSFORMERS IN NORTHEN REGION - PART A (POWER GRID CORPORATION OF INDIA LIMITED),POWER GRID CORPORATION OF INDIA LIMITED,,10/2014,,10/2014,156.04,,156.04,0.0,0.0,92.86,59.51,59.51,0.0,0.0,Low,On Schedule,,Power & Renewable Energy,Multi-State / Central,1.0,0.595,5.057,0,36.0,On Schedule,0,Low,1130
MAR-2015,2015,MAR,FR_march_2015.pdf,N22000192,NEW BG LINE FROM DUDHNOI-MENDIPATAR (NORTH EAST FRONTIER RAILWAY),NORTH EAST FRONTIER RAILWAY,,-,,-,175.43,,248.12,72.69,41.44,248.12,100.0,141.44,41.44,0.0,High,General Execution Delay,,Railways,Multi-State / Central,1.414,1.414,5.173,1,36.0,On Schedule,0,High,1131
MAR-2015,2015,MAR,FR_march_2015.pdf,N22000052,63 HARNOUT -SET.UP OF W/S TO UND. POH OF UP TO50 COAC. WS AND PU (WORKSHOPS & PRODUCTION UNIT),WORKSHOPS & PRODUCTION UNIT,,-,,-,98.74,,286.19,187.45,189.84,286.19,100.0,289.84,189.84,0.0,High,General Execution Delay,,Other Infrastructure,Uttar Pradesh,2.898,2.898,4.603,1,36.0,On Schedule,0,High,1132
MAR-2015,2015,MAR,FR_march_2015.pdf,N22000053,CHHAPRA-SETTING UP OF WHEEL MANUFACTURING PLANT (WORKSHOPS & PRODUCTION UNIT),WORKSHOPS & PRODUCTION UNIT,,-,,-,470.09,,1252.62,782.53,166.46,1252.62,100.0,266.46,166.46,0.0,High,General Execution Delay,,Other Infrastructure,Uttar Pradesh,2.665,2.665,6.155,1,36.0,On Schedule,0,High,1133
MAR-2015,2015,MAR,FR_march_2015.pdf,N24000226,2-LANING WITH PAVED SHOLDERS OF MULTAI CHHINDWARA SEONI SEC (NATIONAL HIGHWAYS AUTHORITY OF INDIA),NATIONAL HIGHWAYS AUTHORITY OF INDIA,,10/2014,,10/2014,1565.0,,1592.0,27.0,1.73,1592.0,100.0,101.73,1.73,0.0,Low,On Schedule,,Road Transport & Highways,Multi-State / Central,1.017,1.017,7.356,0,36.0,On Schedule,0,Low,1134
MAR-2015,2015,MAR,FR_march_2015.pdf,N16000101,WAX PROJECT (NUMALIGARH REFINERY LIMITED),NUMALIGARH REFINERY LIMITED,,12/2013,,12/2013,576.6,,606.52,29.92,5.19,606.52,100.0,105.19,5.19,0.0,Low,On Schedule,,Petroleum & Natural Gas,Assam,1.052,1.052,6.359,0,36.0,On Schedule,0,Low,1135
MAR-2015,2015,MAR,FR_march_2015.pdf,N16000112,PETROCHEMICAL COMPLEX-II AT VIJAYPUR AND PATA (GAS AUTHORITY OF INDIA LIMITED),GAS AUTHORITY OF INDIA LIMITED,,02/2014,,02/2014,8140.0,,8140.0,0.0,0.0,7494.38,92.07,92.07,0.0,0.0,Low,On Schedule,,Petroleum & Natural Gas,Multi-State / Central,1.0,0.921,9.005,0,36.0,On Schedule,0,Low,1136
MAR-2015,2015,MAR,FR_march_2015.pdf,N18000150,CONSTRUCTION OF 2 FGS IN CHABUA AND BAGHJAN (OIL INDIA LIMITED),OIL INDIA LIMITED,,06/2012,,06/2012,126.18,,126.18,0.0,0.0,71.73,56.85,56.85,0.0,0.0,Low,On Schedule,,Petroleum & Natural Gas,Multi-State / Central,1.0,0.568,4.846,0,36.0,On Schedule,0,Low,1137
MAR-2015,2015,MAR,FR_march_2015.pdf,N18000120,SYSTEM STRENGTHENING IN WARDHA-AURANGABAD CORRIDOR FOR IPP PROJECTS IN CHATTISGARH (POWER GRID CORPORATION OF INDIA LIMITED),POWER GRID CORPORATION OF INDIA LIMITED,,02/2015,,02/2015,1310.85,,1310.85,0.0,0.0,1078.43,82.27,82.27,0.0,0.0,Low,On Schedule,,Power & Renewable Energy,Multi-State / Central,1.0,0.823,7.179,0,36.0,On Schedule,0,Low,1138
MAR-2015,2015,MAR,FR_march_2015.pdf,N18000137,SYSTEM STRENGTHENING -XIX IN SOUTHERN REGIONAL GRID (POWER GRID CORPORATION OF INDIA LIMITED),POWER GRID CORPORATION OF INDIA LIMITED,,12/2014,,12/2014,1935.35,,1935.35,0.0,0.0,1222.68,63.18,63.18,0.0,0.0,Low,On Schedule,,Power & Renewable Energy,Multi-State / Central,1.0,0.632,7.569,0,36.0,On Schedule,0,Low,1139
MAR-2015,2015,MAR,FR_march_2015.pdf,N18000139,COMMON TRANSMISSION SCHEME WITH ISSG PROJECTS IN NAGAPATTINAM/CUDDALOR OF TAMIL NADU - PART A1 (POWER GRID CORPORATION OF INDIA LIMITED),POWER GRID CORPORATION OF INDIA LIMITED,,10/2014,,10/2014,182.8,,182.8,0.0,0.0,129.93,71.08,71.08,0.0,0.0,Low,On Schedule,,Power & Renewable Energy,Tamil Nadu,1.0,0.711,5.214,0,36.0,On Schedule,0,Low,1140
MAR-2015,2015,MAR,FR_march_2015.pdf,N28000048,"C/O OFFICE BUILDING FOR IDBI AT BANDRA KURLA COMPLEX,MUMBAI (CENTRAL PUBLIC WORKS DEPARTMENT)",CENTRAL PUBLIC WORKS DEPARTMENT,,04/2009,,04/2009,114.18,,114.18,0.0,0.0,0.01,0.01,0.01,0.0,0.0,Low,On Schedule,,Other Infrastructure,Maharashtra,1.0,0.0,4.746,0,36.0,On Schedule,0,Low,1141
MAR-2015,2015,MAR,FR_march_2015.pdf,N25000061,ACQUISITION OF ONE (1) NOS. OF 3500 TEU CELLULAR CONTAINER (SHIPPING CRP. OF INDIA),1,,01/2013,,01/2013,220.49,,220.49,0.0,0.0,47.32,21.46,21.46,0.0,0.0,Low,On Schedule,,Other Infrastructure,Multi-State / Central,1.0,0.215,5.4,0,36.0,On Schedule,0,Low,1142
MAR-2015,2015,MAR,FR_march_2015.pdf,N25000062,ACQUISITION OF SIX (6) NOS. OF ANCHOR HANDLING TUG CUM SUPPLY (SHIPPING CRP. OF INDIA),6,,03/2014,,03/2014,511.87,,511.87,0.0,0.0,106.72,20.85,20.85,0.0,0.0,Low,On Schedule,,Other Infrastructure,Multi-State / Central,1.0,0.208,6.24,0,36.0,On Schedule,0,Low,1143
MAR-2015,2015,MAR,FR_march_2015.pdf,N26000058,GSM EQUIPMENT OF 283000 LINES (2G) AND 75000 LINES (3G) IN UTTRANCHAL (BHARAT SANCHAR NIGAM LIMITED),2G,,06/2009,,06/2009,149.15,,149.15,0.0,0.0,86.34,57.89,57.89,0.0,0.0,Low,On Schedule,,Other Infrastructure,Multi-State / Central,1.0,0.579,5.012,0,36.0,On Schedule,0,Low,1144
MAR-2015,2015,MAR,FR_march_2015.pdf,N12000038,STEEL 48 COKE OVEN BATTERY NO. 4 PHASE-II (RASTRIYA ISPAT NIGAM LIMITED),RASTRIYA ISPAT NIGAM LIMITED,,09/2008,,09/2008,108.0,,168.1,60.1,55.65,168.1,100.0,155.65,55.65,0.0,High,General Execution Delay,,Other Infrastructure,Multi-State / Central,1.556,1.556,4.691,1,36.0,On Schedule,0,High,1145
MAR-2015,2015,MAR,FR_march_2015.pdf,N12000051,EXPANSION OF IISCO STEEL PLANT (STEEL AUTHORITY OF INDIA LIMITED (SAIL)),SAIL,,12/2011,,12/2011,14443.0,,16640.88,2197.88,15.22,16640.88,100.0,115.22,15.22,0.0,Medium,General Execution Delay,,Other Infrastructure,Multi-State / Central,1.152,1.152,9.578,1,36.0,On Schedule,0,Medium,1146
MAR-2015,2015,MAR,FR_march_2015.pdf,N12000056,EXPANSION OF ROURKELA STEEL PLANT (STEEL AUTHORITY OF INDIA LIMITED (SAIL)),SAIL,,03/2013,,03/2013,11812.0,,11812.0,0.0,0.0,11681.8,98.9,98.9,0.0,0.0,Low,On Schedule,,Other Infrastructure,Multi-State / Central,1.0,0.989,9.377,0,36.0,On Schedule,0,Low,1147
MAR-2015,2015,MAR,FR_march_2015.pdf,N16000068,DIESEL HYDROTREATOR PROJECT AT VISAKH REFINERY (HINDUSTAN PETROLEUM CORPORATION LIMITED),HINDUSTAN PETROLEUM CORPORATION LIMITED,,09/2011,,09/2011,3597.0,,3597.0,0.0,0.0,2299.22,63.92,63.92,0.0,0.0,Low,On Schedule,,Power & Renewable Energy,Multi-State / Central,1.0,0.639,8.188,0,36.0,On Schedule,0,Low,1148
MAR-2015,2015,MAR,FR_march_2015.pdf,N16000113,POLYPROPYLENE UNIT (MANGALORE REFINERY AND PETROCHEMICALS LIMITED),MANGALORE REFINERY AND PETROCHEMICALS LIMITED,,07/2012,,07/2012,1803.78,,1803.78,0.0,0.0,995.25,55.18,55.18,0.0,0.0,Low,On Schedule,,Petroleum & Natural Gas,Karnataka,1.0,0.552,7.498,0,36.0,On Schedule,0,Low,1149
MAR-2015,2015,MAR,FR_march_2015.pdf,N18000146,GAS TURBINE GENERATION SET (OIL INDIA LIMITED),OIL INDIA LIMITED,,10/2011,,10/2011,216.88,,216.88,0.0,0.0,187.14,86.29,86.29,0.0,0.0,Low,On Schedule,,Petroleum & Natural Gas,Multi-State / Central,1.0,0.863,5.384,0,36.0,On Schedule,0,Low,1150
MAR-2015,2015,MAR,FR_march_2015.pdf,N18000149,CENTRAL GAS GATHERING STATION AND OFFTAKE POINT (OIL INDIA LIMITED),OIL INDIA LIMITED,,06/2012,,06/2012,144.02,,161.88,17.86,12.4,161.88,100.0,112.4,12.4,0.0,Low,On Schedule,,Petroleum & Natural Gas,Multi-State / Central,1.124,1.124,4.977,0,36.0,On Schedule,0,Low,1151
MAR-2015,2015,MAR,FR_march_2015.pdf,N18000024,RAMPUR HEP(412 MW) (SATLUJ JAL VIDYUT NIGAM LIMITED),412 MW,,03/2012,,03/2012,2047.03,,3350.71,1303.68,63.69,3350.71,100.0,163.69,63.69,0.0,High,General Execution Delay,,Power & Renewable Energy,Multi-State / Central,1.637,1.637,7.625,1,36.0,On Schedule,0,High,1152
MAR-2015,2015,MAR,FR_march_2015.pdf,N18000065,SUPPLIMENTARY TRANSMISSION ASSOCIATED WITH DVC AND MAITHON RBC (POWER GRID CORPORATION OF INDIA LIMITED),POWER GRID CORPORATION OF INDIA LIMITED,,08/2012,,08/2012,2360.95,,2360.95,0.0,0.0,2150.11,91.07,91.07,0.0,0.0,Low,On Schedule,,Power & Renewable Energy,Multi-State / Central,1.0,0.911,7.767,0,36.0,On Schedule,0,Low,1153
MAR-2015,2015,MAR,FR_march_2015.pdf,N18000069,765 KV POOLING STATION AND NETWORK WITH DVC AND MAITHOB RBC (POWER GRID CORPORATION OF INDIA LIMITED),POWER GRID CORPORATION OF INDIA LIMITED,,08/2012,,08/2012,7075.33,,7075.33,0.0,0.0,6413.96,90.65,90.65,0.0,0.0,Low,On Schedule,,Power & Renewable Energy,Multi-State / Central,1.0,0.907,8.865,0,36.0,On Schedule,0,Low,1154
MAR-2015,2015,MAR,FR_march_2015.pdf,N24000147,AMRITSAR-PATHANKOT (NATIONAL HIGHWAYS AUTHORITY OF INDIA),NATIONAL HIGHWAYS AUTHORITY OF INDIA,,11/2012,,11/2012,705.0,,2208.0,1503.0,213.19,2208.0,100.0,313.19,213.19,0.0,High,General Execution Delay,,Road Transport & Highways,Punjab,3.132,3.132,6.56,1,36.0,On Schedule,0,High,1155
MAR-2015,2015,MAR,FR_march_2015.pdf,N25000049,MECHANIZATION OF COAL HANDLING FACILITIES TO 200000 DWT VESSELS ON DBFOT BASIS (PORT TRUST),PORT TRUST,,06/2010,,06/2010,444.1,,444.1,0.0,0.0,0.01,0.0,0.0,0.0,0.0,Low,On Schedule,,Coal & Mines,Multi-State / Central,1.0,0.0,6.098,0,36.0,On Schedule,0,Low,1156
MAR-2015,2015,MAR,FR_march_2015.pdf,N18000118,POWER 60 TR SYSTEM FOR ESTABLISHMENT OF 400/220 KV GIS SUBSTATION AT MAGARWADA IN UT DD (POWER GRID CORPORATION OF INDIA LIMITED),POWER GRID CORPORATION OF INDIA LIMITED,,01/2014,,01/2014,259.28,,259.28,0.0,0.0,210.02,81.0,81.0,0.0,0.0,Low,On Schedule,,Power & Renewable Energy,Multi-State / Central,1.0,0.81,5.562,0,36.0,On Schedule,0,Low,1157
MAR-2015,2015,MAR,FR_march_2015.pdf,N18000111,COMMON SYSTEM ASSOCIATED WITH ISGS PROJECTS IN KRISHNAPATTNAM OF ANDHRA PRADESH(PGCIL) (POWER GRID CORPORATION OF INDIA LIMITED),PGCIL,,08/2014,,08/2014,1637.34,,1637.34,0.0,0.0,1499.95,91.61,91.61,0.0,0.0,Low,On Schedule,,Power & Renewable Energy,Andhra Pradesh,1.0,0.916,7.401,0,36.0,On Schedule,0,Low,1158
MAR-2015,2015,MAR,FR_march_2015.pdf,N26000100,SUPPLY INSTALLATION TESTING AND COMMISSIONING OF RURAL WIMAX NETWORK PHASE-II (BHARAT SANCHAR NIGAM LIMITED),BHARAT SANCHAR NIGAM LIMITED,,05/2011,,05/2011,1148.19,,1148.19,0.0,0.0,251.27,21.88,21.88,0.0,0.0,Low,On Schedule,,Other Infrastructure,Multi-State / Central,1.0,0.219,7.047,0,36.0,On Schedule,0,Low,1159
MAR-2015,2015,MAR,FR_march_2015.pdf,N16000138,PETROLEUM 34 PIPELINE FOR TRANSFER OF LPG FROM BPCR/HPCR TO URAN LPG PLANT (BHARAT PETROLEUM CORPORATION LIMITED),BHARAT PETROLEUM CORPORATION LIMITED,,08/2012,,08/2012,246.81,,263.59000000000003,16.78,6.8,263.59,100.0,106.8,6.8,0.0,Low,On Schedule,,Petroleum & Natural Gas,Multi-State / Central,1.068,1.068,5.513,0,36.0,On Schedule,0,Low,1160
MAR-2015,2015,MAR,FR_march_2015.pdf,N18000107,INTEGRATION OF POOLING STATION IN CHATTISGARH WITH CENTRAL PART OF WR FOR IPP GENERATION PROJECTS IN(POWER GRID CORPORATION OF INDIA LIMITED),POWER GRID CORPORATION OF INDIA LIMITED,,12/2013,,12/2013,1391.97,,1472.35,80.38,5.77,1472.35,100.0,105.77,5.77,0.0,Low,On Schedule,,Power & Renewable Energy,Multi-State / Central,1.058,1.058,7.239,0,36.0,On Schedule,0,Low,1161
MAR-2015,2015,MAR,FR_march_2015.pdf,N18000121,TRANSMISSION SYS ASSOCIATED WITH KRISHNAPATNAM UMPP- PART C1 (POWER GRID CORPORATION OF INDIA LIMITED),POWER GRID CORPORATION OF INDIA LIMITED,,08/2014,,08/2014,324.33,,324.33,0.0,0.0,211.36,65.17,65.17,0.0,0.0,Low,On Schedule,,Power & Renewable Energy,Bihar,1.0,0.652,5.785,0,36.0,On Schedule,0,Low,1162
MAR-2015,2015,MAR,FR_march_2015.pdf,N25000003,DEEPENING AND WIDENING OF MUMBAI HARBOUR CHANNEL AND JNPT CHANNEL (PORT TRUST),PORT TRUST,,10/2008,,10/2008,800.0,,800.0,0.0,0.0,9.7,1.21,1.21,0.0,0.0,Low,On Schedule,,Ports & Shipping,Maharashtra,1.0,0.012,6.686,0,36.0,On Schedule,0,Low,1163
MAR-2015,2015,MAR,FR_march_2015.pdf,N25000004,DEEPENING OF CHANNEL AT PARADIP PORT (PORT TRUST),PORT TRUST,,-,,-,154.84,,247.89,93.05,60.09,247.89,100.0,160.09,60.09,0.0,High,General Execution Delay,,Ports & Shipping,Odisha,1.601,1.601,5.049,1,36.0,On Schedule,0,High,1164
MAR-2015,2015,MAR,FR_march_2015.pdf,N25000014,ACQUISITION OF 4 NO. OF ANCHOR HANDLING CUM SUPPLY VESSELS (SHIPPING CRP. OF INDIA),SHIPPING CRP. OF INDIA,,04/2011,,04/2011,359.44,,359.44,0.0,0.0,218.0,60.65,60.65,0.0,0.0,Low,On Schedule,,Other Infrastructure,Multi-State / Central,1.0,0.606,5.887,0,36.0,On Schedule,0,Low,1165
MAR-2015,2015,MAR,FR_march_2015.pdf,N25000037,"CONSTRUCTION OF BERTHING AND ALLIED FACILITIES OFF TEKRA NEAR TUNA,KANDLA PORT TRUST (PORT TRUST)",PORT TRUST,,02/2011,,02/2011,882.0,,1098.0,216.0,24.49,1098.0,100.0,124.49,24.49,0.0,Medium,General Execution Delay,,Coal & Mines,Gujarat,1.245,1.245,6.783,1,36.0,On Schedule,0,Medium,1166
MAR-2015,2015,MAR,FR_march_2015.pdf,N25000043,ACQUISITION OF TWO NOS. OF 3060 DWT (SHIPPING CRP. OF INDIA),SHIPPING CRP. OF INDIA,,12/2011,,12/2011,277.03,,277.03,0.0,0.0,263.08,94.96,94.96,0.0,0.0,Low,On Schedule,,Other Infrastructure,Multi-State / Central,1.0,0.95,5.628,0,36.0,On Schedule,0,Low,1167
MAR-2015,2015,MAR,FR_march_2015.pdf,N25000051,ACQUISITION OF 4 NOS OF 82000 DWT KAMSAVMAX BULK CARRIERS FROM M/S JIANGSU EASTERN HEAVY INDUSTRIES (SHIPPING CRP. OF INDIA),SHIPPING CRP. OF INDIA,,12/2012,,12/2012,612.72,,612.72,0.0,0.0,513.36,83.78,83.78,0.0,0.0,Low,On Schedule,,Other Infrastructure,Multi-State / Central,1.0,0.838,6.42,0,36.0,On Schedule,0,Low,1168
MAR-2015,2015,MAR,FR_march_2015.pdf,N25000052,ACQUISTION OF THREE(3) NOS OF 6500TEU CELLULAR CONTAINER VESSELS FROM M/S STX SHIPBUILDING CO. LTD. (SHIPPING CRP. OF INDIA),3,,12/2013,,12/2013,1028.1,,1028.1,0.0,0.0,554.6,53.94,53.94,0.0,0.0,Low,On Schedule,,Other Infrastructure,Multi-State / Central,1.0,0.539,6.936,0,36.0,On Schedule,0,Low,1169
MAR-2015,2015,MAR,FR_march_2015.pdf,N25000053,ACQUISITION OF TWO(2) NOS. OF 317000 DWT VERY LARGE CRUDE CARRIERS FROM M/S JIANGSU RONGSHENG HEAVY (SHIPPING CRP. OF INDIA),2,,02/2014,,02/2014,966.46,,966.46,0.0,0.0,427.54,44.24,44.24,0.0,0.0,Low,On Schedule,,Petroleum & Natural Gas,Multi-State / Central,1.0,0.442,6.875,0,36.0,On Schedule,0,Low,1170
JUL-2015,2015,JUL,July-Sep-2015.pdf,N04000065,GAGAN PROJECT (AIRPORT AUTHORITY OF INDIA LIMITED),AIRPORT AUTHORITY OF INDIA LIMITED,,06/2013,,06/2013,626.0,,626.0,0.0,0.0,483.53,77.24,77.24,0.0,0.0,Low,On Schedule,,Civil Aviation,Multi-State / Central,1.0,0.772,6.441,0,36.0,On Schedule,0,Low,1171
AUG-2015,2015,AUG,FR_aug_2015.pdf,N04000065,CIVIL AVIATION 18 GAGAN PROJECT (AIRPORT AUTHORITY OF INDIA LIMITED),AIRPORT AUTHORITY OF INDIA LIMITED,,06/2013,,06/2013,626.0,,626.0,0.0,0.0,483.53,77.24,77.24,0.0,0.0,Low,On Schedule,,Civil Aviation,Multi-State / Central,1.0,0.772,6.441,0,36.0,On Schedule,0,Low,1172
AUG-2015,2015,AUG,FR_aug_2015.pdf,060100087,TPS-II EXPANSION (1470MW TO 1970MW) (NLC) (NEYVELI LIGNITE CORPORATION),1470MW TO 1970MW,,06/2009,,06/2009,2030.78,,3215.91,1185.13,58.36,3215.91,100.0,158.36,58.36,0.0,High,General Execution Delay,,Coal & Mines,Multi-State / Central,1.584,1.584,7.617,1,36.0,On Schedule,0,High,1173
MAR-2015,2015,MAR,FR_march_2015.pdf,N18000048,MOUDA STPP (NATIONAL THERMAL POWER CORPORATION),NATIONAL THERMAL POWER CORPORATION,,08/2012,,08/2012,5459.28,,5459.28,0.0,0.0,4056.0,74.3,74.3,0.0,0.0,Low,On Schedule,,Power & Renewable Energy,Multi-State / Central,1.0,0.743,8.605,0,36.0,On Schedule,0,Low,1174
MAR-2015,2015,MAR,FR_march_2015.pdf,N18000072,VINDHYACHAL STTP STAGE-IV (NATIONAL THERMAL POWER CORPORATION),NATIONAL THERMAL POWER CORPORATION,,10/2012,,10/2012,5915.0,,5915.0,0.0,0.0,3401.0,57.5,57.5,0.0,0.0,Low,On Schedule,,Power & Renewable Energy,Multi-State / Central,1.0,0.575,8.685,0,36.0,On Schedule,0,Low,1175
MAR-2015,2015,MAR,FR_march_2015.pdf,N18000073,RIHAND STTP STAGE-III (2X500MW) (NATIONAL THERMAL POWER CORPORATION),2X500MW,,10/2012,,10/2012,6230.81,,6230.81,0.0,0.0,4357.0,69.93,69.93,0.0,0.0,Low,On Schedule,,Power & Renewable Energy,Multi-State / Central,1.0,0.699,8.737,0,36.0,On Schedule,0,Low,1176
JUL-2015,2015,JUL,FR_july_2015.pdf,N18000130,SYSTEM STRENGTHENING-XVIII IN SOUTHERN REGION GRID (POWER GRID CORPORATION OF INDIA LIMITED),POWER GRID CORPORATION OF INDIA LIMITED,,11/2014,,11/2014,1263.26,,1263.26,0.0,0.0,1131.58,89.58,89.58,0.0,0.0,Low,On Schedule,,Power & Renewable Energy,Multi-State / Central,1.0,0.896,7.142,0,36.0,On Schedule,0,Low,1177
JUL-2015,2015,JUL,FR_july_2015.pdf,N25000035,"ENNORE MANALI EXPRESS WAY,F/O SPECIAL PURPOSE VEHICLE (SPV) (PORT TRUST)",SPV,,03/2006,,03/2006,150.0,,150.0,0.0,0.0,139.8,93.2,93.2,0.0,0.0,Low,On Schedule,,Ports & Shipping,Himachal Pradesh,1.0,0.932,5.017,0,36.0,On Schedule,0,Low,1178
JUL-2015,2015,JUL,FR_july_2015.pdf,N25000060,SETTING UP OF SINGLE POINT MOORING (SPM) AND ALLIED FACILITIES OFF VEERA IN GULF OF KUTCH ON BOT BAS(PORT TRUST),SPM,,05/2013,,05/2013,830.0,,830.0,0.0,0.0,0.01,0.0,0.0,0.0,0.0,Low,On Schedule,,Coal & Mines,Uttar Pradesh,1.0,0.0,6.723,0,36.0,On Schedule,0,Low,1179
MAR-2015,2015,MAR,FR_march_2015.pdf,N26000073,"IMPLEMENTATION OF FTTH, THE STATE OF THE ART ACCESS NETWORK,PROCUREMENT OF GEPON EQUIPMENT (BHARAT SANCHAR NIGAM LIMITED)",BHARAT SANCHAR NIGAM LIMITED,,03/2010,,03/2010,152.65,,152.65,0.0,0.0,29.05,19.03,19.03,0.0,0.0,Low,On Schedule,,Other Infrastructure,Multi-State / Central,1.0,0.19,5.035,0,36.0,On Schedule,0,Low,1180
MAR-2015,2015,MAR,FR_march_2015.pdf,N26000088,GSM EQUIPMENT OF 799000LINES (2G) 101000 LINES 3(G) JHARKHANDPHASE V.1 TELECOM CIRCLE (BHARAT SANCHAR NIGAM LIMITED),2G,,03/2009,,03/2009,328.13,,328.13,0.0,0.0,164.58,50.16,50.16,0.0,0.0,Low,On Schedule,,Other Infrastructure,Jharkhand,1.0,0.502,5.796,0,36.0,On Schedule,0,Low,1181
MAR-2015,2015,MAR,FR_march_2015.pdf,N26000090,GSM EQUIPMENT OF 1625000LINES (2G) 325000 LINES 3(G) MP PHASE V.1 TELECOM CIRCLE (BHARAT SANCHAR NIGAM LIMITED),2G,,11/2010,,11/2010,916.7,,916.7,0.0,0.0,828.48,90.38,90.38,0.0,0.0,Low,On Schedule,,Other Infrastructure,Multi-State / Central,1.0,0.904,6.822,0,36.0,On Schedule,0,Low,1182
JUL-2015,2015,JUL,FR_july_2015.pdf,N16000170,PETROLEUM 1 KOTA JOBNER PIPELINE PROJECT (BHARAT PETROLEUM CORPORATION LIMITED),BHARAT PETROLEUM CORPORATION LIMITED,,12/2015,,12/2015,276.26,,276.26,0.0,0.0,241.63,87.46,87.46,0.0,0.0,Low,On Schedule,,Petroleum & Natural Gas,Rajasthan,1.0,0.875,5.625,0,36.0,On Schedule,0,Low,1183
JUL-2015,2015,JUL,FR_july_2015.pdf,N24000127,"PUNE-SHOLAPUR,PKG1 (NATIONAL HIGHWAYS AUTHORITY OF INDIA)",NATIONAL HIGHWAYS AUTHORITY OF INDIA,,05/2012,,05/2012,1110.0,,1802.0,692.0,62.34,1802.0,100.0,162.34,62.34,0.0,High,General Execution Delay,,Road Transport & Highways,Maharashtra,1.623,1.623,7.013,1,36.0,On Schedule,0,High,1184
JUL-2015,2015,JUL,FR_july_2015.pdf,N16000033,PETROLEUM 3 DEVELOPMENT OF B-193 CLUSTER FIELDS (OIL & NATURAL GAS CORPORATION LIMITED),OIL & NATURAL GAS CORPORATION LIMITED,,08/2010,,08/2010,3248.78,,5933.42,2684.64,82.64,5933.42,100.0,182.64,82.64,0.0,High,General Execution Delay,,Petroleum & Natural Gas,Multi-State / Central,1.826,1.826,8.086,1,36.0,On Schedule,0,High,1185
JUL-2015,2015,JUL,FR_july_2015.pdf,N16000104,DEVELOPMENT OF CLUSTER-7 FIELDS (OIL & NATURAL GAS CORPORATION LIMITED),OIL & NATURAL GAS CORPORATION LIMITED,,03/2013,,03/2013,4550.4,,4550.4,0.0,0.0,2583.55,56.78,56.78,0.0,0.0,Low,On Schedule,,Petroleum & Natural Gas,Multi-State / Central,1.0,0.568,8.423,0,36.0,On Schedule,0,Low,1186
JUL-2015,2015,JUL,FR_july_2015.pdf,N16000137,PIPELINE REPLACEMENT PROJECT-3 (OIL & NATURAL GAS CORPORATION LIMITED),OIL & NATURAL GAS CORPORATION LIMITED,,05/2014,,05/2014,2547.26,,2547.26,0.0,0.0,1412.08,55.44,55.44,0.0,0.0,Low,On Schedule,,Petroleum & Natural Gas,Multi-State / Central,1.0,0.554,7.843,0,36.0,On Schedule,0,Low,1187
JUL-2015,2015,JUL,FR_july_2015.pdf,N18000127,IMMEDIATE EVACUATION SYSTEM WITH BARH-II TPS (POWER GRID CORPORATION OF INDIA LIMITED),POWER GRID CORPORATION OF INDIA LIMITED,,08/2014,,08/2014,901.77,,945.2,43.43,4.82,945.2,100.0,104.82,4.82,0.0,Low,On Schedule,,Power & Renewable Energy,Multi-State / Central,1.048,1.048,6.805,0,36.0,On Schedule,0,Low,1188
JUL-2015,2015,JUL,FR_july_2015.pdf,N26000062,"ASSAM TELECOM CIRCLE, PHASE-V.I, 2G & 3G (BHARAT SANCHAR NIGAM LIMITED)",BHARAT SANCHAR NIGAM LIMITED,,01/2009,,01/2009,336.81,,336.81,0.0,0.0,199.37,59.19,59.19,0.0,0.0,Low,On Schedule,,Other Infrastructure,Assam,1.0,0.592,5.822,0,36.0,On Schedule,0,Low,1189
MAR-2015,2015,MAR,FR_march_2015.pdf,N06000019,COAL 1 BINA EXTN. PROJ(6.0 MTPA) (NORTHERN COAL FIELDS LIMITED),6.0 MTPA,,03/2014,,03/2014,168.97,,168.97,0.0,0.0,67.53,39.97,39.97,0.0,0.0,Low,On Schedule,,Coal & Mines,Multi-State / Central,1.0,0.4,5.136,0,36.0,On Schedule,0,Low,1190
MAR-2015,2015,MAR,FR_march_2015.pdf,180100250,PARBATI H.E.P. STAGE -III (NHPC) (NATIONAL HYDRO-ELECTRIC POWER CORPORATION),NHPC,,10/2010,,10/2010,2304.56,,2349.46,44.9,1.95,2349.46,100.0,101.95,1.95,0.0,Low,On Schedule,,Power & Renewable Energy,Multi-State / Central,1.019,1.019,7.743,0,36.0,On Schedule,0,Low,1191
MAR-2015,2015,MAR,FR_march_2015.pdf,N16000039,PETROLEUM 3 MUMBAI HIGH SOUTH REDEVELOPMENT PH-2 (OIL & NATURAL GAS CORPORATION LIMITED),OIL & NATURAL GAS CORPORATION LIMITED,,05/2010,,05/2010,5713.03,,5713.03,0.0,0.0,3918.86,68.6,68.6,0.0,0.0,Low,On Schedule,,Petroleum & Natural Gas,Maharashtra,1.0,0.686,8.651,0,36.0,On Schedule,0,Low,1192
MAR-2015,2015,MAR,FR_march_2015.pdf,N16000046,DEVELOPMENT OF B-46 CLUSTER FIELD (OIL & NATURAL GAS CORPORATION LIMITED),OIL & NATURAL GAS CORPORATION LIMITED,,07/2010,,07/2010,1436.21,,1436.21,0.0,0.0,1165.53,81.15,81.15,0.0,0.0,Low,On Schedule,,Petroleum & Natural Gas,Multi-State / Central,1.0,0.812,7.27,0,36.0,On Schedule,0,Low,1193
MAR-2015,2015,MAR,FR_march_2015.pdf,N16000060,MUMBAI HIGH NORTH DEVELOPMENT PHASE-II (OIL & NATURAL GAS CORPORATION LIMITED),OIL & NATURAL GAS CORPORATION LIMITED,,09/2012,,09/2012,7133.39,,7133.39,0.0,0.0,2795.5,39.19,39.19,0.0,0.0,Low,On Schedule,,Petroleum & Natural Gas,Maharashtra,1.0,0.392,8.873,0,36.0,On Schedule,0,Low,1194
OCT-2015,2015,OCT,FR_oct_2015.pdf,N16000132,HEERA AND SOUTH HEERA REDEVELOPMENT PH-II (OIL & NATURAL GAS CORPORATION LIMITED),OIL & NATURAL GAS CORPORATION LIMITED,,05/2015,,05/2015,5608.4,,5608.4,0.0,0.0,4457.47,79.48,79.48,0.0,0.0,Low,On Schedule,,Petroleum & Natural Gas,Multi-State / Central,1.0,0.795,8.632,0,36.0,On Schedule,0,Low,1195
MAR-2015,2015,MAR,FR_march_2015.pdf,N22000083,"CONSTRUCTION OF NEW LINE FROM HARMATI- ITANAGAR/NARHARIAGUN, NEFR (NORTH EAST FRONTIER RAILWAY)",NORTH EAST FRONTIER RAILWAY,,-,,-,156.0,,424.43,268.43,172.07,424.43,100.0,272.07,172.07,0.0,High,General Execution Delay,,Railways,Arunachal Pradesh,2.721,2.721,5.056,1,36.0,On Schedule,0,High,1196
MAR-2015,2015,MAR,FR_march_2015.pdf,240106236,VIJAYAPUR TO PATHANKOT (NS-35/J AND K) NH-1A KM.50 TO KM.80 (NATIONAL HIGHWAYS AUTHORITY OF INDIA),NATIONAL HIGHWAYS AUTHORITY OF INDIA,,03/2008,,03/2008,166.27,,200.4,34.13,20.53,200.4,100.0,120.53,20.53,0.0,Medium,General Execution Delay,,Road Transport & Highways,Multi-State / Central,1.205,1.205,5.12,1,36.0,On Schedule,0,Medium,1197
MAR-2015,2015,MAR,FR_march_2015.pdf,N24000157,CHITRADURGA-TUMKUR(NH-4) (NATIONAL HIGHWAYS AUTHORITY OF INDIA),NATIONAL HIGHWAYS AUTHORITY OF INDIA,,-,,-,839.0,,839.0,0.0,0.0,692.5,82.54,82.54,0.0,0.0,Low,On Schedule,,Road Transport & Highways,Multi-State / Central,1.0,0.825,6.733,0,36.0,On Schedule,0,Low,1198
MAR-2015,2015,MAR,FR_march_2015.pdf,N12000069,01/2010 294.84 13 330 TPH BOILER-6 AND AUXILIARY SYSTEM (RASTRIYA ISPAT NIGAM LIMITED),RASTRIYA ISPAT NIGAM LIMITED,,12/2009,,12/2009,260.0,,260.75,0.75,0.29,260.75,100.0,100.29,0.29,0.0,Low,On Schedule,,Petroleum & Natural Gas,Multi-State / Central,1.003,1.003,5.565,0,36.0,On Schedule,0,Low,1199
MAR-2015,2015,MAR,FR_march_2015.pdf,N16000023,DEVELOPMENT OF C-SERIES FIELDS (OIL & NATURAL GAS CORPORATION LIMITED),OIL & NATURAL GAS CORPORATION LIMITED,,12/2008,,12/2008,3195.16,,3886.15,690.99,21.63,3886.15,100.0,121.63,21.63,0.0,Medium,General Execution Delay,,Petroleum & Natural Gas,Multi-State / Central,1.216,1.216,8.07,1,36.0,On Schedule,0,Medium,1200
MAR-2015,2015,MAR,FR_march_2015.pdf,N16000032,DEVELOPMENT OF B-22 CLUSTER FIELDS (OIL & NATURAL GAS CORPORATION LIMITED),OIL & NATURAL GAS CORPORATION LIMITED,,09/2010,,09/2010,2323.4,,2323.4,0.0,0.0,1916.1,82.47,82.47,0.0,0.0,Low,On Schedule,,Petroleum & Natural Gas,Multi-State / Central,1.0,0.825,7.751,0,36.0,On Schedule,0,Low,1201
OCT-2015,2015,OCT,FR_oct_2015.pdf,N18000093,TRANSMISSION SYSTEM FOR PHASE-I GENERATION PROJECTS IN ORISSA-PART B (POWER GRID CORPORATION OF INDIA LIMITED),POWER GRID CORPORATION OF INDIA LIMITED,,12/2013,,12/2013,2743.19,,2827.0,83.81,3.06,2827.0,100.0,103.06,3.06,0.0,Low,On Schedule,,Power & Renewable Energy,Odisha,1.031,1.031,7.917,0,36.0,On Schedule,0,Low,1202
OCT-2015,2015,OCT,FR_oct_2015.pdf,N28000057,FARIDABAD EXTENSION (DELHI METRO RAIL CORPORATION LTD),DELHI METRO RAIL CORPORATION LTD,,09/2014,,09/2014,2494.0,,2494.0,0.0,0.0,1311.53,52.59,52.59,0.0,0.0,Low,On Schedule,,Railways,Haryana,1.0,0.526,7.822,0,36.0,On Schedule,0,Low,1203
MAR-2015,2015,MAR,FR_march_2015.pdf,N16000069,DIESEL HYDROTREATOR PROJECT AT MUMBAI REFINERY (HINDUSTAN PETROLEUM CORPORATION LIMITED),HINDUSTAN PETROLEUM CORPORATION LIMITED,,09/2011,,09/2011,3284.0,,3284.0,0.0,0.0,1916.3,58.35,58.35,0.0,0.0,Low,On Schedule,,Power & Renewable Energy,Maharashtra,1.0,0.584,8.097,0,36.0,On Schedule,0,Low,1204
MAR-2015,2015,MAR,FR_march_2015.pdf,N16000086,ADDITIONAL DEV. OF D-1 FIELD (OIL & NATURAL GAS CORPORATION LIMITED),OIL & NATURAL GAS CORPORATION LIMITED,,06/2012,,06/2012,2163.64,,2182.31,18.67,0.86,2182.31,100.0,100.86,0.86,0.0,Low,On Schedule,,Petroleum & Natural Gas,Multi-State / Central,1.009,1.009,7.68,0,36.0,On Schedule,0,Low,1205
MAR-2015,2015,MAR,FR_march_2015.pdf,N18000106,TRANSMISSION SYSTEM FOR CONNECTIVITY OF MB POWER LIMITED (POWER GRID CORPORATION OF INDIA LIMITED),POWER GRID CORPORATION OF INDIA LIMITED,,10/2013,,10/2013,425.51,,425.51,0.0,0.0,386.32,90.79,90.79,0.0,0.0,Low,On Schedule,,Power & Renewable Energy,Multi-State / Central,1.0,0.908,6.056,0,36.0,On Schedule,0,Low,1206
MAR-2015,2015,MAR,FR_march_2015.pdf,N26000041,GSM EQUIPMENT OF 390K LINES(2G) AND 130K LINES(3G) PH-5.1 PUNJAB (BHARAT SANCHAR NIGAM LIMITED),2G,,12/2008,,12/2008,373.94,,373.94,0.0,0.0,227.58,60.86,60.86,0.0,0.0,Low,On Schedule,,Other Infrastructure,Punjab,1.0,0.609,5.927,0,36.0,On Schedule,0,Low,1207
MAR-2015,2015,MAR,FR_march_2015.pdf,N26000072,"IMPLEMENTATION OF FTTH, THE STATE OF THE ART ACCESS NETWORK.PROCUREMENT OF GPON EQUIPMANT (BHARAT SANCHAR NIGAM LIMITED)",BHARAT SANCHAR NIGAM LIMITED,,03/2010,,03/2010,952.88,,952.88,0.0,0.0,20.0,2.1,2.1,0.0,0.0,Low,On Schedule,,Other Infrastructure,Multi-State / Central,1.0,0.021,6.861,0,36.0,On Schedule,0,Low,1208
OCT-2015,2015,OCT,FR_oct_2015.pdf,N12000053,STEEL 15 AUGMENTATION OF IRON ORE STORAGE IN RMHP (RASTRIYA ISPAT NIGAM LIMITED),RASTRIYA ISPAT NIGAM LIMITED,,09/2009,,09/2009,480.0,,480.0,0.0,0.0,388.52,80.94,80.94,0.0,0.0,Low,On Schedule,,Other Infrastructure,Multi-State / Central,1.0,0.809,6.176,0,36.0,On Schedule,0,Low,1209
OCT-2015,2015,OCT,FR_oct_2015.pdf,N16000163,SURAT PARADIP PIPELINE PROJECT (GAS AUTHORITY OF INDIA LIMITED),GAS AUTHORITY OF INDIA LIMITED,,04/2015,,04/2015,10281.0,,10281.0,0.0,0.0,1.49,0.01,0.01,0.0,0.0,Low,On Schedule,,Petroleum & Natural Gas,Odisha,1.0,0.0,9.238,0,36.0,On Schedule,0,Low,1210
MAR-2015,2015,MAR,FR_march_2015.pdf,N16000070,PETROLEUM 24 KARANPUR MORADABAD-KASHIPUR-RUDRAPUR PIPELINE PROJECT PHASE-I (GAS AUTHORITY OF INDIA LIMITED),GAS AUTHORITY OF INDIA LIMITED,,01/2012,,01/2012,238.68,,293.12,54.44,22.81,293.12,100.0,122.81,22.81,0.0,Medium,General Execution Delay,,Petroleum & Natural Gas,Multi-State / Central,1.228,1.228,5.479,1,36.0,On Schedule,0,Medium,1211
MAR-2015,2015,MAR,FR_march_2015.pdf,N16000152,SINGLE POINT MOORING FACILITY(SMP) PROJECT (MANGALORE REFINERY AND PETROCHEMICALS LIMITED),SMP,,04/2012,,04/2012,1043.57,,1043.57,0.0,0.0,648.92,62.18,62.18,0.0,0.0,Low,On Schedule,,Petroleum & Natural Gas,Karnataka,1.0,0.622,6.951,0,36.0,On Schedule,0,Low,1212
MAR-2015,2015,MAR,FR_march_2015.pdf,N25000048,SETTING UP OF LNG REGASIFICATION TERMINAL AT PUTHUVYPEEN COCHIN (PORT TRUST),PORT TRUST,,01/2012,,01/2012,3500.0,,3661.95,161.95,4.63,3661.95,100.0,104.63,4.63,0.0,Low,On Schedule,,Civil Aviation,Uttar Pradesh,1.046,1.046,8.161,0,36.0,On Schedule,0,Low,1213
MAR-2015,2015,MAR,FR_march_2015.pdf,N04000037,CIVIL AVIATION 27 C/O INTEGRATED PASSENGER TER. BULD. NSCBI AIRPORT (AIRPORT AUTHORITY OF INDIA LIMITED),AIRPORT AUTHORITY OF INDIA LIMITED,,05/2011,,05/2011,1942.51,,2573.92,631.41,32.5,2573.92,100.0,132.5,32.5,0.0,Medium,General Execution Delay,,Civil Aviation,Multi-State / Central,1.325,1.325,7.572,1,36.0,On Schedule,0,Medium,1214
MAR-2015,2015,MAR,FR_march_2015.pdf,N04000038,D/O KAMARAJ DOMESTIC TER-PH-II AND EXP. ANNA INT. TER BLDG(K1) (AIRPORT AUTHORITY OF INDIA LIMITED),K1,,01/2011,,01/2011,1808.0,,1939.2,131.2,7.26,1939.2,100.0,107.26,7.26,0.0,Low,On Schedule,,Civil Aviation,Multi-State / Central,1.073,1.073,7.501,0,36.0,On Schedule,0,Low,1215
MAR-2015,2015,MAR,FR_march_2015.pdf,N16000094,PETROLEUM 29 DBNPL SPURLINE (UTTRANCHAL AND PUNJAB) (GAS AUTHORITY OF INDIA LIMITED),UTTRANCHAL AND PUNJAB,,06/2011,,06/2011,540.92,,540.92,0.0,0.0,340.94,63.03,63.03,0.0,0.0,Low,On Schedule,,Other Infrastructure,Punjab,1.0,0.63,6.295,0,36.0,On Schedule,0,Low,1216
MAR-2015,2015,MAR,FR_march_2015.pdf,N16000114,MRPL PHASE-III EXPANSION (MANGALORE REFINERY AND PETROCHEMICALS LIMITED),MANGALORE REFINERY AND PETROCHEMICALS LIMITED,,01/2012,,01/2012,12412.0,,12412.0,0.0,0.0,12205.74,98.34,98.34,0.0,0.0,Low,On Schedule,,Petroleum & Natural Gas,Karnataka,1.0,0.983,9.426,0,36.0,On Schedule,0,Low,1217
MAR-2015,2015,MAR,FR_march_2015.pdf,N18000063,TR. SYSTEM ASSOCIATED WITH RAMPUR HEP (POWER GRID CORPORATION OF INDIA LIMITED),POWER GRID CORPORATION OF INDIA LIMITED,,11/2011,,11/2011,184.19,,184.19,0.0,0.0,165.67,89.95,89.95,0.0,0.0,Low,On Schedule,,Power & Renewable Energy,Multi-State / Central,1.0,0.899,5.221,0,36.0,On Schedule,0,Low,1218
OCT-2015,2015,OCT,FR_oct_2015.pdf,N04000070,CIVIL AVIATION 35 DEVELOPMENT OF CHANDIGARH INTERNATIONAL AIRPORT(MOHALI) PH - II (AIRPORT AUTHORITY OF INDIA LIMITED),MOHALI,,03/2015,,03/2015,452.0,,452.0,0.0,0.0,449.41,99.43,99.43,0.0,0.0,Low,On Schedule,,Civil Aviation,Multi-State / Central,1.0,0.994,6.116,0,36.0,On Schedule,0,Low,1219
OCT-2015,2015,OCT,FR_oct_2015.pdf,120100067,EXPANSION OF LIQUID STEEL CAPACITY FROM 3MT TO 6.3MT (RINL) (RASTRIYA ISPAT NIGAM LIMITED),RINL,,10/2009,,10/2009,8692.0,,11483.12,2791.12,32.11,11483.12,100.0,132.11,32.11,0.0,Medium,General Execution Delay,,Other Infrastructure,Multi-State / Central,1.321,1.321,9.07,1,36.0,On Schedule,0,Medium,1220
OCT-2015,2015,OCT,FR_oct_2015.pdf,N12000087,CAPTIVE POWER PLANT - 2 (RASTRIYA ISPAT NIGAM LIMITED),RASTRIYA ISPAT NIGAM LIMITED,,09/2013,,09/2013,677.0,,677.0,0.0,0.0,537.19,79.35,79.35,0.0,0.0,Low,On Schedule,,Power & Renewable Energy,Multi-State / Central,1.0,0.793,6.519,0,36.0,On Schedule,0,Low,1221
OCT-2015,2015,OCT,FR_oct_2015.pdf,N16000119,102 MW WIND POWER PROJECT (OIL & NATURAL GAS CORPORATION LIMITED),OIL & NATURAL GAS CORPORATION LIMITED,,06/2012,,06/2012,1106.0,,1106.0,0.0,0.0,437.69,39.57,39.57,0.0,0.0,Low,On Schedule,,Power & Renewable Energy,Multi-State / Central,1.0,0.396,7.009,0,36.0,On Schedule,0,Low,1222
OCT-2015,2015,OCT,FR_oct_2015.pdf,180100246,KAIGA 3 AND 4 TRANSMISSION SYSTEM (PGCIL) (POWER GRID CORPORATION OF INDIA LIMITED),PGCIL,,12/2007,,12/2007,588.25,,1020.81,432.56,73.53,1020.81,100.0,173.53,73.53,0.0,High,General Execution Delay,,Power & Renewable Energy,Multi-State / Central,1.735,1.735,6.379,1,36.0,On Schedule,0,High,1223
OCT-2015,2015,OCT,FR_oct_2015.pdf,N12000074,STEEL 9 EXPANSION OF DURGAPUR STEEL PLANT (STEEL AUTHORITY OF INDIA LIMITED (SAIL)),SAIL,,12/2012,,12/2012,2875.0,,2875.0,0.0,0.0,2640.0,91.83,91.83,0.0,0.0,Low,On Schedule,,Other Infrastructure,Multi-State / Central,1.0,0.918,7.964,0,36.0,On Schedule,0,Low,1224
OCT-2015,2015,OCT,FR_oct_2015.pdf,N12000075,ENHANCEMENT OF PRODUCTION CAPACITY AT BOLANI IRON ORE MINES (STEEL AUTHORITY OF INDIA LIMITED (SAIL)),SAIL,,11/2013,,11/2013,254.55,,254.55,0.0,0.0,135.89,53.38,53.38,0.0,0.0,Low,On Schedule,,Coal & Mines,Multi-State / Central,1.0,0.534,5.543,0,36.0,On Schedule,0,Low,1225
JUL-2015,2015,JUL,July-Sep-2015.pdf,N18000124,SYSTEM STRENGTHENING COMMON FOR WR AND NR (LINE BAYS AND REACTOR PROVISION) (POWER GRID CORPORATION OF INDIA LIMITED),LINE BAYS AND REACTOR PROVISION,,03/2014,,03/2014,213.78,,213.78,0.0,0.0,204.54,95.68,95.68,0.0,0.0,Low,On Schedule,,Power & Renewable Energy,Multi-State / Central,1.0,0.957,5.37,0,36.0,On Schedule,0,Low,1226
JUL-2015,2015,JUL,July-Sep-2015.pdf,N18000154,INTER-REGIONAL SYSTEM STRENGTHENING SCHEME IN WR AND NR (PART-A) (POWER GRID CORPORATION OF INDIA LIMITED),POWER GRID CORPORATION OF INDIA LIMITED,,10/2016,,10/2016,1315.9,,1315.9,0.0,0.0,632.97,48.1,48.1,0.0,0.0,Low,On Schedule,,Power & Renewable Energy,Multi-State / Central,1.0,0.481,7.183,0,36.0,On Schedule,0,Low,1227
JUL-2015,2015,JUL,July-Sep-2015.pdf,N18000156,AGARTALA GAS TURBINE PLANT COMBINED CYCLE EXTENSION PROJECT (51 MW) (NORTH EAST ELECTRIC POWER CORPORATION),51 MW,,12/2014,,12/2014,296.87,,318.66,21.79,7.34,318.66,100.0,107.34,7.34,0.0,Low,On Schedule,,Power & Renewable Energy,Multi-State / Central,1.073,1.073,5.697,0,36.0,On Schedule,0,Low,1228
SEP-2015,2015,SEP,FR_sep_2015.pdf,160100231,DEVELOPMENT OF G1 AND GS-15 (ONGCL) (OIL & NATURAL GAS CORPORATION LIMITED),ONGCL,,04/2006,,04/2006,429.82,,3439.38,3009.56,700.19,3439.38,100.0,800.19,700.19,0.0,High,General Execution Delay,,Petroleum & Natural Gas,Multi-State / Central,8.002,8.002,6.066,1,36.0,On Schedule,0,High,1229
SEP-2015,2015,SEP,FR_sep_2015.pdf,N16000098,"UP-GRADATION OF KONABAN GGS AND PIPELINE GRID PROJECT, TRIPURA (OIL & NATURAL GAS CORPORATION LIMITED)",OIL & NATURAL GAS CORPORATION LIMITED,,08/2012,,08/2012,288.04,,288.04,0.0,0.0,229.16,79.56,79.56,0.0,0.0,Low,On Schedule,,Power & Renewable Energy,Uttar Pradesh,1.0,0.796,5.667,0,36.0,On Schedule,0,Low,1230
SEP-2015,2015,SEP,FR_sep_2015.pdf,N16000123,CONSTRUCTION OF 23 IMMEDIATE SUPPLY VESSELS (ISV) (OIL & NATURAL GAS CORPORATION LIMITED),ISV,,08/2013,,08/2013,331.2,,331.2,0.0,0.0,190.04,57.38,57.38,0.0,0.0,Low,On Schedule,,Petroleum & Natural Gas,Multi-State / Central,1.0,0.574,5.806,0,36.0,On Schedule,0,Low,1231
SEP-2015,2015,SEP,FR_sep_2015.pdf,N16000156,STRATEGIC CRUDE OIL STORAGE PROJECT AT VIZAG (INDIAN STRATEGIC PETROLEUM RESERVES LTD),INDIAN STRATEGIC PETROLEUM RESERVES LTD,,10/2011,,10/2011,672.0,,1082.12,410.12,61.03,1082.12,100.0,161.03,61.03,0.0,High,General Execution Delay,,Petroleum & Natural Gas,Multi-State / Central,1.61,1.61,6.512,1,36.0,On Schedule,0,High,1232
SEP-2015,2015,SEP,FR_sep_2015.pdf,N18000047,BARH STPP STAGE -II (NATIONAL THERMAL POWER CORPORATION),NATIONAL THERMAL POWER CORPORATION,,10/2013,,10/2013,7341.04,,8962.0,1620.96,22.08,8962.0,100.0,122.08,22.08,0.0,Medium,General Execution Delay,,Power & Renewable Energy,Multi-State / Central,1.221,1.221,8.901,1,36.0,On Schedule,0,Medium,1233
SEP-2015,2015,SEP,FR_sep_2015.pdf,N18000076,TRANSMISSION SYSTEM OF VINDHUACHAL -IV AND RIHAND -III GEN. PROJ. (POWER GRID CORPORATION OF INDIA LIMITED),POWER GRID CORPORATION OF INDIA LIMITED,,11/2012,,11/2012,4672.99,,4672.99,0.0,0.0,3769.57,80.67,80.67,0.0,0.0,Low,On Schedule,,Power & Renewable Energy,Multi-State / Central,1.0,0.807,8.45,0,36.0,On Schedule,0,Low,1234
SEP-2015,2015,SEP,FR_sep_2015.pdf,N18000096,TRANSMISSION SYSTEM FOR PHASE-I GEN.PROJ.IN ORISSA PART-C (POWER GRID CORPORATION OF INDIA LIMITED),POWER GRID CORPORATION OF INDIA LIMITED,,03/2014,,03/2014,2569.25,,2876.57,307.32,11.96,2876.57,100.0,111.96,11.96,0.0,Low,On Schedule,,Power & Renewable Energy,Odisha,1.12,1.12,7.852,0,36.0,On Schedule,0,Low,1235
SEP-2015,2015,SEP,FR_sep_2015.pdf,N18000134,VINDHYACHAL STPP STAGE-V (NATIONAL THERMAL POWER CORPORATION),NATIONAL THERMAL POWER CORPORATION,,08/2015,,08/2015,3180.4,,3180.4,0.0,0.0,2042.0,64.21,64.21,0.0,0.0,Low,On Schedule,,Power & Renewable Energy,Multi-State / Central,1.0,0.642,8.065,0,36.0,On Schedule,0,Low,1236
SEP-2015,2015,SEP,FR_sep_2015.pdf,N12000018,STEEL 29 BAILADILA IRON ORE PROJECT DEPOSIT- 11B (NMDC) (NATIONAL MINERAL DEVELOPMENT CORPORATION (NMDC)),NMDC,,12/2011,,12/2011,607.17,,607.17,0.0,0.0,394.89,65.04,65.04,0.0,0.0,Low,On Schedule,,Other Infrastructure,Multi-State / Central,1.0,0.65,6.41,0,36.0,On Schedule,0,Low,1237
SEP-2015,2015,SEP,FR_sep_2015.pdf,N12000055,EXPANSION OF BOKARO STEEL PLANT (STEEL AUTHORITY OF INDIA LIMITED (SAIL)),SAIL,,12/2011,,12/2011,6325.0,,6325.0,0.0,0.0,5256.65,83.11,83.11,0.0,0.0,Low,On Schedule,,Other Infrastructure,Jharkhand,1.0,0.831,8.752,0,36.0,On Schedule,0,Low,1238
JUL-2015,2015,JUL,July-Sep-2015.pdf,N06000047,TUTICORIN THERMAL POWER PROJECT- 2X500 MW (NEYVELI LIGNITE CORPORATION),NEYVELI LIGNITE CORPORATION,,03/2012,,03/2012,4904.54,,6426.43,1521.89,31.03,6426.43,100.0,131.03,31.03,0.0,Medium,General Execution Delay,,Power & Renewable Energy,Multi-State / Central,1.31,1.31,8.498,1,36.0,On Schedule,0,Medium,1239
JUN-2015,2015,JUN,FR_jun_2015.pdf,220100315,"RANGIA-MURKONGSELEK, (GC) ALONG WITH LINKED FINGERS NEFR (NORTH EAST FRONTIER RAILWAY)",GC,,-,,-,915.7,,3198.3,2282.6,249.27,3198.3,100.0,349.27,249.27,0.0,High,General Execution Delay,,Railways,Multi-State / Central,3.493,3.493,6.821,1,36.0,On Schedule,0,High,1240
JUN-2015,2015,JUN,FR_jun_2015.pdf,220100255,GONDA-GORAKHPUR LOOP WITH ANAND NAGAR-NAUTANWA GC (NER) (NORTH EASTERN RAILWAY),NER,,-,,-,863.23,,888.87,25.64,2.97,888.87,100.0,102.97,2.97,0.0,Low,On Schedule,,Railways,Multi-State / Central,1.03,1.03,6.762,0,36.0,On Schedule,0,Low,1241
JUN-2015,2015,JUN,FR_jun_2015.pdf,N18000105,TRANSMISSION SYSTEM FOR IPP GENERATION PROJECTS IN MP AND CHATTISGARH (POWER GRID CORPORATION OF INDIA LIMITED),POWER GRID CORPORATION OF INDIA LIMITED,,12/2013,,12/2013,1366.34,,1366.34,0.0,0.0,1320.96,96.68,96.68,0.0,0.0,Low,On Schedule,,Power & Renewable Energy,Multi-State / Central,1.0,0.967,7.221,0,36.0,On Schedule,0,Low,1242
JUN-2015,2015,JUN,FR_jun_2015.pdf,180100211,KOLDAM HEP (NTPC) (NATIONAL THERMAL POWER CORPORATION),NTPC,,04/2009,,04/2009,4527.15,,6622.0,2094.85,46.27,6622.0,100.0,146.27,46.27,0.0,High,General Execution Delay,,Power & Renewable Energy,Multi-State / Central,1.463,1.463,8.418,1,36.0,On Schedule,0,High,1243
JUN-2015,2015,JUN,FR_jun_2015.pdf,N18000136,NORTHERN REGION SYSTEM STRENGTHENING SCHEME-XXVI (POWER GRID CORPORATION OF INDIA LIMITED),POWER GRID CORPORATION OF INDIA LIMITED,,03/2015,,03/2015,803.34,,803.34,0.0,0.0,593.19,73.84,73.84,0.0,0.0,Low,On Schedule,,Power & Renewable Energy,Multi-State / Central,1.0,0.738,6.69,0,36.0,On Schedule,0,Low,1244
MAR-2025,2025,MAR,FRMarch2025.pdf,N24001366,DABOKA KATHKATI PACKAGE-5,NHIDCL,3-2021,1/2023,N.A.,11/2024,288.85,,288.85,0.0,0.0,247.76,100.0,85.77,-14.23,22.0,Medium,On Schedule / Undocumented,,Other Infrastructure,Multi-State / Central,1.0,0.858,5.669,0,22.0,Administrative & Inter-Agency Coordination,669,Medium,1245
MAR-2025,2025,MAR,FRMarch2025.pdf,N24001368,TULUNGIA-JOGIGHOPA-PAIKAN ROAD PKG-7,NHIDCL,3-2021,1/2024,N.A.,10/2025,286.72,,286.72,0.0,0.0,137.01,71.71,47.79,-23.92,21.0,Medium,On Schedule / Undocumented,,Road Transport & Highways,Multi-State / Central,1.0,0.478,5.662,0,34.0,Land Acquisition & Right of Way,638,Medium,1246
MAR-2025,2025,MAR,FRMarch2025.pdf,N24001408,CONSTRUCTION OF 2-LANE MAJOR BRIDGE INCLUDING APPROACHESOVER BRAHMAPUTRA BETWEEN MAJULI ON NORTH BAN,MoRTH,2-2021,7/2025,N.A.,7/2025,925.47,1019.17,925.47,0.0,0.0,192.5,30.65,20.8,-9.85,0.0,Low,On Schedule,,Road Transport & Highways,Multi-State / Central,1.0,0.208,6.831,0,53.0,On Schedule,0,Low,1247
MAR-2025,2025,MAR,FRMarch2025.pdf,N24001450,DABOKA KATHKATI PACKAGE-6,NHIDCL,9-2021,7/2024,N.A.,5/2025,625.64,,625.64,0.0,0.0,550.6,100.0,88.01,-11.99,10.0,Medium,On Schedule / Undocumented,,Other Infrastructure,Multi-State / Central,1.0,0.88,6.44,0,34.0,Administrative & Inter-Agency Coordination,304,Medium,1248
MAR-2025,2025,MAR,FRMarch2025.pdf,N24001246,4-LANING OF HAPACHARA - TULUNGIA SECTION,NHIDCL,3-2020,12/2022,N.A.,6/2024,220.2,,220.2,0.0,0.0,217.06,97.76,98.57,0.81,18.0,Medium,On Schedule / Undocumented,,Other Infrastructure,Multi-State / Central,1.0,0.986,5.399,0,33.0,Administrative & Inter-Agency Coordination,547,Medium,1249
MAR-2025,2025,MAR,FRMarch2025.pdf,N24002127,SILCHAR VAIRENGTE SAIRANG ROAD PKG-1,NHIDCL,2-2023,7/2026,N.A.,7/2026,1256.9,,1256.9,0.0,0.0,499.58,32.68,39.75,7.07,0.0,Low,On Schedule,,Road Transport & Highways,Assam,1.0,0.397,7.137,0,41.0,On Schedule,0,Low,1250
MAR-2025,2025,MAR,FRMarch2025.pdf,N24002128,SILCHAR VAIRENGTE SAIRANG ROAD PKG-2,NHIDCL,3-2023,8/2026,N.A.,8/2026,1716.21,,1716.21,0.0,0.0,983.58,61.75,57.31,-4.44,0.0,Low,On Schedule,,Road Transport & Highways,Assam,1.0,0.573,7.448,0,41.0,On Schedule,0,Low,1251
MAR-2025,2025,MAR,FRMarch2025.pdf,N24002130,TAMENGLONG- MAHUR ROAD PKG-7,NHIDCL,12-2023,3/2026,N.A.,3/2026,846.82,,846.82,0.0,0.0,377.55,60.42,44.58,-15.84,0.0,Low,On Schedule,,Road Transport & Highways,Multi-State / Central,1.0,0.446,6.743,0,27.0,On Schedule,0,Low,1252
MAR-2025,2025,MAR,FRMarch2025.pdf,N24000319,4 LANING OF JORHAT TO JHANJI SECTION FROM KM. 453.00 TO KM. 491.08 (DESIGN KM 403.200 TO KM 454.240),NHIDCL,6-2015,8/2023,N.A.,4/2025,437.39,,437.39,0.0,0.0,541.08,94.36,123.71,29.35,20.0,Medium,Scope & Design Changes,"Background 4 LANING OF JORHAT TO JHANJI SECTION FROM KM. 453.00 TO KM. 491.08 (DESIGN KM 403.200 TO KM 454.240), ASSAM This Project was approved on June 2015 with Capital Investment of Rs. 437.39 Crores with schedule completion date June 2018.Civil work is in progress 346 CONSTRUCTION OF 2-LANE ROAD",Other Infrastructure,Assam,1.0,1.237,6.083,1,98.0,Administrative & Inter-Agency Coordination,608,Medium,1253
MAR-2025,2025,MAR,FRMarch2025.pdf,N24000320,FOUR LANING OF JHANJHI JN TO DEMOW SECTION FROM KM. 491.050 TO KM. 535.250(DESIGN KM 490.800 TO KM 5,NHIDCL,6-2015,3/2024,N.A.,10/2025,463.49,,463.49,0.0,0.0,478.05,73.48,103.14,29.66,19.0,Medium,Scope & Design Changes,"Background FOUR LANING OF JHANJHI JN TO DEMOW SECTION FROM KM. 491.050 TO KM. 535.250(DESIGN KM 490.800 TO ` KM 5, ASSAM This Project was approved on June 2015 with Capital Investment of Rs. 463.49 Crores with schedule completion date June 2018.Civil work is in progress 345 4 LANING OF JORHAT TO JHA",Road Transport & Highways,Multi-State / Central,1.0,1.031,6.141,1,105.0,Land Acquisition & Right of Way,578,Medium,1254
MAR-2025,2025,MAR,FRMarch2025.pdf,N24000582,4 LANING OF NH-37 SECTION BETWEEN DEMOW TO END OF MORAN BYPASS (FROM KM. 534.800 TO KM. 561.700) O,NHIDCL,1-2016,1/2016,N.A.,4/2025,294.17,,294.17,0.0,0.0,380.19,96.25,129.24,32.99,111.0,High,Fund Constraint & Financing,"Background 4 LANING OF NH-37 SECTION BETWEEN DEMOW TO END OF MORAN BYPASS (FROM KM. 534.800 TO KM. 561.700) O, ASSAM This Project was approved on January 2016 with Capital Investment of Rs. 294.17 Crores. Civil work is in progress. 33 FUNDED ) 2 LANING FROM CHANGLAN",Road Transport & Highways,Multi-State / Central,1.0,1.292,5.688,1,1.0,Fund Constraint & Financial Stress,3374,High,1255
MAR-2025,2025,MAR,FRMarch2025.pdf,N24000583,4 LANING OF NH 37 SECTION BETWEEN END OF MORAN BYPASS TO BOGIBEEL JUNCTION NEAR LAPETKETA (KM. 561,NHIDCL,1-2016,12/2021,N.A.,4/2025,252.0,,330.3,78.3,31.07,215.64,85.81,85.57,-0.24,40.0,High,General Execution Delay,"Background 4 LANING OF NH 37 SECTION BETWEEN END OF MORAN BYPASS TO BOGIBEEL JUNCTION NEAR LAPETKETA (KM. 561, ASSAM This Project was approved on January 2016 with Capital Investment of Rs. 252.00 Crores. CIVIL WORK IS IN PROGRESS. 115 2-LANING WITH PAVED SHOULDER OF",Road Transport & Highways,Multi-State / Central,1.311,0.856,5.533,0,71.0,Land Acquisition & Right of Way,1216,High,1256
MAR-2025,2025,MAR,FRMarch2025.pdf,N24002021,BILASIPURA-GUWAHATI ROAD PKG-8,NHIDCL,3-2023,12/2026,N.A.,12/2026,1457.59,,1457.59,0.0,0.0,517.67,41.82,35.52,-6.3,0.0,Low,On Schedule,,Road Transport & Highways,Assam,1.0,0.355,7.285,0,45.0,On Schedule,0,Low,1257
MAR-2025,2025,MAR,FRMarch2025.pdf,N18000362,DIBANG MULTIPURPOSE PROJECT 2880 MW ARUNACHAL PRADESH,NHPC,2-2023,2/2032,N.A.,2/2032,31876.39,,31876.39,0.0,0.0,3182.93,14.47,9.99,-4.48,0.0,Low,On Schedule,,Power & Renewable Energy,Arunachal Pradesh,1.0,0.1,10.37,0,108.0,On Schedule,0,Low,1258
MAR-2025,2025,MAR,FRMarch2025.pdf,N24001297,CONSTRUCTION OF 2 LANE ROAD OF POTIN TO PANGIN SECTION OF NH 13 FROM KM 163.59 TO KM 206.66 (PACKAGE,MoRTH,3-2019,3/2027,N.A.,3/2027,450.65,,450.65,0.0,0.0,389.68,95.26,86.47,-8.79,0.0,Low,On Schedule,,Road Transport & Highways,Multi-State / Central,1.0,0.865,6.113,0,96.0,On Schedule,0,Low,1259
MAR-2025,2025,MAR,FRMarch2025.pdf,N24002222,HUNLI TO HAYULIANG PKG-1,NHIDCL,2-2024,2/2028,N.A.,2/2028,1262.43,,1262.43,0.0,0.0,0.0,15.0,0.0,-15.0,0.0,Low,On Schedule,,Other Infrastructure,Multi-State / Central,1.0,0.0,7.142,0,48.0,On Schedule,0,Low,1260
MAR-2025,2025,MAR,FRMarch2025.pdf,N24001090,KOLDE TO KHETIYA,MoRTH,1-20177/2019,(N.A.),,12/2023,509.18,,509.18,0.0,0.0,283.1394,935.0,55.61,-879.39,0.0,Low,On Schedule,"Background KOLDE TO KHETIYA, NANDURBAR, MAHARASHTRA Project approved in Jan’2017 with cost of Rs 509.18 and it is to be completed by July",Road Transport & Highways,Multi-State / Central,1.0,0.556,6.235,0,36.0,On Schedule,0,Low,1261
MAR-2025,2025,MAR,FRMarch2025.pdf,N24001095,SATARA MURVAD PILLOV PANDHARPUR,MoRTH,1-2017,(N.A.),,6/2024,388.44,,388.44,0.0,0.0,240.0588,145.0,61.8,-83.2,0.0,Low,On Schedule,"Background SATARA MURVAD PILLOV PANDHARPUR, SATARA, MAHARASHTRA ( - ) 774 WIDENING TO TWO LANE WITH PAVED SHOULDER FROM KM 544.200 TO KM 594.000 OF NH-150A HOSMANE CROSS – PA[N24001156] Location: MANDYA,KARNATAKA Capacity: [] (Units: Cost, Expenditure and Outlays are in Rs. Crore) Date of Approval O",Road Transport & Highways,Multi-State / Central,1.0,0.618,5.965,0,36.0,On Schedule,0,Low,1262
MAR-2025,2025,MAR,FRMarch2025.pdf,N24001097,SELDOH TO PANVAR,MoRTH,7-20185/2020,(N.A.),,5/2020,404.33,404.0,404.33,0.0,0.0,140.6564,938.0,34.79,-903.21,0.0,Low,On Schedule,"Background SELDOH TO PANVAR, NAGPUR, MAHARASHTRA Project approved in July’18 with cost of Rs 404.33 and it is to be completed by May’",Road Transport & Highways,Multi-State / Central,1.0,0.348,6.005,0,36.0,On Schedule,0,Low,1263
MAR-2025,2025,MAR,FRMarch2025.pdf,N24001101,KURUDWADI TO PANDHARPUR,MoRTH,1-20177/2019,(N.A.),,11/2023,307.63,,307.63,0.0,0.0,232.5796,940.0,75.6,-864.4,0.0,Low,On Schedule,"Background KURUDWADI TO PANDHARPUR, SOLAPUR, MAHARASHTRA Project approved in Jan’2017 with cost of Rs 307.63 and it is to be completed by July’19 Ministry Of Statistics and Programme Implementation Infrastructure and Project Monitoring Division Release On 24-Aug",Road Transport & Highways,Multi-State / Central,1.0,0.756,5.732,0,36.0,On Schedule,0,Low,1264
MAR-2025,2025,MAR,FRMarch2025.pdf,N24001106,PEN TO KHOPOLI,MoRTH,3-20183/2018,(N.A.),,1/2024,301.39,302.0,301.39,0.0,0.0,170.1282,942.0,56.45,-885.55,0.0,Low,On Schedule,"Background PEN TO KHOPOLI, MAHARASHTRA Project approved in March’18 with cost of Rs 301.39 and it is to be completed by Dec’",Road Transport & Highways,Multi-State / Central,1.0,0.564,5.712,0,36.0,On Schedule,0,Low,1265
MAR-2025,2025,MAR,FRMarch2025.pdf,N24001111,KOLHA TO NASRATPUR,MoRTH,4-20164/2019,(N.A.),,8/2024,281.78,282.0,281.78,0.0,0.0,77.8387,944.0,27.62,-916.38,0.0,Low,On Schedule,"Background KOLHA TO NASRATPUR, MAHARASHTRA Project approved in April 2016 with cost of Rs 281.78 and it is to be completed by April 2020 Ministry Of Statistics and Programme Implementation Infrastructure and Project Monitoring Division Release On 24-Aug",Road Transport & Highways,Multi-State / Central,1.0,0.276,5.645,0,36.0,On Schedule,0,Low,1266
MAR-2025,2025,MAR,FRMarch2025.pdf,N22000629,NAGPUR- NAGBHIR RAILWAY LINE GAUGE CONVERSION PROJECT,MRIDC,10-20196/2024,(N.A.),,10/2025,1400.0,,2383.0,983.0,70.21,1682.86,85.0,120.2,35.2,0.0,High,On Schedule,,Railways,Maharashtra,1.702,1.202,7.245,1,36.0,On Schedule,0,High,1267
MAR-2025,2025,MAR,FRMarch2025.pdf,N22000358,ITARSI-NAGPUR (BAL.) - 3RD LINE (267 KM),CR,2-20153/2023,(N.A.),,3/2027,2449.91,,2449.91,0.0,0.0,1669.03,48.0,68.13,20.13,0.0,Medium,On Schedule,"Background ITARSI-NAGPUR (BAL.) - 3RD LINE (267 KM), MAHARASHTRA The project was approved on February 2015 with original cost of the project is Rs 2449.91 crore.The anticipated date of commissioning were is March 2023. EW, Major & minor bridges in NGP-TEO (115km) section is in progress. EW-52% done,",Other Infrastructure,Maharashtra,1.0,0.681,7.804,1,36.0,On Schedule,0,Medium,1268
MAR-2025,2025,MAR,FRMarch2025.pdf,N24001124,AURANGABAD TO SILLOD,MoRTH,2-20176/2019,(N.A.),,12/2023,456.32,541.93,456.32,0.0,0.0,355.5494,949.0,77.92,-871.08,0.0,Low,On Schedule,"Background AURANGABAD TO SILLOD, AURANGA",Road Transport & Highways,Multi-State / Central,1.0,0.779,6.125,0,36.0,On Schedule,0,Low,1269
MAR-2025,2025,MAR,FRMarch2025.pdf,N24001125,SILLOD TO FARDAPUR,MoRTH,2-20176/2019,(N.A.),,12/2023,337.46,432.98,337.46,0.0,0.0,335.3091,146.0,99.36,-46.64,0.0,Low,On Schedule,"Background SILLOD TO FARDAPUR,",Road Transport & Highways,Multi-State / Central,1.0,0.994,5.824,0,36.0,On Schedule,0,Low,1270
MAR-2025,2025,MAR,FRMarch2025.pdf,N24001127,KUMBHARI PHTA TO DEULGAON RAJA,MoRTH,2-20176/2019,(N.A.),,2/2024,406.51,,406.51,0.0,0.0,340.2688,952.0,83.7,-868.3,0.0,Low,On Schedule,"Background KUMBHARI PHTA TO DEULGAON RAJA, AURANGABAD, MAHARASHTRA ( - ) Ministry Of Statistics and Programme Implementation Infrastructure and Project Monitoring Division Release On 24-Aug",Road Transport & Highways,Multi-State / Central,1.0,0.837,6.01,0,36.0,On Schedule,0,Low,1271
MAR-2025,2025,MAR,FRMarch2025.pdf,N24001138,PARLI PIMPLA DAHIGUDA,MoRTH,2-20176/2019,(N.A.),,8/2023,205.72,206.0,205.72,0.0,0.0,85.711,955.0,41.66,-913.34,0.0,Low,On Schedule,"Background PARLI PIMPLA DAHIGUDA, MAHARASHTRA Project approved in feb’2017 with cost of Rs 205.72 and it is to be completed by June 2019. 777 CONSTRUCTION OF MAJOR BRIDGE AT KM 180.865 ACROSS RIVER KRISHNA ON NH-167 HAGARI –",Road Transport & Highways,Multi-State / Central,1.0,0.417,5.331,0,36.0,On Schedule,0,Low,1272
MAR-2025,2025,MAR,FRMarch2025.pdf,N24001448,UPGRADATION OF ADHALGAON- JAMKHED SECTION OF NH-548 D FROM KM 132/600 TO KM 195/375 TO TWO LANE WITH,MoRTH,11-20212/2022,(N.A.),,2/2022,223.35,,223.35,0.0,0.0,209.3688,966.0,93.74,-872.26,0.0,Low,On Schedule,,Road Transport & Highways,Multi-State / Central,1.0,0.937,5.413,0,36.0,On Schedule,0,Low,1273
MAR-2025,2025,MAR,FRMarch2025.pdf,N24001493,6L OF KAGAL-SATARA SECTION FROM KM 658.000 TO KM 725.000 OF NH-48 (PKG-II),NHAI,12-202212/2024,(N.A.),,11/2025,1749.86,,1749.86,0.0,0.0,1827.71,65.65,104.45,38.8,0.0,High,On Schedule,,Road Transport & Highways,Multi-State / Central,1.0,1.044,7.468,1,36.0,On Schedule,0,High,1274
MAR-2025,2025,MAR,FRMarch2025.pdf,N24001495,4L OF RATNAGIRI - KOLHAPUR SECTION OF NH-166 FROM KM 0.000 TO KM 19.769 AND KM 31.000 TO KM 67.140 (,NHAI,11-202211/2024,(N.A.),,9/2025,930.0,,930.0,0.0,0.0,361.1774,971.0,38.84,-932.16,0.0,Low,On Schedule,,Road Transport & Highways,Multi-State / Central,1.0,0.388,6.836,0,36.0,On Schedule,0,Low,1275
MAR-2025,2025,MAR,FRMarch2025.pdf,N24001546,6L OF KAGAL-SATARA SECTION FROM KM 592.240 TO KM 658.000 OF NH-48 (PKG-I),NHAI,1-20231/2025,(N.A.),,1/2025,1025.2,,1025.2,0.0,0.0,734.5442,980.0,71.65,-908.35,0.0,Low,On Schedule,,Road Transport & Highways,Multi-State / Central,1.0,0.716,6.934,0,36.0,On Schedule,0,Low,1276
MAR-2025,2025,MAR,FRMarch2025.pdf,N24001907,"CONSTRUCTION OF SIX LANE FLYOVER AT KATRAJ JUNCTION AT KM, 3/880 OF NH 548-DD (VADGAON - KATRAJ - KO",MoRTH,6-20212/2024,(N.A.),,3/2024,169.15,,169.15,0.0,0.0,36.9435,900.0,21.84,-878.16,0.0,Low,On Schedule,,Road Transport & Highways,Multi-State / Central,1.0,0.218,5.137,0,36.0,On Schedule,0,Low,1277
MAR-2025,2025,MAR,FRMarch2025.pdf,N24001909,"STRENGTHING AND WIDINING OF EXISTING CARRIAGEWAY TO 10 M IN KM, 156/160 TO 229/160 (TEMBHURNI - KUSL",MoRTH,11-20216/2024,(N.A.),,6/2024,157.72,,157.72,0.0,0.0,55.3891,142.0,35.12,-106.88,0.0,Low,On Schedule,,Road Transport & Highways,Multi-State / Central,1.0,0.351,5.067,0,36.0,On Schedule,0,Low,1278
MAR-2025,2025,MAR,FRMarch2025.pdf,N24001910,REHABILITATION AND UPGRADATION OF JAMKHED TO SAUTADA SECTION OF NH548 D (FROM KM 195.375 TO KM 208.7,MoRTH,9-20227/2024,(N.A.),,7/2024,157.62,,157.62,0.0,0.0,13.8617,903.0,8.79,-894.21,0.0,Low,On Schedule,,Road Transport & Highways,Multi-State / Central,1.0,0.088,5.067,0,36.0,On Schedule,0,Low,1279
MAR-2025,2025,MAR,FRMarch2025.pdf,N24000584,4-LANNING OF NH17 AND NEW NO. NH66 FROM KM 161/600 TO 205/400 UNDER HYBRID ANNUITY MODE,MoRTH,3-2016,(N.A.),,12/2023,1142.62,1907.03,1142.62,0.0,0.0,1056.08,95.17,92.43,-2.74,0.0,Low,On Schedule,"Background 4-LANNING OF NH17 AND NEW NO. NH66 FROM KM 161/600 TO 205/400 UNDER HYBRID ANNUITY MODE, MAHARASHTRA This Project was approved on March 2016 with Capital Investment of Rs. 1142.62 Crores. DEPT OF ROAD TRANSPORT & HIGHWAYS 301 REHABILITATION AND UP-GRADATION",Road Transport & Highways,Multi-State / Central,1.0,0.924,7.042,0,36.0,On Schedule,0,Low,1280
MAR-2025,2025,MAR,FRMarch2025.pdf,N24000851,CONSTRUCTION OF 8 LANING OF EXISTING 4 LANE VADAPE TO THANE FROM KM 539.202 TO KM 563.000 SECTION OF,NHAI,3-20187/2021,(N.A.),,6/2025,1162.92,1182.87,1182.87,19.95,1.72,372.6358,912.0,32.04,-879.96,0.0,Low,On Schedule,"Background CONSTRUCTION OF 8 LANING OF EXISTING 4 LANE VADAPE TO THANE FROM KM 539.202 TO KM 563.000 SECTION OF, THANE, MAHARASHTRA Physical progress achieved so far is 0%. Out of 20.715 kms only 0.00 kms work has been completed. Anticipated date of completion is 18 Jul 2021 679 SIX LANING OF NH-140",Road Transport & Highways,Maharashtra,1.017,0.32,7.06,0,36.0,On Schedule,0,Low,1281
MAR-2025,2025,MAR,FRMarch2025.pdf,N24002072,IMPROVEMENT OF EXISTING ALIGNMENT OF PANDHARPUR TOWN PART BYPASSED SECTION FROM WAKHARI TO LORD VITT,NHAI,7-202210/2025,(N.A.),,10/2025,150.21,150.21,150.21,0.0,0.0,24.662,914.0,16.42,-897.58,0.0,Low,On Schedule,,Road Transport & Highways,Multi-State / Central,1.0,0.164,5.019,0,36.0,On Schedule,0,Low,1282
MAR-2025,2025,MAR,FRMarch2025.pdf,N16000507,INSTALLATION OF INDEPENDENT DE- AROMATIZED SOLVENTS PRODUCTION FACILITIES AT MUMBAI REFINERY,BPCL,3-20237/2025,(N.A.),,7/2025,405.0,,405.0,0.0,0.0,170.037,839.0,41.98,-797.02,0.0,Low,On Schedule,,Petroleum & Natural Gas,Maharashtra,1.0,0.42,6.006,0,36.0,On Schedule,0,Low,1283
MAR-2025,2025,MAR,FRMarch2025.pdf,N16000519,POL AND LOBS INSTALLATIONS WITH RECEIPT PIPELINES AT RASAYANI,BPCL,5-20235/2026,(N.A.),,5/2026,2585.0,,2585.0,0.0,0.0,402.8351,135.0,15.58,-119.42,0.0,Low,On Schedule,,Petroleum & Natural Gas,Multi-State / Central,1.0,0.156,7.858,0,36.0,On Schedule,0,Low,1284
MAR-2025,2025,MAR,FRMarch2025.pdf,N24001021,AMDI TO SAONER,MoRTH,1-20176/2019,(N.A.),,12/2023,396.91,397.0,396.91,0.0,0.0,289.7999,920.0,73.01,-846.99,0.0,Low,On Schedule,"Background AMDI TO SAONER, NAGPUR, MAHARASHTRA Project approved in Jan’2017 with cost of Rs 396.19 and it is to be completed by Aug’19 Ministry Of Statistics and Programme Implementation Infrastructure and Project Monitoring Division Release On 24-Aug",Road Transport & Highways,Multi-State / Central,1.0,0.73,5.986,0,36.0,On Schedule,0,Low,1285
MAR-2025,2025,MAR,FRMarch2025.pdf,N24001027,SHAHPUR PATGAON SECTION I,MoRTH,1-201812/2019,(N.A.),,3/2024,150.79,,150.79,0.0,0.0,81.147,144.0,53.81,-90.19,0.0,Low,On Schedule,"Background SHAHPUR PATGAON SECTION I, RAIGAD, MAHARASHTRA Project approved in Jan’2018 with cost of Rs 150.79 and it is to be completed by December 2019. Ministry Of Statistics and Programme Implementation Infrastructure and Project Monitoring Division Release On 24-Aug-2020 470 REHABILITATION AND U",Road Transport & Highways,Multi-State / Central,1.0,0.538,5.022,0,36.0,On Schedule,0,Low,1286
MAR-2025,2025,MAR,FRMarch2025.pdf,N24001039,JINTUR TO PARBHANI,MoRTH,1-2017,(N.A.),,12/2023,356.66,,356.66,0.0,0.0,209.488,923.0,58.74,-864.26,0.0,Low,On Schedule,"Background JINTUR TO PARBHANI, AU",Road Transport & Highways,Multi-State / Central,1.0,0.587,5.88,0,36.0,On Schedule,0,Low,1287
MAR-2025,2025,MAR,FRMarch2025.pdf,N24001050,VITA TO NAGAJ,MoRTH,3-201812/2019,(N.A.),,12/2023,304.58,305.0,304.58,0.0,0.0,154.6868,925.0,50.79,-874.21,0.0,Low,On Schedule,"Background VITA TO NAGAJ, MAHARASHTRA Project approved in March’18 with cost of Rs 304.58 and it is to be completed by Dec’ 2019. 510 REHABILITATION AND UPGRADATION",Road Transport & Highways,Multi-State / Central,1.0,0.508,5.722,0,36.0,On Schedule,0,Low,1288
MAR-2025,2025,MAR,FRMarch2025.pdf,N24001058,KARWANDI TO RAJURI,MoRTH,3-201812/2019,(N.A.),,3/2024,276.95,277.0,276.95,0.0,0.0,160.9492,927.0,58.11,-868.89,0.0,Low,On Schedule,"Background KARWANDI TO RAJURI, AURANGABAD, MAHARASHTRA Project approved in March’18 with cost of Rs 276.95 and it is to be completed by Dec’ 2019. 501 2 LANING OF BAMEETHA TO SATNA SECTION OF NH-75 FROM KM. 57+400 TO KM. 155+",Road Transport & Highways,Multi-State / Central,1.0,0.581,5.627,0,36.0,On Schedule,0,Low,1289
MAR-2025,2025,MAR,FRMarch2025.pdf,N24001078,PUNE TO MALE VILLAGE,MoRTH,3-201812/2019,(N.A.),,12/2023,228.31,,228.31,0.0,0.0,100.9798,930.0,44.23,-885.77,0.0,Low,On Schedule,"Background PUNE TO MALE VILLAGE, PUNE, MAHARASHTRA Project approved in March’18 with cost of Rs 228.31 and it is to be completed by Dec’",Road Transport & Highways,Maharashtra,1.0,0.442,5.435,0,36.0,On Schedule,0,Low,1290
MAR-2025,2025,MAR,FRMarch2025.pdf,N24001080,MALE VILLAGE TO PUNE RAIGARH DISTRICT BORDER,MoRTH,3-201812/2019,(N.A.),,10/2023,256.15,,256.15,0.0,0.0,126.6298,932.0,49.44,-882.56,0.0,Low,On Schedule,"Background MALE VILLAGE TO PUNE RAIGARH DISTRICT BORDER, PUNE, MAHARASHTRA Project approved in March’18 with cost of Rs 256.15 and it is to be completed by Dec’",Road Transport & Highways,Maharashtra,1.0,0.494,5.55,0,36.0,On Schedule,0,Low,1291
MAR-2025,2025,MAR,FRMarch2025.pdf,N24001082,PUNE RAIGARH DISTRICT BORDER TO MANGAON,MoRTH,3-201812/2019,(N.A.),,12/2023,223.46,,223.46,0.0,0.0,123.46,100.0,55.25,-44.75,0.0,Low,On Schedule,"Background PUNE RAIGARH DISTRICT BORDER TO MANGAON, RAIGAD, MAHARASHTRA Project approved in March’18 with cost of Rs 223.46 and it is to be completed by Dec’ 2019 Ministry Of Statistics and Programme Implementation Infrastructure and Project Monitoring Division Release On 24-Aug",Road Transport & Highways,Maharashtra,1.0,0.552,5.414,0,36.0,On Schedule,0,Low,1292
MAR-2025,2025,MAR,FRMarch2025.pdf,N22000360,DAUND - MANMAD (236 KM),CR,2-20163/2023,(N.A.),,1/2026,1876.0,,2081.27,205.27,10.94,2629.4,87.0,140.16,53.16,0.0,High,On Schedule,"Background DAUND - MANMAD (236 KM), MAHARASHTRA The project was approved on February 2016 with original cost Rs 1876.00 crore. Anticipated cost of the project is same.The original date of commissioning and anticipated date of commissioning were not provided. DEDICATED FREIGHT CORRI",Other Infrastructure,Multi-State / Central,1.109,1.402,7.537,1,36.0,On Schedule,0,High,1293
MAR-2025,2025,MAR,FRMarch2025.pdf,N22000361,MANMAD - JALGAON - 3RD LINE (160 KM),CR,2-20163/2022,(N.A.),,3/2026,1035.16,,1558.75,523.59,50.58,1614.83,80.0,156.0,76.0,0.0,High,On Schedule,"Background MANMAD - JALGAON - 3RD LINE (160 KM), MAHARASHTRA The project was approved on February 2016 with original cost Rs 1035.16 crore and it is to be completed by March 2024. Proposal for land acquisition of 9.35Ha in 13 villages in Jalgaon District has been submitted to District Collector of J",Other Infrastructure,Multi-State / Central,1.506,1.56,6.943,1,36.0,On Schedule,0,High,1294
MAR-2025,2025,MAR,FRMarch2025.pdf,220100181,AHMEDNAGAR-PARLI VAIJNATH(NL) CR,CR,2-19973/2021,(N.A.),,12/2025,2271.5,,4957.27,2685.77,118.24,4746.88,94.0,208.98,114.98,0.0,High,On Schedule,"Background AHMEDNAGAR-PARLI VAIJNATH(NL) CR, CR, MAHARASHTRA, 261.25 KM The project was approved on February 1997 with original cost Rs 514.68 crore. Anticipated cost of the project is Rs 2271.50 crore.The original date of commissioning and anticipated date of commissioning were not provided. Physic",Other Infrastructure,Multi-State / Central,2.182,2.09,7.729,1,36.0,On Schedule,0,High,1295
MAR-2025,2025,MAR,FRMarch2025.pdf,N22000514,DHULE (BORVIHIR)-NARDANA (UMBRELLA WORK),CR,1-20193/2026,(N.A.),,3/2028,492.76,,1158.99,666.23,135.2,197.065,137.0,39.99,-97.01,0.0,High,On Schedule,,Other Infrastructure,Multi-State / Central,2.352,0.4,6.202,0,36.0,On Schedule,0,High,1296
MAR-2025,2025,MAR,FRMarch2025.pdf,N22000420,RAJNANDGAON - NAGPUR - 3RD LINE (SECR),SECR,9-20163/2023,(N.A.),,12/2025,1908.51,,3544.25,1635.74,85.71,3012.85,90.0,157.86,67.86,0.0,High,On Schedule,"Background RAJNANDGAON - NAGPUR - 3RD LINE (SECR), GONDIYA, MAHARASHTRA The 3rd line project between Rajnandgaon –Nagpur is a capacity augmentation work to de-congest the existing A route. This project is sanctioned in the year 2015-16 for a total length of 228 Km. Covering 48 Km in the State of Chh",Other Infrastructure,Maharashtra,1.857,1.579,7.555,1,36.0,On Schedule,0,High,1297
MAR-2025,2025,MAR,FRMarch2025.pdf,N22000615,BARAMATI - LONAND,CR,2-19993/2027,(N.A.),,3/2027,736.44,,1843.9,1107.46,150.38,655.855,867.0,89.06,-777.94,0.0,High,On Schedule,,Other Infrastructure,Multi-State / Central,2.504,0.891,6.603,0,36.0,On Schedule,0,High,1298
MAR-2025,2025,MAR,FRMarch2025.pdf,N24002069,LANE WITH PAVED SHOULDER (DESIGN LENGTH 8.87 KM) AS REALIGNMENT OF BAKA,NHAI,7-202212/2024,(N.A.),,12/2024,209.29,,209.29,0.0,0.0,140.22,100.0,67.0,-33.0,0.0,Low,On Schedule,,Road Transport & Highways,Multi-State / Central,1.0,0.67,5.348,0,36.0,On Schedule,0,Low,1299
MAR-2025,2025,MAR,FRMarch2025.pdf,N24002200,BALANCE WORKS OF 4 LANE DIVIDED CARRIAGEWAY OF MISSING LINK SECTION OF NH-39 (REWA BYPASS) FROM JUNC,NHAI,4-20244/2026,(N.A.),,4/2026,355.36,,355.36,0.0,0.0,18.5318,797.0,5.21,-791.79,0.0,Low,On Schedule,,Road Transport & Highways,Multi-State / Central,1.0,0.052,5.876,0,36.0,On Schedule,0,Low,1300
MAR-2025,2025,MAR,FRMarch2025.pdf,N22000359,PUNE-MIRAJ-LONDA (467 KM),CR,2-20153/2024,(N.A.),,5/2025,3627.47,3627.0,7037.24,3409.77,94.0,4543.81,84.0,125.26,41.26,0.0,High,On Schedule,"Background PUNE-MIRAJ-LONDA (467 KM), MAHARASHTRA The project was approved on February 2015 with original cost of the project is now reduced to Rs 3627.47 crore. C,Rly length 280 km. Two block sections (13.68km)commissioned in June 2019. Tender for Earthwork, Major & Minor bridge works, Const. of S/",Other Infrastructure,Maharashtra,1.94,1.253,8.197,1,36.0,On Schedule,0,High,1301
MAR-2025,2025,MAR,FRMarch2025.pdf,N24001797,6L OF WAINGANGA BRIDGE - BHANDARA (INCLUDING BHANDARA BYPASS) SECTION FROM KM 485.000 TO KM 499.800,NHAI,10-20211/2024,(N.A.),,4/2025,815.77,,815.77,0.0,0.0,724.8799,874.0,88.86,-785.14,0.0,Low,On Schedule,,Road Transport & Highways,Multi-State / Central,1.0,0.889,6.705,0,36.0,On Schedule,0,Low,1302
MAR-2025,2025,MAR,FRMarch2025.pdf,N24001799,4L OF NAGPUR-KATOL SECTION FROM KM. 13.00 TO KM. 62.900 OF NH-353J,NHAI,2-202110/2023,(N.A.),,9/2025,1166.96,,1251.0,84.04,7.2,1078.48,80.97,92.42,11.45,0.0,Low,On Schedule,,Road Transport & Highways,Maharashtra,1.072,0.924,7.063,0,36.0,On Schedule,0,Low,1303
MAR-2025,2025,MAR,FRMarch2025.pdf,N24001880,REHABILITATION AND UP- GRADATION TO 4 LANE ROAD WITH PAVED SHOULDER CONFIGURATION OF SECTION FROM UND,MoRTH,3-20227/2025,(N.A.),,7/2025,778.18,,778.18,0.0,0.0,135.7827,880.0,17.45,-862.55,0.0,Low,On Schedule,,Road Transport & Highways,Uttar Pradesh,1.0,0.174,6.658,0,36.0,On Schedule,0,Low,1304
MAR-2025,2025,MAR,FRMarch2025.pdf,N24001883,CONSTRUCTION OF 4 LANE FLYOVER AT NAGPUR RTO CHOWK TO NAGPUR UNIVERSITY CAMPUS FROM CH 2/250 TO 5/10,MoRTH,3-20213/2024,(N.A.),,4/2024,478.83,,478.83,0.0,0.0,233.4865,882.0,48.76,-833.24,0.0,Low,On Schedule,,Road Transport & Highways,Maharashtra,1.0,0.488,6.173,0,36.0,On Schedule,0,Low,1305
MAR-2025,2025,MAR,FRMarch2025.pdf,N24001891,BALANCE WORK OF REHABILITATION AND UP- GRADATION TO NH-166F FROM MAHAD JUNCTION (AT KM 123/400 ON NH-,MoRTH,7-202111/2023,(N.A.),,3/2024,256.54,,256.54,0.0,0.0,80.1059,890.0,31.23,-858.77,0.0,Low,On Schedule,,Road Transport & Highways,Uttar Pradesh,1.0,0.312,5.551,0,36.0,On Schedule,0,Low,1306
MAR-2025,2025,MAR,FRMarch2025.pdf,N24001895,REHABILATION AND UPGRADATION TO TWO LANES WITH PAVED SHOULDER CONFIGURATION FROM WATUR TO CHARTHANA,MoRTH,11-20219/2023,(N.A.),,12/2023,228.01,,228.01,0.0,0.0,103.0199,893.0,45.18,-847.82,0.0,Low,On Schedule,,Road Transport & Highways,Multi-State / Central,1.0,0.452,5.434,0,36.0,On Schedule,0,Low,1307
MAR-2025,2025,MAR,FRMarch2025.pdf,N24001904,KOPARGAON TO SAVALI VIHIR SECTION,MoRTH,9-20227/2024,(N.A.),,7/2024,195.38,,195.38,0.0,0.0,29.5919,897.0,15.15,-881.85,0.0,Low,On Schedule,,Road Transport & Highways,Multi-State / Central,1.0,0.151,5.28,0,36.0,On Schedule,0,Low,1308
MAR-2025,2025,MAR,FRMarch2025.pdf,N06000255,NEW MAJARI UG TO OC (3.0 MTY),WCL,9-20223/2027,(N.A.),,3/2027,402.27,,496.38,94.11,23.39,47.9927,819.0,11.93,-807.07,0.0,Medium,On Schedule,,Coal & Mines,Multi-State / Central,1.234,0.119,6.0,0,36.0,On Schedule,0,Medium,1309
MAR-2025,2025,MAR,FRMarch2025.pdf,N06000264,GOKUL EXPANSION OC,WCL,4-20213/2026,(N.A.),,3/2026,309.58,,456.95,147.37,47.6,3.657,822.0,1.18,-820.82,0.0,High,On Schedule,,Coal & Mines,Multi-State / Central,1.476,0.012,5.738,0,36.0,On Schedule,0,High,1310
MAR-2025,2025,MAR,FRMarch2025.pdf,N06000271,AMALGAMATED GAURI PAUNI EXPANSION OC,WCL,3-20243/2030,(N.A.),,3/2030,1225.21,,1428.25,203.04,16.57,52.8317,824.0,4.31,-819.69,0.0,Medium,On Schedule,,Coal & Mines,Multi-State / Central,1.166,0.043,7.112,0,36.0,On Schedule,0,Medium,1311
MAR-2025,2025,MAR,FRMarch2025.pdf,N16000526,MHN TCPP PGC BGC PROJECT (MTPBP),ONGC,2-20245/2026,(N.A.),,5/2026,2329.45,,2354.23,24.78,1.06,500.5533,831.0,21.49,-809.51,0.0,Low,On Schedule,,Other Infrastructure,Multi-State / Central,1.011,0.215,7.754,0,36.0,On Schedule,0,Low,1312
MAR-2025,2025,MAR,FRMarch2025.pdf,N16000534,HP TDAE UNIT IN MUMBAI REFINERY,HPCL,6-20244/2026,(N.A.),,4/2026,240.0,,240.0,0.0,0.0,22.1422,833.0,9.23,-823.77,0.0,Low,On Schedule,,Petroleum & Natural Gas,Maharashtra,1.0,0.092,5.485,0,36.0,On Schedule,0,Low,1313
MAR-2025,2025,MAR,FRMarch2025.pdf,N16000540,LUBE MODERNIZATION AND BOTTOM UPGRADATION PROJECT,HPCL,12-20243/2028,(N.A.),,3/2028,4679.0,,4679.0,0.0,0.0,157.573,835.0,3.37,-831.63,0.0,Low,On Schedule,,Petroleum & Natural Gas,Multi-State / Central,1.0,0.034,8.451,0,36.0,On Schedule,0,Low,1314
MAR-2025,2025,MAR,FRMarch2025.pdf,N22000399,TRIVANDRUM-KANYAKUMARI DOUBLING,SR,2-2015,(N.A.),,12/2027,1431.9,,3785.45,2353.55,164.37,3184.42,42.1,222.39,180.29,0.0,High,On Schedule,"Background TRIVANDRUM-KANYAKUMARI DOUBLING, KERALA Target fixed by Rly Bd - Nagercoil-Kanyakumari-June, 19(as diverted single line). This section was flooded during August, 2018 and work recommenced only During Dec.2018. Additional funds of Rs. 60 Cr. required under Capital head. 4.37ha of land requ",Railways,Multi-State / Central,2.644,2.224,7.267,1,36.0,On Schedule,0,High,1315
MAR-2025,2025,MAR,FRMarch2025.pdf,N22000619,ERNAKULAM-KUMBALAM - PATCH DOUBLING (7.71 KM),SR,12-20103/2028,(N.A.),,12/2026,600.82,,595.39,-5.43,-0.9,272.908,714.0,45.42,-668.58,0.0,Low,On Schedule,,Railways,Multi-State / Central,0.991,0.454,6.4,0,36.0,On Schedule,0,Low,1316
MAR-2025,2025,MAR,FRMarch2025.pdf,N16000452,CONSTRUCTION OF LUBE OIL BLENDING AND FILLING PLANT AT RASAYANI,BPCL,5-20223/2024,(N.A.),,9/2024,423.39,,423.39,0.0,0.0,233.2174,844.0,55.08,-788.92,0.0,Low,On Schedule,,Petroleum & Natural Gas,Multi-State / Central,1.0,0.551,6.051,0,36.0,On Schedule,0,Low,1317
MAR-2025,2025,MAR,FRMarch2025.pdf,N16000487,"CGD PROJECT AT BEED, JALGAON AND JALNA DISTRICTS",IOCL,3-20223/2030,(N.A.),,9/2031,865.0,,865.0,0.0,0.0,54.812,846.0,6.34,-839.66,0.0,Low,On Schedule,,Petroleum & Natural Gas,Multi-State / Central,1.0,0.063,6.764,0,36.0,On Schedule,0,Low,1318
MAR-2025,2025,MAR,FRMarch2025.pdf,N16000442,DEBOTTLENECKING AND AUGMENTATION OF CRYOGENIC FACILITIES AT URAN LPG IMPORT TERMINAL,BPCL,4-20216/2024,(N.A.),,4/2025,1164.69,,1164.69,0.0,0.0,791.2376,848.0,67.94,-780.06,0.0,Low,On Schedule,,Petroleum & Natural Gas,Multi-State / Central,1.0,0.679,7.061,0,36.0,On Schedule,0,Low,1319
MAR-2025,2025,MAR,FRMarch2025.pdf,N18000335,BIKANER SOLAR POWER PROJECT,SJVN,4-20225/2024,(N.A.),,9/2025,5491.89,532.0,5491.89,0.0,0.0,3839.51,71.25,69.91,-1.34,0.0,Low,On Schedule,,Power & Renewable Energy,Multi-State / Central,1.0,0.699,8.611,0,36.0,On Schedule,0,Low,1320
MAR-2025,2025,MAR,FRMarch2025.pdf,N22000250,WARDHA-SEWAGRAM NGP 3RD LINE,CR,4-20123/2022,(N.A.),,2/2026,540.02,,540.02,0.0,0.0,710.6772,853.0,131.6,-721.4,0.0,Low,On Schedule,"Background WARDHA-SEWAGRAM NGP 3RD LINE, MAHARASHTRA The project was approved on April 2012 with original cost Rs 297.85 crore. Anticipated cost of the project is now Rs 540.02 crore.The anticipated date of commissioning is March 2024. Present Status: E/W for formation & const. of major and minor br",Other Infrastructure,Uttar Pradesh,1.0,1.316,6.293,0,36.0,On Schedule,0,Low,1321
MAR-2025,2025,MAR,FRMarch2025.pdf,N22000362,WARDHA - NAGPUR - 4TH LINE (76 KM),CR,2-20163/2023,(N.A.),,5/2025,637.95,,637.95,0.0,0.0,925.357,856.0,145.05,-710.95,0.0,Low,On Schedule,"Background WARDHA - NAGPUR - 4TH LINE (76 KM), MAHARASHTRA The project was approved on February 2016 with original cost Rs 637.95 crore. EW for formation & construction of major & minor bridges is in progress. 7/12 major bridges completed & 5nos in progress. 36 minor bridges completed, 4 nos in prog",Other Infrastructure,Maharashtra,1.0,1.451,6.46,0,36.0,On Schedule,0,Low,1322
MAR-2025,2025,MAR,FRMarch2025.pdf,N22000231,WARDHA-NANDED MAHARASHTRA,CR,4-20083/2023,(N.A.),,3/2027,3168.29,,3445.34,277.05,8.74,2990.05,47.0,94.37,47.37,0.0,High,On Schedule,"Background WARDHA-NANDED MAHARASHTRA, MAHARASHTRA The project was approved on April 2008 with original cost Rs 3168.29 crore. The anticipated date of commissioning is March 2023. Present status: - Detailed estimate Rs. 2501.05 crore sent to Rly. Board for sanction. - Work on 1 important bridge, 4 ma",Other Infrastructure,Maharashtra,1.087,0.944,8.061,1,36.0,On Schedule,0,High,1323
MAR-2025,2025,MAR,FRMarch2025.pdf,N22000356,WARDHA-BALHARSHAH - 3RD LINE (132 KM),CR,2-20153/2022,(N.A.),,3/2026,1272.19,,1384.72,112.53,8.85,1433.66,67.0,112.69,45.69,0.0,High,On Schedule,"Background WARDHA-BALHARSHAH - 3RD LINE (132 KM), MAHARASHTRA The project was approved on February 2015 with original cost 1272.00 crore.The anticipated date of commissioning is March 2023. Chitoda to Sonegaon (13.18 km) completed and section commissioned on 02.05.19. Tender for Earthwork & minor br",Other Infrastructure,Multi-State / Central,1.088,1.127,7.149,1,36.0,On Schedule,0,High,1324
MAR-2025,2025,MAR,FRMarch2025.pdf,N24001765,"ADDITIONAL WORKS (2VUPS, MR- 10 JUNCTION FLYOVER AND UNDERPASS) IN SIX LANE INDORE-DEWAS SECTION OF N",NHAI,8-20227/2024,(N.A.),,12/2025,207.77,,207.77,0.0,0.0,60.5244,774.0,29.13,-744.87,0.0,Low,On Schedule,,Road Transport & Highways,Madhya Pradesh,1.0,0.291,5.341,0,36.0,On Schedule,0,Low,1325
MAR-2025,2025,MAR,FRMarch2025.pdf,N24001962,"CONSTRUCTION OF MIHONA BYPASS, LAHAR BYPASS, DABOH BYPASS and BHANDER BYPASS (TOTAL LENGTH 20.60 KM)",MoRTH,3-202212/2024,(N.A.),,3/2025,179.19,,179.19,0.0,0.0,109.9196,780.0,61.34,-718.66,0.0,Low,On Schedule,,Road Transport & Highways,Multi-State / Central,1.0,0.613,5.194,0,36.0,On Schedule,0,Low,1326
MAR-2025,2025,MAR,FRMarch2025.pdf,N24001967,4L GREENFIELD RUDHI TO DESHGAON (PKG V OF BETUL- KHANDWA/DESHGAON) - N/04015/06003/MP,NHAI,11-201810/2025,(N.A.),,10/2025,521.21,,521.21,0.0,0.0,98.2337,785.0,18.85,-766.15,0.0,Low,On Schedule,,Road Transport & Highways,Multi-State / Central,1.0,0.188,6.258,0,36.0,On Schedule,0,Low,1327
MAR-2025,2025,MAR,FRMarch2025.pdf,N24002018,REHABILITATION AND UPGRADATION TO 2-LANE WITH PAVED SHOULDER CONFIGURATION OF JIRAPUR- SUSNER-MP-RJ B,MoRTH,1-20223/2025,(N.A.),,3/2025,239.72,232.22,232.22,-7.5,-3.13,203.7,100.0,84.97,-15.03,0.0,Low,On Schedule,,Road Transport & Highways,Multi-State / Central,0.969,0.85,5.484,0,36.0,On Schedule,0,Low,1328
MAR-2025,2025,MAR,FRMarch2025.pdf,N24002020,"CONSTRUCTION OF KAITHI- PADARIA KALA BYPASS, PATNA- TAMOLI BYPASS, JASO BYPASS , NAGOD BYPASS (TOTAL L",MoRTH,3-202210/2025,(N.A.),,10/2025,158.36,158.0,158.36,0.0,0.0,53.053,790.0,33.5,-756.5,0.0,Low,On Schedule,,Road Transport & Highways,Bihar,1.0,0.335,5.071,0,36.0,On Schedule,0,Low,1329
MAR-2025,2025,MAR,FRMarch2025.pdf,N24002068,CONSTRUCTION OF 4-LANE FROM BARELA TO MANEGAON SECTION OF NH-30 FROM DESIGN CH. 2.900 TO DESIGN CH.,NHAI,12-20223/2025,(N.A.),,12/2025,652.33,,652.33,0.0,0.0,334.3465,792.0,51.25,-740.75,0.0,Low,On Schedule,,Road Transport & Highways,Multi-State / Central,1.0,0.513,6.482,0,36.0,On Schedule,0,Low,1330
MAR-2025,2025,MAR,FRMarch2025.pdf,N42000006,"CONSTRUCTION OF PERMANENT CAMPUS FOR INDIAN INSTITUTE OF TECHNOLOGY, DHARWAD (PHASE 1A)",CPWD EDUCATION,7-20193/2022,(N.A.),,3/2023,851.0,851.0,851.0,0.0,0.0,888.6698,630.0,104.43,-525.57,0.0,Low,On Schedule,,Other Infrastructure,Multi-State / Central,1.0,1.044,6.748,0,36.0,On Schedule,0,Low,1331
MAR-2025,2025,MAR,FRMarch2025.pdf,N16000509,POWER SYSTEM UPGRADATION PROJECT,MANGALORE REFIN,10-20232/2026,(N.A.),,2/2026,385.0,,385.0,0.0,0.0,119.4045,632.0,31.01,-600.99,0.0,Low,On Schedule,,Power & Renewable Energy,Karnataka,1.0,0.31,5.956,0,36.0,On Schedule,0,Low,1332
MAR-2025,2025,MAR,FRMarch2025.pdf,N24001614,,NHAI,2-202211/2024,(N.A.),,11/2024,524.84,,524.84,0.0,0.0,2339.69,50.0,445.79,395.79,0.0,High,On Schedule,,Road Transport & Highways,Multi-State / Central,1.0,4.458,6.265,1,36.0,On Schedule,0,High,1333
MAR-2025,2025,MAR,FRMarch2025.pdf,N24001616,2L PS OF SATNA - MAIHAR SECTION OF NH-135BG FROM KM 80.800 TO KM 120.125,NHAI,1-202110/2023,(N.A.),,2/2025,428.04,,428.04,0.0,0.0,351.52,100.0,82.12,-17.88,0.0,Low,On Schedule,,Road Transport & Highways,Multi-State / Central,1.0,0.821,6.062,0,36.0,On Schedule,0,Low,1334
MAR-2025,2025,MAR,FRMarch2025.pdf,N04000096,"EXTENSION OF RUNWAY WITH BLAST PAD, RESA, TAXIWAY, APRON, GSE AREA, ISOLATION BAY, NEW DOMESTIC TERM",AAI,6-201712/2020,(N.A.),,4/2024,255.68,,270.0,14.32,5.6,267.86,100.0,104.76,4.76,0.0,Low,On Schedule,,Civil Aviation,Multi-State / Central,1.056,1.048,5.548,0,36.0,On Schedule,0,Low,1335
MAR-2025,2025,MAR,FRMarch2025.pdf,N06000132,AMALGAMATED YEKONA-I YEKONA-II,WCL,8-20153/2025,(N.A.),,3/2025,727.28,,727.28,0.0,0.0,530.0286,807.0,72.88,-734.12,0.0,Low,On Schedule,"Background AMALGAMATED YEKONA-I YEKONA-II, CHANDERPUR, MAHARASHTRA his project having capacity of 2.75 MTY was approved in August 2015 with approved cost as Rs 727.28 Crores.In the Project it is proposed to be worked by outsourcing option for both coal and OB. The project has a extractable reserve o",Coal & Mines,Multi-State / Central,1.0,0.729,6.591,0,36.0,On Schedule,0,Low,1336
MAR-2025,2025,MAR,FRMarch2025.pdf,N06000206,SASTI EXPANSION OC,WCL,8-20203/2026,(N.A.),,3/2026,319.04,,371.59,52.55,16.47,68.6424,809.0,21.52,-787.48,0.0,Medium,On Schedule,,Coal & Mines,Multi-State / Central,1.165,0.215,5.768,0,36.0,On Schedule,0,Medium,1337
MAR-2025,2025,MAR,FRMarch2025.pdf,N06000222,DINESH (MAKARDHOKDA-III) OC (8.0 MTY),WCL,2-20203/2027,(N.A.),,3/2027,822.88,,1184.33,361.45,43.92,578.8948,812.0,70.35,-741.65,0.0,High,On Schedule,,Coal & Mines,Multi-State / Central,1.439,0.703,6.714,0,36.0,On Schedule,0,High,1338
MAR-2025,2025,MAR,FRMarch2025.pdf,N06000251,SAONER UG MINE I EXPANSION,WCL,1-20223/2028,(N.A.),,3/2028,228.64,,253.51,24.87,10.88,118.3427,815.0,51.76,-763.24,0.0,Low,On Schedule,,Coal & Mines,Multi-State / Central,1.109,0.518,5.437,0,36.0,On Schedule,0,Low,1339
MAR-2025,2025,MAR,FRMarch2025.pdf,N06000253,MAKARDHOKDA I EXPANSION OC,WCL,6-20223/2026,(N.A.),,3/2026,361.87,,497.06,135.19,37.36,33.9012,817.0,9.37,-807.63,0.0,Medium,On Schedule,,Coal & Mines,Multi-State / Central,1.374,0.094,5.894,0,36.0,On Schedule,0,Medium,1340
MAR-2025,2025,MAR,FRMarch2025.pdf,N24001166,WIDENING TWO LANE WITH PAVED SHOULDERS FROM FROM KM.56.00 TO 106.00 OF NH-218 (218-KNT-2014-15-775),MoRTH,3-20151/2016,(N.A.),,7/2024,159.12,,159.12,0.0,0.0,127.7298,682.0,80.27,-601.73,0.0,Low,On Schedule,"Background WIDENING TWO LANE WITH PAVED SHOULDERS FROM FROM KM.56.00 TO 106.00 OF NH-218 (218-KNT-2014-15- 775), DHARWAD, KARNATAKA Project approved in March 2015 with cost of Rs 159.12. 713 WIDENING TWO LANE WITH PAVED SH",Road Transport & Highways,Multi-State / Central,1.0,0.803,5.076,0,36.0,On Schedule,0,Low,1341
MAR-2025,2025,MAR,FRMarch2025.pdf,N24001172,WIDENING TO TWO LANE WITH PAVED SHOULDER FROM KM 4.40 TO KM 56.00 OF NH-218 BIJAPURA-HUBLI SECTION U,MoRTH,1-20178/2017,(N.A.),,6/2022,291.49,,291.49,0.0,0.0,238.77,100.0,81.91,-18.09,0.0,Low,On Schedule,"Background WIDENING TO TWO LANE WITH PAVED SHOULDER FROM KM 4.40 TO KM 56.00 OF NH-218 BIJAPURA-HUBLI SECTION U, BIJAPUR, KARNATAKA ( - ) 901 CONSTRUCTION OF MAJOR BRIDGE AT KM 180.865 ACROSS RIVER KRISHNA ON NH-167 HAGARI –",Road Transport & Highways,Multi-State / Central,1.0,0.819,5.678,0,36.0,On Schedule,0,Low,1342
MAR-2025,2025,MAR,FRMarch2025.pdf,N24001675,6L OF MH/KN BORDER (NIMBAL VILLAGE) TO KN/TS BORDER (SINGNODI VILLAGE) FROM KM. 162.5 TO KM. 203.100,NHAI,11-20225/2025,(N.A.),,5/2025,1732.73,,1732.73,0.0,0.0,540.3597,697.0,31.19,-665.81,0.0,Low,On Schedule,,Road Transport & Highways,Multi-State / Central,1.0,0.312,7.458,0,36.0,On Schedule,0,Low,1343
MAR-2025,2025,MAR,FRMarch2025.pdf,N28000058,BANGALORE METRO RAIL PROJECT PHASE-2,BMRCL,2-20142/2021,(N.A.),,3/2025,26405.14,,26405.14,0.0,0.0,20936.29,89.0,79.29,-9.71,0.0,Low,On Schedule,"Background BANGALORE METRO RAIL PROJECT PHASE-2, MYSORE, KARNATAKA The Project was approved in Feb' 14 at estimated total completion cost of Rs 26,405.15 cr.(including escalation @ 5% pa and central taxes and excluding State taxes and duties). The Project will be implemented by Bangalore Metro Corpo",Railways,Karnataka,1.0,0.793,10.181,0,36.0,On Schedule,0,Low,1344
MAR-2025,2025,MAR,FRMarch2025.pdf,N28000151,BANGALORE METRO RAIL PROJECT LIMITED. PHASE. 2A AND 2B,BMRCL,6-20216/2026,(N.A.),,6/2026,14788.1,,14788.1,0.0,0.0,2424.04,30.0,16.39,-13.61,0.0,Low,On Schedule,,Railways,Karnataka,1.0,0.164,9.602,0,36.0,On Schedule,0,Low,1345
MAR-2025,2025,MAR,FRMarch2025.pdf,N16000530,SETTING UP POLYPROPYLENE UNIT AT KOCHI REFINERY,BPCL,12-202310/2027,(N.A.),,10/2027,4460.0,,4460.0,0.0,0.0,126.408,711.0,2.83,-708.17,0.0,Low,On Schedule,,Petroleum & Natural Gas,Uttar Pradesh,1.0,0.028,8.403,0,36.0,On Schedule,0,Low,1346
MAR-2025,2025,MAR,FRMarch2025.pdf,N06000287,BLOCK-E OCP (15 MTY),BCCL,3-20243/2029,(N.A.),,3/2029,5850.83,,5850.83,0.0,0.0,5.361,588.0,0.09,-587.91,0.0,Low,On Schedule,,Coal & Mines,Multi-State / Central,1.0,0.001,8.675,0,36.0,On Schedule,0,Low,1347
MAR-2025,2025,MAR,FRMarch2025.pdf,N16000497,CGD PROJECT IN BIHAR JHARKHAND,HPCL,6-20226/2030,(N.A.),,6/2030,1377.0,,1377.0,0.0,0.0,238.5521,591.0,17.32,-573.68,0.0,Low,On Schedule,,Petroleum & Natural Gas,Bihar,1.0,0.173,7.228,0,36.0,On Schedule,0,Low,1348
MAR-2025,2025,MAR,FRMarch2025.pdf,N24001648,CONSTRUCTION OF 6 LANE ELEVATED CORRIDOR ALONG WITH DEVELOPMENT OF EXISTING 4 LANE ROAD AT GROUND LE,NHAI,8-20221/2026,(N.A.),,1/2026,2429.52,,2429.52,0.0,0.0,1022.58,53.8,42.09,-11.71,0.0,Low,On Schedule,,Road Transport & Highways,Multi-State / Central,1.0,0.421,7.796,0,36.0,On Schedule,0,Low,1349
MAR-2025,2025,MAR,FRMarch2025.pdf,N24001999,CONSTRUCTION OF REALIGNMENT BETWEEN PANDRASS- PASHKYUN (TOTAL LENGTH 27.10 KM) ON ROAD ZOZILA-KARGIL,BRO,11-20216/2025,(N.A.),,6/2025,426.14,,426.14,0.0,0.0,76.7537,741.0,18.01,-722.99,0.0,Low,On Schedule,,Road Transport & Highways,Multi-State / Central,1.0,0.18,6.057,0,36.0,On Schedule,0,Low,1350
MAR-2025,2025,MAR,FRMarch2025.pdf,N06000196,NIGAHI EXPANSION OCP (15 TO 25 MTPA),NCL,11-20203/2025,(N.A.),,3/2028,1729.68,,1729.68,0.0,0.0,749.6142,750.0,43.34,-706.66,0.0,Low,On Schedule,,Coal & Mines,Multi-State / Central,1.0,0.433,7.456,0,36.0,On Schedule,0,Low,1351
MAR-2025,2025,MAR,FRMarch2025.pdf,N06000250,TAWA III UG MINE,WCL,12-20213/2027,(N.A.),,3/2027,314.09,,324.25,10.16,3.23,0.569,752.0,0.18,-751.82,0.0,Low,On Schedule,,Coal & Mines,Multi-State / Central,1.032,0.002,5.753,0,36.0,On Schedule,0,Low,1352
MAR-2025,2025,MAR,FRMarch2025.pdf,N06000257,AMALGAMATED DHANKASA JAMUNIA UG (1.84 MTY),WCL,9-20223/2027,(N.A.),,3/2027,399.2,,497.01,97.81,24.5,64.1342,754.0,16.07,-737.93,0.0,Medium,On Schedule,,Coal & Mines,Multi-State / Central,1.245,0.161,5.992,0,36.0,On Schedule,0,Medium,1353
MAR-2025,2025,MAR,FRMarch2025.pdf,N06000266,SHARDA UG,WCL,9-20233/2028,(N.A.),,3/2028,166.25,,200.16,33.91,20.4,1.6911,756.0,1.02,-754.98,0.0,Medium,On Schedule,,Coal & Mines,Multi-State / Central,1.204,0.01,5.119,0,36.0,On Schedule,0,Medium,1354
MAR-2025,2025,MAR,FRMarch2025.pdf,N18000348,SHAJAPUR 325MW SOLAR PV PROJECT,NTPC,6-20223/2024,(N.A.),,6/2025,1530.49,,1530.49,0.0,0.0,1197.33,70.0,78.23,8.23,0.0,Low,On Schedule,,Power & Renewable Energy,Multi-State / Central,1.0,0.782,7.334,0,36.0,On Schedule,0,Low,1355
MAR-2025,2025,MAR,FRMarch2025.pdf,N22000503,NIMACH BADI SADRI NEW LINE PROJECT,WR,4-20173/2022,(N.A.),,3/2026,495.18,,495.18,0.0,0.0,265.8118,766.0,53.68,-712.32,0.0,Low,On Schedule,,Railways,Multi-State / Central,1.0,0.537,6.207,0,36.0,On Schedule,0,Low,1356
MAR-2025,2025,MAR,FRMarch2025.pdf,N24002054,FOUR LANING OF BHOGU TO SANKHA FROM KM 147.450 TO KM 196.870 ON NH-75 PKG SEC-III,NHAI,10-202211/2025,(N.A.),,11/2025,1390.77,1391.0,1600.0,209.23,15.04,296.4662,613.0,21.32,-591.68,0.0,Medium,On Schedule,,Road Transport & Highways,Multi-State / Central,1.15,0.213,7.238,0,36.0,On Schedule,0,Medium,1357
MAR-2025,2025,MAR,FRMarch2025.pdf,N24002056,BHARATMALA PARIYOJANA OF BOKARO JAINA MORE - GOLA SECTION OF NH-320 FROM KM. 21.110 TO KM. 53.600 IN,NHAI,6-20206/2025,(N.A.),,6/2025,964.64,,964.64,0.0,0.0,406.8251,615.0,42.17,-572.83,0.0,Low,On Schedule,,Road Transport & Highways,Jharkhand,1.0,0.422,6.873,0,36.0,On Schedule,0,Low,1358
MAR-2025,2025,MAR,FRMarch2025.pdf,N24001216,WIDENING TO 2 LANE WITH PAVED SHOULDERS AND GEOMETRIC IMPROVEMENT OF NH-114A FROM KM 141 TO KM 184 I,MoRTH,12-20169/2021,(N.A.),,12/2024,196.0,,196.0,0.0,0.0,164.219,617.0,83.79,-533.21,0.0,Low,On Schedule,Background WIDENING TO 2 LANE WITH PAVED SHOULDERS AND GEOMETRIC IMPROVEMENT OF NH-114A FROM KM 141 TO KM,Road Transport & Highways,Multi-State / Central,1.0,0.838,5.283,0,36.0,On Schedule,0,Low,1359
MAR-2025,2025,MAR,FRMarch2025.pdf,N12000133,REBUILDING OF COKE OVEN BATTERY NO.6 OF BOKARO STEEL PLANT,SAIL,11-202311/2026,(N.A.),,11/2026,627.31,,627.31,0.0,0.0,75.1529,624.0,11.98,-612.02,0.0,Low,On Schedule,,Other Infrastructure,Jharkhand,1.0,0.12,6.443,0,36.0,On Schedule,0,Low,1360
MAR-2025,2025,MAR,FRMarch2025.pdf,N12000135,NOS. OF BATTERY CYCLONES WITH 04 NOS. OF ESPS IN SINTER PLANT-1 AT BSL,SAIL,3-20246/2026,(N.A.),,6/2026,260.37,,260.37,0.0,0.0,19.539,625.0,7.5,-617.5,0.0,Low,On Schedule,,Other Infrastructure,Multi-State / Central,1.0,0.075,5.566,0,36.0,On Schedule,0,Low,1361
MAR-2025,2025,MAR,FRMarch2025.pdf,N04000105,BELAGAVI AIRPORT- EXPANSION OF TERMINAL BUILDING AND ASSOCIATED WORKS,AAI,6-20232/2026,(N.A.),,2/2026,322.45,,322.45,0.0,0.0,77.3635,628.0,23.99,-604.01,0.0,Low,On Schedule,,Civil Aviation,Multi-State / Central,1.0,0.24,5.779,0,36.0,On Schedule,0,Low,1362
MAR-2025,2025,MAR,FRMarch2025.pdf,N24002060,DELHI AMRITSAR KATRA EXPRESSWAY (PHASE-II PKG XVIII) DEVELOPMENT AND UPGRADATION OF FOUR LANE ACCESS,NHAI,3-202311/2025,(N.A.),,11/2025,1107.0,,975.38,-131.62,-11.89,274.7831,536.0,24.82,-511.18,0.0,Low,On Schedule,,Road Transport & Highways,Punjab,0.881,0.248,7.01,0,36.0,On Schedule,0,Low,1363
MAR-2025,2025,MAR,FRMarch2025.pdf,N24002119,REHABILITATION AND UPGRADATION TO 2 LANE WITH PAVED SHOULDER FROM DESIGN CHAINAGE KM 162.800 TO KM,BRO,10-20221/2026,(N.A.),,1/2026,562.45,,562.45,0.0,0.0,99.0625,539.0,17.61,-521.39,0.0,Low,On Schedule,,Road Transport & Highways,Multi-State / Central,1.0,0.176,6.334,0,36.0,On Schedule,0,Low,1364
MAR-2025,2025,MAR,FRMarch2025.pdf,N22000256,TUMKUR-CHITRADURGA- DAVENGERE NL,SWR,4-2011,(N.A.),,12/2027,1801.01,,1801.01,0.0,0.0,488.9912,637.0,27.15,-609.85,0.0,Low,On Schedule,"Background TUMKUR-CHITRADURGA-DAVENGERE NL, KARNATAKA a)Work sanctioned in 201112. FLS completed. b)Detailed estimate for Tumkur – Davangere (excluding TumkurUrakere) new line was sanctioned by Railway Board on 29.10.13 for a total cost of Rs 1801.10 Cr. c)The project is sanctioned on cost sharing b",Other Infrastructure,Multi-State / Central,1.0,0.272,7.497,0,36.0,On Schedule,0,Low,1365
MAR-2025,2025,MAR,FRMarch2025.pdf,N22000299,GADAG-WADI NL,SWR,4-201312/2018,(N.A.),,12/2027,2841.84,,2841.84,0.0,0.0,1275.81,28.0,44.89,16.89,0.0,Medium,On Schedule,"Background GADAG-WADI NL, KARNATAKA Govt. of Karnataka has decided to acquire land through KIADB for a length of 57km between Talkal and Kushtagi vide their letter dated 14.07.2015 and 29.03.2016. Accordingly, land acquisition requests submitted to KIADB for 3942 acres. Out of this, 1877 acres hande",Other Infrastructure,Multi-State / Central,1.0,0.449,7.953,1,36.0,On Schedule,0,Medium,1366
MAR-2025,2025,MAR,FRMarch2025.pdf,N22000308,MARIKUPPAM - KUPPAM,SWR,4-20123/2016,(N.A.),,12/2027,279.54,296.72,296.72,17.18,6.15,120.5814,641.0,43.14,-597.86,0.0,Low,On Schedule,"Background MARIKUPPAM - KUPPAM, KARNATAKA Detailed Estimate for Rs.279.54 cr. has been sanctioned by Railway Board vide letter No.2010/W1/NL/SWR/MK dated 20.09.2013. Total requirement of land is 128.31 hectares out of which 28.64 hectares (km. 00 to km 5.7) falls in Karnataka state and 99.68 hectare",Other Infrastructure,Multi-State / Central,1.061,0.431,5.637,0,36.0,On Schedule,0,Low,1367
MAR-2025,2025,MAR,FRMarch2025.pdf,N22000486,KADUR CHIKMAGALUR SAKLESHPUR NEW LINE (93 KM),SWR,3-19963/2017,(N.A.),,3/2026,644.78,825.31,825.31,180.53,28.0,681.9766,643.0,105.77,-537.23,0.0,Medium,On Schedule,"Background KADUR CHIKMAGALUR SAKLESHPUR NEW LINE (93 KM), KARNATAKA i)Part I Estimate – Phase I (Kadur – Chikamagalur section covering land, earth work, minor and major bridges) was sanctioned at a cost of Rs.69.15 crores during June, 1999. The Revised Estimate including cost of viaducts has been sa",Railways,Multi-State / Central,1.28,1.058,6.47,0,36.0,On Schedule,0,Medium,1368
MAR-2025,2025,MAR,FRMarch2025.pdf,N22000621,BANGALORE-WHITEFIELD- BANGALORE CITY- KRISHNARAJAPURAM QUADRUPLING,SWR,3-20183/2025,(N.A.),,6/2025,492.87,,492.87,0.0,0.0,230.6675,647.0,46.8,-600.2,0.0,Low,On Schedule,,Other Infrastructure,Karnataka,1.0,0.468,6.202,0,36.0,On Schedule,0,Low,1369
MAR-2025,2025,MAR,FRMarch2025.pdf,N24001989,FOUR LANING OF LEFT OVER WORKS OF HOSPET BELLARY KARNATAKA/ AP BORDER FROM KM.280.080 TO KM. 375.450,NHAI,3-20235/2025,(N.A.),,5/2025,830.28,,830.28,0.0,0.0,594.4069,663.0,71.59,-591.41,0.0,Low,On Schedule,,Road Transport & Highways,Karnataka,1.0,0.716,6.723,0,36.0,On Schedule,0,Low,1370
MAR-2025,2025,MAR,FRMarch2025.pdf,N24001994,4/6L OF BANGALORE - PUNE SECTION OF BYPASS CONNECTING DHARWAD - HUBLI FROM KM. 403.80 TO KM. 433.20,NHAI,5-20223/2023,(N.A.),,9/2025,1135.39,,1135.39,0.0,0.0,339.3763,665.0,29.89,-635.11,0.0,Low,On Schedule,,Road Transport & Highways,Maharashtra,1.0,0.299,7.036,0,36.0,On Schedule,0,Low,1371
MAR-2025,2025,MAR,FRMarch2025.pdf,N24001159,WIDENING TO TWO LANE WITH PAVED SHOULDERS FROM KM 20.150 TO KM 40.00 OF BC ROAD KOTTIGEHARA SECTION,MoRTH,1-20187/2018,(N.A.),,3/2022,159.7,,159.7,0.0,0.0,142.88,100.0,89.47,-10.53,0.0,Low,On Schedule,"Background WIDENING TO TWO LANE WITH PAVED SHOULDERS FROM KM 20.150 TO KM 40.00 OF BC ROAD KOTTIGEHARA SECTION, DAKSHINA KANNADA, KARNATAKA ( - ) 906 RECONSTRUCTION TO TWO LANE WITH PAVED SHOULDERS FROM DS. CH. 442+180 (EX. KM 448.00) TO DS. CH.485+2[N24001158] Location: TUMKUR,KARNATAKA Capacity: [",Road Transport & Highways,Multi-State / Central,1.0,0.895,5.08,0,36.0,On Schedule,0,Low,1372
MAR-2025,2025,MAR,FRMarch2025.pdf,N06000218,UCE OF EPR OF NORTH URIMARI OCP,CCL,7-20213/2029,(N.A.),,3/2026,778.8,,778.8,0.0,0.0,694.1175,576.0,89.13,-486.87,0.0,Low,On Schedule,,Coal & Mines,Multi-State / Central,1.0,0.891,6.659,0,36.0,On Schedule,0,Low,1373
MAR-2025,2025,MAR,FRMarch2025.pdf,N06000240,JHARKHAND LAIYO OCP,CCL,8-20203/2031,(N.A.),,3/2031,764.57,,764.57,0.0,0.0,145.8021,578.0,19.07,-558.93,0.0,Low,On Schedule,,Coal & Mines,Jharkhand,1.0,0.191,6.641,0,36.0,On Schedule,0,Low,1374
MAR-2025,2025,MAR,FRMarch2025.pdf,N06000237,KOTRE BASANTPUR PACHMO OCP,CCL,8-20203/2032,(N.A.),,3/2032,625.4,625.4,625.4,0.0,0.0,441.0041,580.0,70.52,-509.48,0.0,Low,On Schedule,,Coal & Mines,Multi-State / Central,1.0,0.705,6.44,0,36.0,On Schedule,0,Low,1375
MAR-2025,2025,MAR,FRMarch2025.pdf,N06000242,EPR PUNDI OCP,CCL,11-20203/2027,(N.A.),,3/2027,713.35,,713.35,0.0,0.0,236.5721,582.0,33.16,-548.84,0.0,Low,On Schedule,,Coal & Mines,Multi-State / Central,1.0,0.332,6.571,0,36.0,On Schedule,0,Low,1376
MAR-2025,2025,MAR,FRMarch2025.pdf,N06000246,EXPANSION OF KARO OCP,CCL,1-20223/2029,(N.A.),,3/2026,908.47,,908.47,0.0,0.0,181.792,584.0,20.01,-563.99,0.0,Low,On Schedule,,Coal & Mines,Multi-State / Central,1.0,0.2,6.813,0,36.0,On Schedule,0,Low,1377
MAR-2025,2025,MAR,FRMarch2025.pdf,N06000273,AMALGAMATED NTST KUJAMA OCP 8.5 MTY,BCCL,1-20233/2030,(N.A.),,3/2030,4011.85,,4011.85,0.0,0.0,397.6525,586.0,9.91,-576.09,0.0,Low,On Schedule,,Coal & Mines,Multi-State / Central,1.0,0.099,8.297,0,36.0,On Schedule,0,Low,1378
MAR-2025,2025,MAR,FRMarch2025.pdf,180100210,PARBATI HEP (4X200 MW) (NHPC) II,NHPC,9-20029/2009,(N.A.),,4/2025,3919.59,,12899.0,8979.41,229.09,12827.69,99.23,327.27,228.04,0.0,High,On Schedule,"Background PARBATI HEP (4X200 MW) (NHPC) II, HIMACHAL PRADESH Present status: - E&M Works: I Erection of Turbine Housing and distributor of all 4 units completed.Boxing up of Unit - 1 is in progress. In Unit - 2, Stator & Rotor lowered in pit and alignment is in progress. Installation of MIV & Bus d",Power & Renewable Energy,Multi-State / Central,3.291,3.273,8.274,1,36.0,On Schedule,0,High,1379
MAR-2025,2025,MAR,FRMarch2025.pdf,N18000344,SUNNI DAM HYDRO ELECTRIC PROJECT,SJVN,1-20234/2028,(N.A.),,12/2028,2614.51,,3605.3,990.79,37.9,928.7528,488.0,35.52,-452.48,0.0,Medium,On Schedule,,Power & Renewable Energy,Multi-State / Central,1.379,0.355,7.869,0,36.0,On Schedule,0,Medium,1380
MAR-2025,2025,MAR,FRMarch2025.pdf,N18000367,BADAM COAL MINING PROJECT,NTPC,2-201910/2024,(N.A.),,4/2027,501.79,784.39,501.79,0.0,0.0,301.9859,595.0,60.18,-534.82,0.0,Low,On Schedule,,Power & Renewable Energy,Multi-State / Central,1.0,0.602,6.22,0,36.0,On Schedule,0,Low,1381
MAR-2025,2025,MAR,FRMarch2025.pdf,N18000275,PATRATU STPP-I (3X800MW),NTPC,11-20173/2023,(N.A.),,3/2026,17112.0,,17112.0,0.0,0.0,16287.0,81.0,95.18,14.18,0.0,Low,On Schedule,"Background PATRATU STPP-I (3X800MW), JHARKHAND Critical Issues- - Shutdown required of 220 KV Patratu-Telughat line for diversion of transmission line passing through Plant area. Project approved in Nov’17 with cost of Rs 18668 crore and it is to be completd by March",Power & Renewable Energy,Multi-State / Central,1.0,0.952,9.748,0,36.0,On Schedule,0,Low,1382
MAR-2025,2025,MAR,FRMarch2025.pdf,220100305,"KODERMA-TILAIYA (NL), ECR",ECR,4-2002,(N.A.),,12/2025,459.91,1625.87,1700.0,1240.09,269.64,1958.27,80.0,425.79,345.79,0.0,High,On Schedule,"Background KODERMA-TILAIYA (NL), ECR, JHARKHAND, 64.76 KM The project was approved on April 2002 with original cost Rs 459.91 crore. Anticipated cost of the project is now Rs 418.17 crore.The original date of commissioning and anticipated date of commissioning is not provided. Present status: Final ",Other Infrastructure,Multi-State / Central,3.696,4.258,6.133,1,36.0,On Schedule,0,High,1383
MAR-2025,2025,MAR,FRMarch2025.pdf,N22000610,GARHWA ROAD - RAIL OVER RAIL,ECR,3-20173/2024,(N.A.),,2/2026,262.71,,262.71,0.0,0.0,203.108,599.0,77.31,-521.69,0.0,Low,On Schedule,,Road Transport & Highways,Multi-State / Central,1.0,0.773,5.575,0,36.0,On Schedule,0,Low,1384
MAR-2025,2025,MAR,FRMarch2025.pdf,N22000396,BONDAMUNDA RANCHI DOUBLING,SER,3-20163/2021,(N.A.),,6/2026,1724.2,3029.04,3029.04,1304.84,75.68,2326.9,83.0,134.96,51.96,0.0,High,On Schedule,"Background BONDAMUNDA RANCHI DOUBLING, JHARKHAND The project is approved in March 2016 with cost 1724.20 cr and completion scheduled in March 2021 SOUTH WESTERN",Railways,Jharkhand,1.757,1.35,7.453,1,36.0,On Schedule,0,High,1385
MAR-2025,2025,MAR,FRMarch2025.pdf,N22000508,LODHMA TO PISKA LINK LINE BY PASSING HATIA/RANCHI WITH Y CONNECTION (17.2 KM),SER,4-20186/2022,(N.A.),,6/2026,428.65,,472.5,43.85,10.23,275.562,602.0,64.29,-537.71,0.0,Low,On Schedule,,Other Infrastructure,Jharkhand,1.102,0.643,6.063,0,36.0,On Schedule,0,Low,1386
MAR-2025,2025,MAR,FRMarch2025.pdf,N24001854,FOUR LANING WITH PAVED SHOULDER OF SECTION FROM KM 53.600 (GOLA ON NH-320) TO KM 81.446 (ORMANJHI ON,NHAI,6-20236/2025,(N.A.),,6/2025,1214.93,1324.95,1324.95,110.02,9.06,702.0065,606.0,57.78,-548.22,0.0,Low,On Schedule,,Road Transport & Highways,Multi-State / Central,1.091,0.578,7.103,0,36.0,On Schedule,0,Low,1387
MAR-2025,2025,MAR,FRMarch2025.pdf,N24001923,WIDENING AND STRENGTHENING OF EXISTING PAVEEMNT TO TWO LANE WITH PAVED SHOULDERS FROM KM 116.00 TO K,MoRTH,1-20227/2024,(N.A.),,12/2024,315.21,,315.21,0.0,0.0,117.268,608.0,37.2,-570.8,0.0,Low,On Schedule,,Road Transport & Highways,Multi-State / Central,1.0,0.372,5.756,0,36.0,On Schedule,0,Low,1388
MAR-2025,2025,MAR,FRMarch2025.pdf,N24001422,REHABILITATION AND UPGRADATION TO 2-LANE CONFIGURATION OF ASHYARI- SHRI KYARI SECTION (KM 50.000 TO K,MoRTH,2-20219/2021,(N.A.),,7/2024,345.89,,345.89,0.0,0.0,152.0184,509.0,43.95,-465.05,0.0,Low,On Schedule,,Road Transport & Highways,Multi-State / Central,1.0,0.439,5.849,0,36.0,On Schedule,0,Low,1389
MAR-2025,2025,MAR,FRMarch2025.pdf,N16000500,SETTING UP A COMMON USER PETROLEUM TERMINAL AT JAMMU FOR RE-SITEMENT OF EXISTING DEPOTS OF PSU OMCS,BPCL,4-20213/2025,(N.A.),,3/2025,676.89,,676.89,0.0,0.0,467.1571,519.0,69.02,-449.98,0.0,Low,On Schedule,,Petroleum & Natural Gas,Uttar Pradesh,1.0,0.69,6.519,0,36.0,On Schedule,0,Low,1390
MAR-2025,2025,MAR,FRMarch2025.pdf,N18000363,KWAR HE PROJECT,CVPPPL,5-202211/2026,(N.A.),,12/2027,4526.12,,4526.12,0.0,0.0,982.6519,522.0,21.71,-500.29,0.0,Low,On Schedule,,Other Infrastructure,Multi-State / Central,1.0,0.217,8.418,0,36.0,On Schedule,0,Low,1391
MAR-2025,2025,MAR,FRMarch2025.pdf,N24001833,JAMMU - AKHNOOR SECTION OF NH 144A PKG-3B,NHIDCL,7-20223/2025,(N.A.),,8/2025,198.28,,198.28,0.0,0.0,80.8067,525.0,40.75,-484.25,0.0,Low,On Schedule,,Road Transport & Highways,Multi-State / Central,1.0,0.408,5.295,0,36.0,On Schedule,0,Low,1392
MAR-2025,2025,MAR,FRMarch2025.pdf,N24001898,REHABILITATION AND UPGRADATION TO 2 LANE WITH PAVED SHOULDER FROM EXISTING CHAINAGE KM 30.000 TO K,BRO,7-202011/2024,(N.A.),,11/2024,272.49,,272.49,0.0,0.0,180.4887,527.0,66.24,-460.76,0.0,Low,On Schedule,,Road Transport & Highways,Multi-State / Central,1.0,0.662,5.611,0,36.0,On Schedule,0,Low,1393
MAR-2025,2025,MAR,FRMarch2025.pdf,N24001900,REHABILITATION AND UPGRADATION TO 2 LANE WITH PAVED SHOULDER FROM EXISTING CHAINAGE KM 49.150 TO KM,BRO,3-20208/2024,(N.A.),,3/2025,796.97,,796.97,0.0,0.0,468.3579,529.0,58.77,-470.23,0.0,Low,On Schedule,,Road Transport & Highways,Multi-State / Central,1.0,0.588,6.682,0,36.0,On Schedule,0,Low,1394
MAR-2025,2025,MAR,FRMarch2025.pdf,N24002034,UPGRADATION TO 4L PS DIVIDED CARRIAGEWAY FROM PATAN (NEAR RAJPUR) TO GOJARIYA FROM KM 52.000 TO KM 1,NHAI,12-20213/2025,(N.A.),,3/2025,1181.34,1181.0,1181.34,0.0,0.0,487.4969,435.0,41.27,-393.73,0.0,Low,On Schedule,,Road Transport & Highways,Multi-State / Central,1.0,0.413,7.075,0,36.0,On Schedule,0,Low,1395
MAR-2025,2025,MAR,FRMarch2025.pdf,N24001515,DELHI VADODARA GREENFIELD ALIGNMENT SECTION OF NH 148N PACKAGE 26,NHAI,9-20202/2024,(N.A.),,11/2025,1542.02,,1542.02,0.0,0.0,954.4867,448.0,61.9,-386.1,0.0,Low,On Schedule,,Road Transport & Highways,Gujarat,1.0,0.619,7.341,0,36.0,On Schedule,0,Low,1396
MAR-2025,2025,MAR,FRMarch2025.pdf,N24002179,CONSTRUCTION OF 4 LANE WITH PAVED SHOULDER (PATTAN BYPASS) GREENFIELD BYPASS FROM EXISTING CH. KM 24,BRO,3-20237/2026,(N.A.),,7/2026,980.21,,980.21,0.0,0.0,300.028,544.0,30.61,-513.39,0.0,Low,On Schedule,,Road Transport & Highways,Multi-State / Central,1.0,0.306,6.889,0,36.0,On Schedule,0,Low,1397
MAR-2025,2025,MAR,FRMarch2025.pdf,N24001543,FOUR LANING OF JAMMU- AKHNOOR PKG-1,NHIDCL,7-20221/2025,(N.A.),,10/2025,245.34,,245.34,0.0,0.0,57.0338,555.0,23.25,-531.75,0.0,Low,On Schedule,,Road Transport & Highways,Multi-State / Central,1.0,0.232,5.507,0,36.0,On Schedule,0,Low,1398
MAR-2025,2025,MAR,FRMarch2025.pdf,N06000087,RAJRAPPA RCE OCP ( 3.0 MTY),CCL,12-20093/2016,(N.A.),,3/2027,510.85,,510.85,0.0,0.0,488.5775,566.0,95.64,-470.36,0.0,Low,On Schedule,"Background RAJRAPPA RCE OCP ( 3.0 MTY), JHARKHAND completion is mainly delayed due to delay in possession of Non forest land as well as delay in permission for Forest land diversion. Stage-I Forestry clearance for 277.15 Ha: State Govt recommended the proposal to MoEF&CC on 06.08.2018. FAC held on 2",Coal & Mines,Multi-State / Central,1.0,0.956,6.238,0,36.0,On Schedule,0,Low,1399
MAR-2025,2025,MAR,FRMarch2025.pdf,N06000096,MURAIDIH UG TURN-KEY PROJECT,BCCL,2-20114/2014,(N.A.),,1/2026,339.88,,339.88,0.0,0.0,190.487,568.0,56.05,-511.95,0.0,Low,On Schedule,"Background MURAIDIH UG TURN-KEY PROJECT, DHANBAD, JHARKHAND 1. 3.48 Ha land provided for Shaft Sinking, Incline Drivage & other Surface infrastructures. Ministry of Statistics and Programme Implementation Infrastructure and Project Monitoring Division Release on 24-Aug-2020 2. Work of shaft sinking ",Coal & Mines,Multi-State / Central,1.0,0.56,5.832,0,36.0,On Schedule,0,Low,1400
MAR-2025,2025,MAR,FRMarch2025.pdf,N06000186,TETARIAKHAR EXPANSION OCP,CCL,11-20193/2023,(N.A.),,3/2027,243.52,,243.52,0.0,0.0,44.3924,570.0,18.23,-551.77,0.0,Low,On Schedule,"Background TETARIAKHAR EXPANSION OCP, JHARKHAND",Coal & Mines,Multi-State / Central,1.0,0.182,5.499,0,36.0,On Schedule,0,Low,1401
MAR-2025,2025,MAR,FRMarch2025.pdf,N06000243,EPR ROHINI KARKATA OCP,CCL,1-20213/2028,(N.A.),,3/2028,1020.42,,1020.42,0.0,0.0,83.4411,572.0,8.18,-563.82,0.0,Low,On Schedule,,Coal & Mines,Multi-State / Central,1.0,0.082,6.929,0,36.0,On Schedule,0,Low,1402
MAR-2025,2025,MAR,FRMarch2025.pdf,N06000216,REVISED PROJECT REPORT MAGADH EXPANSION OCP,CCL,8-20203/2028,(N.A.),,3/2028,7254.37,,7254.37,0.0,0.0,1493.62,29.0,20.59,-8.41,0.0,Low,On Schedule,,Coal & Mines,Multi-State / Central,1.0,0.206,8.889,0,36.0,On Schedule,0,Low,1403
MAR-2025,2025,MAR,FRMarch2025.pdf,N06000217,EXPANSION PROJECT AMRAPALI OCP,CCL,8-20203/2028,(N.A.),,3/2028,5136.15,,5136.15,0.0,0.0,1054.89,40.0,20.54,-19.46,0.0,Low,On Schedule,,Coal & Mines,Multi-State / Central,1.0,0.205,8.544,0,36.0,On Schedule,0,Low,1404
MAR-2025,2025,MAR,FRMarch2025.pdf,N24002040,DEVELOPMENT OF SIX-LANE ACCESS CONTROLLED HIGHWAY FROM RANIPUR BARSI (SAHARANPUR DISTRICT) TO ADHOYA,NHAI,4-20225/2025,(N.A.),,5/2028,1554.21,,1554.21,0.0,0.0,515.6452,469.0,33.18,-435.82,0.0,Low,On Schedule,,Road Transport & Highways,Multi-State / Central,1.0,0.332,7.349,0,36.0,On Schedule,0,Low,1405
MAR-2025,2025,MAR,FRMarch2025.pdf,N24002042,CONSTRUCTION OF 4-LANING OF BHIWANI HANSI ROAD SECTION OF NH 148B (DESIGN LENGTH 42.934 KM) UNDER BH,NHAI,11-202212/2025,(N.A.),,12/2025,1322.13,,1322.13,0.0,0.0,315.3373,471.0,23.85,-447.15,0.0,Low,On Schedule,,Road Transport & Highways,Multi-State / Central,1.0,0.239,7.188,0,36.0,On Schedule,0,Low,1406
MAR-2025,2025,MAR,FRMarch2025.pdf,N24002044,4L AMBALA - KALAAMB FROM KM. -0.800 TO KM. 33.015 OF OLD NH- 72,NHAI,6-20236/2025,(N.A.),,6/2025,629.16,,629.16,0.0,0.0,191.0085,473.0,30.36,-442.64,0.0,Low,On Schedule,,Road Transport & Highways,Multi-State / Central,1.0,0.304,6.446,0,36.0,On Schedule,0,Low,1407
MAR-2025,2025,MAR,FRMarch2025.pdf,N24001533,CONSTRUCTION OF 4-LANE GREEN FIELD DELHI-AMRITSAR- KATRA EXPRESSWAY (NE-05) FROM JUSSUR KHERI ON KMP,NHAI,11-202012/2023,(N.A.),,3/2025,1690.23,,2010.17,319.94,18.93,1368.33,98.5,80.96,-17.54,0.0,Medium,On Schedule,,Road Transport & Highways,Punjab,1.189,0.81,7.433,0,36.0,On Schedule,0,Medium,1408
MAR-2025,2025,MAR,FRMarch2025.pdf,N24001536,FOUR LANING OF JIND GOHANA GREENFIELD ALIGNMENT PACKAGE 1 IN THE STATE OF HARYANA UNDER HYBRID ANNUI,NHAI,7-20207/2022,(N.A.),,3/2025,817.0,1605.0,1605.0,788.0,96.45,1025.56,99.1,125.53,26.43,0.0,High,On Schedule,,Road Transport & Highways,Haryana,1.965,1.255,6.707,1,36.0,On Schedule,0,High,1409
MAR-2025,2025,MAR,FRMarch2025.pdf,N24001635,4 LANING OF JAGADHRI TAJEWALA ROAD SECTION OF NH 907 (OLD NH 73A) UNDER NH(O) (PKG 1) IN THE STATE O,NHAI,3-20222/2025,(N.A.),,2/2025,1269.5,,1269.5,0.0,0.0,223.005,482.0,17.57,-464.43,0.0,Low,On Schedule,,Road Transport & Highways,Multi-State / Central,1.0,0.176,7.147,0,36.0,On Schedule,0,Low,1410
MAR-2025,2025,MAR,FRMarch2025.pdf,N18000383,TS FOR EVACUATION OF POWER FROM POTENTIAL RE ZONE IN KHAVDA AREA OF GUJARAT UNDER PH-IV PART E3,PGCIL,7-20237/2025,(N.A.),,7/2025,334.0,,334.0,0.0,0.0,0.0012,385.0,0.0,-385.0,0.0,Low,On Schedule,,Power & Renewable Energy,Gujarat,1.0,0.0,5.814,0,36.0,On Schedule,0,Low,1411
MAR-2025,2025,MAR,FRMarch2025.pdf,N18000390,TS FOR EVACUATION OF POWER FROM 7GW REZ IN KHAVDA AREA UNDER PHASE-IV PART E2,PGCIL,5-20245/2026,(N.A.),,5/2026,679.0,,679.0,0.0,0.0,0.009,387.0,0.0,-387.0,0.0,Low,On Schedule,,Power & Renewable Energy,Multi-State / Central,1.0,0.0,6.522,0,36.0,On Schedule,0,Low,1412
MAR-2025,2025,MAR,FRMarch2025.pdf,N24001810,4L SUNDER NAGAR BYPASS FROM KM173.900 TO KM 179.600 OF NH-21 IN THE STATE OF HP,NHAI,2-20226/2024,(N.A.),,6/2024,190.6,,163.0,-27.6,-14.48,103.48,100.0,54.29,-45.71,0.0,Low,On Schedule,,Road Transport & Highways,Multi-State / Central,0.855,0.543,5.255,0,36.0,On Schedule,0,Low,1413
MAR-2025,2025,MAR,FRMarch2025.pdf,N24001811,4L OF MO - SIHUNI FROM KM. 42.00 TO KM. 51.00 OF OLD NH-20 (NEW NH-154) (PACKAGE-IB),NHAI,4-20216/2024,(N.A.),,5/2025,583.93,770.0,770.0,186.07,31.87,171.6698,494.0,29.4,-464.6,0.0,Medium,On Schedule,,Road Transport & Highways,Multi-State / Central,1.319,0.294,6.371,0,36.0,On Schedule,0,Medium,1414
MAR-2025,2025,MAR,FRMarch2025.pdf,N24001813,4L OF END OF PINJORE BYPASS - BADDI - NALAGARH SECTION (KM. 4.200 TO KM. 35.370) OF NH21A,NHAI,7-20219/2024,(N.A.),,9/2024,1692.05,,1692.05,0.0,0.0,942.1421,496.0,55.68,-440.32,0.0,Low,On Schedule,,Road Transport & Highways,Multi-State / Central,1.0,0.557,7.434,0,36.0,On Schedule,0,Low,1415
MAR-2025,2025,MAR,FRMarch2025.pdf,N24001916,IMPROVEMENT/CONSTRUCTION OF EXISTING CLASS 5 ROAD TO NH INTERMEDIATE LANE SPECIFICATION WITH HARD SH,BRO,3-20215/2026,(N.A.),,5/2026,314.67,,314.67,0.0,0.0,76.0544,498.0,24.17,-473.83,0.0,Low,On Schedule,,Road Transport & Highways,Multi-State / Central,1.0,0.242,5.755,0,36.0,On Schedule,0,Low,1416
MAR-2025,2025,MAR,FRMarch2025.pdf,N24002050,REHABILITATION AND UPGRADATION TO 4L CONFIGURATION and STRENGTHENING OF SIHUNI TO RAJOL FROM KM 51.0,NHAI,2-20229/2025,(N.A.),,9/2025,696.65,698.46,698.46,1.81,0.26,367.5155,501.0,52.75,-448.25,0.0,Low,On Schedule,,Road Transport & Highways,Multi-State / Central,1.003,0.528,6.548,0,36.0,On Schedule,0,Low,1417
MAR-2025,2025,MAR,FRMarch2025.pdf,N24002052,REHABILITATION AND UP- GRADATION OF EXISTING ROAD TO 2L PS FROM END OF HAMIRPUR BYPASS (NEAR CHILBAHA,NHAI,2-20224/2025,(N.A.),,4/2025,1146.19,,1146.19,0.0,0.0,918.3362,503.0,80.12,-422.88,0.0,Low,On Schedule,,Road Transport & Highways,Uttar Pradesh,1.0,0.801,7.045,0,36.0,On Schedule,0,Low,1418
MAR-2025,2025,MAR,FRMarch2025.pdf,N24002192,REHABILITATION AND UP- GRADATION TO 4L CONFIGURATION AND STRENGTHENING OF THANPURI TO PAROR SECTION F,NHAI,6-202212/2025,(N.A.),,12/2025,815.69,815.69,815.69,0.0,0.0,368.9725,505.0,45.23,-459.77,0.0,Low,On Schedule,,Road Transport & Highways,Uttar Pradesh,1.0,0.452,6.705,0,36.0,On Schedule,0,Low,1419
MAR-2025,2025,MAR,FRMarch2025.pdf,N24001382,REHABILITATION AND UPGRADATION TO 2-LANE CONFIGURATION OF HEWNA- ASHYARI SECTION (KM 25.000 TO KM 50.,MoRTH,8-20203/2021,(N.A.),,7/2024,242.8,,242.8,0.0,0.0,96.7687,507.0,39.86,-467.14,0.0,Low,On Schedule,,Road Transport & Highways,Multi-State / Central,1.0,0.399,5.496,0,36.0,On Schedule,0,Low,1420
MAR-2025,2025,MAR,FRMarch2025.pdf,N22000592,TARANGA HILL ABU ROAD VIA AMBAJI NEW LINE,NWR,7-20227/2030,(N.A.),,12/2026,1695.82,,2798.16,1102.34,65.0,990.841,412.0,58.43,-353.57,0.0,High,On Schedule,,Road Transport & Highways,Multi-State / Central,1.65,0.584,7.437,0,36.0,On Schedule,0,High,1421
MAR-2025,2025,MAR,FRMarch2025.pdf,N24001786,CONSTRUCTION OF EIGHT LANE ACCESS CONTROLLED EXPRESSWAY FROM KM 103.400 TO KM 128.000 OF VADODARA MU,NHAI,3-20213/2024,(N.A.),,12/2025,1259.0,2652.24,1910.0,651.0,51.71,278.2934,420.0,22.1,-397.9,0.0,High,On Schedule,,Road Transport & Highways,Gujarat,1.517,0.221,7.139,0,36.0,On Schedule,0,High,1422
MAR-2025,2025,MAR,FRMarch2025.pdf,N24001789,CONSTRUCTION OF EIGHT LANE EXPRESSWAY FROM KM 190.000 TO KM 217.500 GANDEVA TO ENA SECTION OF VADODA,NHAI,7-20208/2023,(N.A.),,4/2025,1710.3,2665.08,1927.0,216.7,12.67,709.639,422.0,41.49,-380.51,0.0,Low,On Schedule,,Road Transport & Highways,Multi-State / Central,1.127,0.415,7.445,0,36.0,On Schedule,0,Low,1423
MAR-2025,2025,MAR,FRMarch2025.pdf,N24001792,4L OF BAL WORKS OF TALAJA - MAHUVA FROM 54.990 KM. TO 100.450 KM. OF OLD NH-8E (PACKAGE-II),NHAI,3-20219/2022,(N.A.),,1/2025,536.03,,536.03,0.0,0.0,480.7799,425.0,89.69,-335.31,0.0,Low,On Schedule,,Road Transport & Highways,Multi-State / Central,1.0,0.897,6.286,0,36.0,On Schedule,0,Low,1424
MAR-2025,2025,MAR,FRMarch2025.pdf,N24001827,4L KODINAR - VERAVAL (PACKAGE VI) FROM KM. 222.400 TO KM. 230.00 (KODINAR BYPASS) OF NH-8E (NH 51 NE,NHAI,3-20223/2023,(N.A.),,3/2025,162.73,,162.73,0.0,0.0,131.7995,428.0,80.99,-347.01,0.0,Low,On Schedule,,Road Transport & Highways,Multi-State / Central,1.0,0.81,5.098,0,36.0,On Schedule,0,Low,1425
MAR-2025,2025,MAR,FRMarch2025.pdf,N24000570,FOUR LANING OF UNA TO KODINAR OF NH-8E FROM KM. 180.478 TO KM 221.610 (PACKAGE- V) IN THE STATE OF GU,NHAI,5-20168/2019,(N.A.),,3/2025,763.08,,763.08,0.0,0.0,518.9599,431.0,68.01,-362.99,0.0,Low,On Schedule,"Background FOUR LANING OF UNA TO KODINAR OF NH-8E FROM KM. 180.478 TO KM 221.610 (PACKAGE-V) IN THE STATE OF GU, GUJARAT This Project was approved on May 2016 with Capital Investment of Rs. 763.08 Crores. Project is to be completed by Aug’19. 286 FOUR LANING OF BHAVNAGAR-TALAJA",Road Transport & Highways,Multi-State / Central,1.0,0.68,6.639,0,36.0,On Schedule,0,Low,1426
MAR-2025,2025,MAR,FRMarch2025.pdf,N12000127,SCREENING PLANT-III AT KIRANDUL,NMDC,3-20218/2024,(N.A.),,1/2026,2092.97,2718.84,2718.84,625.87,29.9,1472.47,69.93,70.35,0.42,0.0,Medium,On Schedule,,Other Infrastructure,Multi-State / Central,1.299,0.704,7.647,0,36.0,On Schedule,0,Medium,1427
MAR-2025,2025,MAR,FRMarch2025.pdf,N28000071,ESTABLISHMENT OF CENTRAL ARMED POLICE FORCE INSTITUTE OF MEDICAL SCIENCES(CAPFIMS) AT NEW DELHI,CPWD FOR MHA,10-201310/2019,(N.A.),,9/2024,1219.21,2091.53,2091.53,872.32,71.55,1947.12,100.0,159.7,59.7,0.0,High,On Schedule,"Background ESTABLISHMENT OF CENTRAL ARMED POLICE FORCE INSTITUTE OF MEDICAL SCIENCES(CAPFIMS) AT NEW DELHI, DELHI Project is approved in oct'13 with cost of 1219.21 crore and it is anticipated to be completed by December 2018. vkbZ- ih- ,e- Mh- Hkkjr ljdkj] lkaf[;dh ,oa dk;ZØe dk;kZUo;u ea=ky; 569 M",Petroleum & Natural Gas,Delhi & NCR,1.715,1.597,7.107,1,36.0,On Schedule,0,High,1428
MAR-2025,2025,MAR,FRMarch2025.pdf,N24001518,DELHI VADODARA GREENFIELD ALIGNMENT SECTION OF NH 148N PACKAGE 30,NHAI,11-20199/2023,(N.A.),,4/2025,1669.56,,1669.56,0.0,0.0,1066.35,95.77,63.87,-31.9,0.0,Low,On Schedule,,Road Transport & Highways,Gujarat,1.0,0.639,7.421,0,36.0,On Schedule,0,Low,1429
MAR-2025,2025,MAR,FRMarch2025.pdf,N24001519,DELHI VADODARA GREENFIELD ALIGNMENT SECTION OF NH 148N PACKAGE 28,NHAI,9-202011/2023,(N.A.),,4/2025,1198.55,,1198.55,0.0,0.0,895.3995,451.0,74.71,-376.29,0.0,Low,On Schedule,,Road Transport & Highways,Gujarat,1.0,0.747,7.09,0,36.0,On Schedule,0,Low,1430
MAR-2025,2025,MAR,FRMarch2025.pdf,N28000122,AHMEDABAD METRO RAIL PROJECT PHASE 1,AMR,11-201412/2018,(N.A.),,8/2025,10773.0,,12924.55,2151.55,19.97,12462.07,99.88,115.68,15.8,0.0,Medium,On Schedule,"Background AHMEDABAD METRO RAIL PROJECT PHASE 1, AHMEDABAD, GUJARAT Project approved in Nov’2014 with cost of Rs 10773 and it is to be completed by July",Railways,Gujarat,1.2,1.157,9.285,1,36.0,On Schedule,0,Medium,1431
MAR-2025,2025,MAR,FRMarch2025.pdf,N28000137,AHMEDABAD METRO RAIL PROJECT PHASE II,AMR,3-20193/2024,(N.A.),,12/2025,5384.17,,5384.17,0.0,0.0,3979.29,84.26,73.91,-10.35,0.0,Low,On Schedule,"Background AHMEDABAD METRO RAIL PROJECT PHASE II, AHMEDABAD, GUJARAT Project approved in March 2019 with cost of Rs 5384.17 and it is to be completed by March",Railways,Gujarat,1.0,0.739,8.591,0,36.0,On Schedule,0,Low,1432
MAR-2025,2025,MAR,FRMarch2025.pdf,N28000138,SURAT METRO RAIL PROJECT,AMR,3-20193/2024,(N.A.),,6/2026,12020.32,,12020.32,0.0,0.0,6662.69,63.98,55.43,-8.55,0.0,Low,On Schedule,"Background SURAT METRO RAIL PROJECT, SURAT, GUJARAT Project approved in March 2019 with cost of Rs 12020 and it is to be completed by March 2024. BANGALORE MET",Railways,Gujarat,1.0,0.554,9.394,0,36.0,On Schedule,0,Low,1433
MAR-2025,2025,MAR,FRMarch2025.pdf,N22000604,DOUBLING BETWEEN BHIWANI- DOBH BAHALI,NWR,2-20232/2028,(N.A.),,12/2025,471.06,,471.06,0.0,0.0,77.964,461.0,16.55,-444.45,0.0,Low,On Schedule,,Railways,Multi-State / Central,1.0,0.166,6.157,0,36.0,On Schedule,0,Low,1434
MAR-2025,2025,MAR,FRMarch2025.pdf,N24001774,CONSTRUCTION OF GURGAON - PATAUDI - REWARI SECTION OF NH-352W (DESIGN LENGTH 46.11 KM) AS FEEDER ROU,NHAI,12-202011/2023,(N.A.),,6/2024,1524.03,,1524.03,0.0,0.0,1092.89,62.55,71.71,9.16,0.0,Low,On Schedule,,Road Transport & Highways,Haryana,1.0,0.717,7.33,0,36.0,On Schedule,0,Low,1435
MAR-2025,2025,MAR,FRMarch2025.pdf,N24002038,CONSTRUCTION OF 6-LANE GREENFIELD KARNAL RING ROAD STARTING FROM NH-44 NEAR VILLAGE SHAMGARH (DESIGN,NHAI,11-20228/2025,(N.A.),,8/2025,1691.45,1998.0,1998.0,306.55,18.12,640.2657,467.0,37.85,-429.15,0.0,Medium,On Schedule,,Road Transport & Highways,Multi-State / Central,1.181,0.379,7.434,0,36.0,On Schedule,0,Medium,1436
MAR-2025,2025,MAR,FRMarch2025.pdf,N16000279,REDEVELOPMENT OF SANTHAL FIELD,ONGC,2-20173/2026,(N.A.),,3/2026,1162.56,,1162.56,0.0,0.0,1155.42,93.6,99.39,5.79,0.0,Low,On Schedule,"Background REDEVELOPMENT OF SANTHAL FIELD, MEHSANA, GUJARAT Project was approved on 23rd Feb 2017. Approved project cost is Rs. 1162.56Crore. Scheduled Completion of the project is March 2026. Project envisages incremental oil gain of 3.44 MMT till 2029-30. SCOPE OF WORKS: •Revamping of North Santha",Other Infrastructure,Multi-State / Central,1.0,0.994,7.059,0,36.0,On Schedule,0,Low,1437
MAR-2025,2025,MAR,FRMarch2025.pdf,N16000431,REDEVELOPMENT OF SOBHASAN COMPLEX,ONGC,8-20212/2026,(N.A.),,2/2026,885.63,1286.67,1286.67,401.04,45.28,546.7766,372.0,61.74,-310.26,0.0,High,On Schedule,,Other Infrastructure,Multi-State / Central,1.453,0.617,6.787,0,36.0,On Schedule,0,High,1438
MAR-2025,2025,MAR,FRMarch2025.pdf,N16000481,KALOL REDEVELOPMENT PROJECT,ONGC,8-20223/2027,(N.A.),,3/2027,1487.41,,1487.41,0.0,0.0,918.0059,375.0,61.72,-313.28,0.0,Low,On Schedule,,Other Infrastructure,Multi-State / Central,1.0,0.617,7.305,0,36.0,On Schedule,0,Low,1439
MAR-2025,2025,MAR,FRMarch2025.pdf,N16000428,REDEVELOPMENT OF LINCH FIELD,ONGC,4-20213/2025,(N.A.),,7/2025,631.03,860.04,860.04,229.01,36.29,384.8265,378.0,60.98,-317.02,0.0,Medium,On Schedule,,Other Infrastructure,Multi-State / Central,1.363,0.61,6.449,0,36.0,On Schedule,0,Medium,1440
MAR-2025,2025,MAR,FRMarch2025.pdf,N18000358,TRANSMISSION NETWORK EXPANSION IN GUJARAT ASSOCIATED WITH INTEGRATION OF RE PROJECTS FROM KHAVDA POT,PGCIL,3-20233/2025,(N.A.),,4/2025,815.12,,815.12,0.0,0.0,10.9983,380.0,1.35,-378.65,0.0,Low,On Schedule,,Power & Renewable Energy,Gujarat,1.0,0.013,6.705,0,36.0,On Schedule,0,Low,1441
MAR-2025,2025,MAR,FRMarch2025.pdf,N18000361,"KHAVDA PHASE-II-PART C, GUJARAT- TRANSMISSION SCHEME FOR EVACUATION OF 4.5 GW RE INJECTION AT KHAVDA",PGCIL,3-20233/2025,(N.A.),,6/2025,2820.99,,2820.99,0.0,0.0,2304.46,68.0,81.69,13.69,0.0,Low,On Schedule,,Power & Renewable Energy,Gujarat,1.0,0.817,7.945,0,36.0,On Schedule,0,Low,1442
MAR-2025,2025,MAR,FRMarch2025.pdf,N06000197,BAROUD OC EXPANSION (3-10 MTY),SECL,8-20203/2029,(N.A.),,3/2029,2309.8,,2309.8,0.0,0.0,901.4041,293.0,39.03,-253.97,0.0,Low,On Schedule,,Coal & Mines,Multi-State / Central,1.0,0.39,7.745,0,36.0,On Schedule,0,Low,1443
MAR-2025,2025,MAR,FRMarch2025.pdf,N06000199,PORDA CHIMTAPANI OCP (10 MTY),SECL,12-20203/2029,(N.A.),,3/2029,2310.12,,2310.12,0.0,0.0,46.541,295.0,2.01,-292.99,0.0,Low,On Schedule,,Coal & Mines,Multi-State / Central,1.0,0.02,7.745,0,36.0,On Schedule,0,Low,1444
MAR-2025,2025,MAR,FRMarch2025.pdf,N18000405,TRANSMISSION SYSTEM FOR EVACUATION OF POWER FROM POTENTIAL RENEWABLE ENERGY ZONE IN KHAVDA AREA OF G,PGCIL,11-20245/2029,(N.A.),,5/2029,24819.0,,24819.0,0.0,0.0,1340.001,390.0,5.4,-384.6,0.0,Low,On Schedule,,Power & Renewable Energy,Multi-State / Central,1.0,0.054,10.119,0,36.0,On Schedule,0,Low,1445
MAR-2025,2025,MAR,FRMarch2025.pdf,N18000295,GUJARAT 200 MW (GUVNL TENDER),NTPC,1-20217/2022,(N.A.),,9/2025,842.27,,842.27,0.0,0.0,767.913,394.0,91.17,-302.83,0.0,Low,On Schedule,,Power & Renewable Energy,Gujarat,1.0,0.912,6.737,0,36.0,On Schedule,0,Low,1446
MAR-2025,2025,MAR,FRMarch2025.pdf,N18000296,"MW SOLAR PV PROJECT IN GUJARAT (LIMBDI, MESANKA AND RADHANPUR)",NTPC,5-20219/2022,(N.A.),,4/2025,674.92,,674.92,0.0,0.0,572.4491,395.0,84.82,-310.18,0.0,Low,On Schedule,,Power & Renewable Energy,Gujarat,1.0,0.848,6.516,0,36.0,On Schedule,0,Low,1447
MAR-2025,2025,MAR,FRMarch2025.pdf,N18000297,Bagodara Solar Power Project,SJVN,5-202110/2022,(N.A.),,12/2025,339.35,,339.35,0.0,0.0,317.3151,397.0,93.51,-303.49,0.0,Low,On Schedule,,Power & Renewable Energy,Multi-State / Central,1.0,0.935,5.83,0,36.0,On Schedule,0,Low,1448
MAR-2025,2025,MAR,FRMarch2025.pdf,N18000346,KHAWDA 1255MW SOLAR PROJECT (KHAWDA SOLAR PARK),NTPC,9-20229/2024,(N.A.),,6/2025,7179.54,,7179.54,0.0,0.0,4462.12,61.0,62.15,1.15,0.0,Low,On Schedule,,Power & Renewable Energy,Multi-State / Central,1.0,0.622,8.879,0,36.0,On Schedule,0,Low,1449
MAR-2025,2025,MAR,FRMarch2025.pdf,N18000349,BHUJ SOLAR 300MW (TRANCHE- IV WIND SOLAR HYBRID),NTPC,11-20223/2024,(N.A.),,1/2026,1442.6,,1442.6,0.0,0.0,792.362,400.0,54.93,-345.07,0.0,Low,On Schedule,,Power & Renewable Energy,Multi-State / Central,1.0,0.549,7.275,0,36.0,On Schedule,0,Low,1450
MAR-2025,2025,MAR,FRMarch2025.pdf,N22000539,NADIAD-PETLAD (37.26 KM),WR,5-20226/2030,(N.A.),,12/2025,335.34,461.91,461.91,126.57,37.74,73.237,405.0,21.84,-383.16,0.0,Medium,On Schedule,,Other Infrastructure,Multi-State / Central,1.377,0.218,5.818,0,36.0,On Schedule,0,Medium,1451
MAR-2025,2025,MAR,FRMarch2025.pdf,N24001920,UPGRADATION OF NH 130A MUNGELI TO PONDI FROM NH KM. 51.600 TO KM. 77.870 KM. 80.970 TO 96.970 TO 2,MoRTH,3-20219/2024,(N.A.),,5/2025,218.57,,218.57,0.0,0.0,136.2681,322.0,62.35,-259.65,0.0,Low,On Schedule,,Road Transport & Highways,Multi-State / Central,1.0,0.623,5.392,0,36.0,On Schedule,0,Low,1452
MAR-2025,2025,MAR,FRMarch2025.pdf,N24002045,CONSTRUCTION OF 6 LANE DURG RAIPUR ARANG BYPASS PKG 1 SECTION OF NH 53 FROM CH 0.000 TO CH 44.50,NHAI,6-20227/2025,(N.A.),,7/2025,1828.0,,1828.0,0.0,0.0,499.8333,324.0,27.34,-296.66,0.0,Low,On Schedule,,Road Transport & Highways,Chhattisgarh,1.0,0.273,7.512,0,36.0,On Schedule,0,Low,1453
MAR-2025,2025,MAR,FRMarch2025.pdf,N24001221,REHABILITATION AND UPGRADATION OF NH 78 FROM KM 373.505 TO 469.300 AMBIKAPUR TO PATHALGAON SECTION,MoRTH,1-201610/2016,(N.A.),,3/2025,624.98,,731.5,106.52,17.04,620.5299,327.0,99.29,-227.71,0.0,Medium,On Schedule,"Background REHABILITATION AND UPGRADATION OF NH 78 FROM KM 373.505 TO 469.300 AMBIKAPUR TO PATHALGAON SECTION, RAIGARH, CHHATISGARH ( - ) Ministry Of Statistics and Programme Implementation Infrastructure and Project Monitoring Division Release On 24-Aug",Road Transport & Highways,Multi-State / Central,1.17,0.993,6.439,0,36.0,On Schedule,0,Medium,1454
MAR-2025,2025,MAR,FRMarch2025.pdf,N24001227,CONSTRUCTION OF 4 NOS GRADE SEPARATOR BETWEEN KM. 281.000 TO KM 307.600 KM. 286.400 KUMHARI KM. 299.,MoRTH,3-20181/2019,(N.A.),,5/2025,349.03,,349.03,0.0,0.0,316.5297,329.0,90.69,-238.31,0.0,Low,On Schedule,,Road Transport & Highways,Multi-State / Central,1.0,0.907,5.858,0,36.0,On Schedule,0,Low,1455
MAR-2025,2025,MAR,FRMarch2025.pdf,N24001611,4 LANE OF BILASPUR TO URGA PROJECT (KM 0.00 TO KM 70.2) OF NH-130A,NHAI,4-20203/2024,(N.A.),,9/2025,1855.59,2523.86,2523.86,668.27,36.01,592.9288,75.0,31.95,-43.05,0.0,Medium,On Schedule,,Road Transport & Highways,Chhattisgarh,1.36,0.32,7.526,0,36.0,On Schedule,0,Medium,1456
MAR-2025,2025,MAR,FRMarch2025.pdf,N12000131,"REPLACEMENT OF CONVERTER VESSELS, TRUNNION RINGS, SUPPORT SYSTEM AND INSTALLATION OF SECONDARY EMISS",SAIL,10-20236/2026,(N.A.),,6/2026,471.83,,471.83,0.0,0.0,58.2713,334.0,12.35,-321.65,0.0,Low,On Schedule,,Ports & Shipping,Multi-State / Central,1.0,0.124,6.159,0,36.0,On Schedule,0,Low,1457
MAR-2025,2025,MAR,FRMarch2025.pdf,N24001879,IN THE STATE OF BIHAR ON EPC MODE CONNECTING,MoRTH,3-20227/2025,(N.A.),,7/2025,295.24,,295.24,0.0,0.0,77.0545,244.0,26.1,-217.9,0.0,Low,On Schedule,,Road Transport & Highways,Bihar,1.0,0.261,5.691,0,36.0,On Schedule,0,Low,1458
MAR-2025,2025,MAR,FRMarch2025.pdf,N24000507,FOUR LANING OF BAKHTIYARPUR - MOKAMA SECTION OF NH-31,NHAI,12-201512/2019,(N.A.),,12/2024,1167.45,,1182.94,15.49,1.33,735.9996,65.0,63.04,-1.96,0.0,Low,On Schedule,"Background FOUR LANING OF BAKHTIYARPUR - MOKAMA SECTION OF NH-31, BIHAR This Project was approved on December 2015 with Capital Investment of Rs. 1167.45 Crores. It is to be completed by Dec’201",Road Transport & Highways,Multi-State / Central,1.013,0.63,7.063,0,36.0,On Schedule,0,Low,1459
MAR-2025,2025,MAR,FRMarch2025.pdf,N22000281,ANAND VIHAR-TILAK BRIDGE 3RD AND 4TH LINE,NR,4-2012,(N.A.),,6/2026,295.68,,699.0,403.32,136.4,169.9945,345.0,57.49,-287.51,0.0,High,On Schedule,"Background ANAND VIHAR-TILAK BRIDGE 3RD AND 4TH LINE, DELHI Project approved in April 2012 with cost of Rs 295.68 crore and it is to be completed by March 2023 Present status: Part estimate amounting Rs. 1.70 cr sanctioned. Soil investigation work & FLS work are in progress. Plate load tests on vari",Other Infrastructure,Multi-State / Central,2.364,0.575,5.693,0,36.0,On Schedule,0,High,1460
MAR-2025,2025,MAR,FRMarch2025.pdf,N24001773,6L ACCESS CONTROLLED HIGHWAY FROM DND MAHARANI BAGH JN. WITH JAITPUR PUSHTA ROAD OF NH 148NA FROM,NHAI,5-20207/2024,(N.A.),,9/2025,1467.44,,1942.89,475.45,32.4,1113.43,86.3,75.88,-10.42,0.0,Medium,On Schedule,,Road Transport & Highways,Multi-State / Central,1.324,0.759,7.292,0,36.0,On Schedule,0,Medium,1461
MAR-2025,2025,MAR,FRMarch2025.pdf,N24001779,DWARKA EXPRESSWAY FROM KM -0.600 TO KM 5.300 - PKG-I (SHIVMURTI CHOWK-RUB NEAR DWARKA SECTOR 21),NHAI,3-20189/2022,(N.A.),,6/2025,2507.0,,3030.73,523.73,20.89,1155.7,94.0,46.1,-47.9,0.0,Medium,On Schedule,,Road Transport & Highways,Multi-State / Central,1.209,0.461,7.827,0,36.0,On Schedule,0,Medium,1462
MAR-2025,2025,MAR,FRMarch2025.pdf,N24001781,8L OF DWARKA EXPRESSWAY PKG-II (RUB NEAR DWARKA SECTOR 21-DL/HR BORDER) FROM 5.300 KM.TO 9.500 KM. O,NHAI,1-201810/2021,(N.A.),,3/2025,2067.67,,2160.0,92.33,4.47,1496.49,99.2,72.38,-26.82,0.0,Low,On Schedule,,Road Transport & Highways,Multi-State / Central,1.045,0.724,7.635,0,36.0,On Schedule,0,Low,1463
MAR-2025,2025,MAR,FRMarch2025.pdf,N28000115,SETTING UP PHYSICAL INFRASTRUCTURE FOR THE NATIONAL INSTITUTE OF COMMUNICATION FINANCE(NICF) AT GHIT,CPWD FOR TELECO,10-20143/2018,(N.A.),,3/2025,248.2,,248.2,0.0,0.0,236.2798,352.0,95.2,-256.8,0.0,Low,On Schedule,"Background SETTING UP PHYSICAL INFRASTRUCTURE FOR THE NATIONAL INSTITUTE OF COMMUNICATION FINANCE(NICF) AT GHIT, DELHI, DELHI Delay in decision making from BSNL, who is vlient NICF,s project consultant is hampering the progress of the work a lot. CPWD continously interacts with them in various coord",Other Infrastructure,Uttar Pradesh,1.0,0.952,5.518,0,36.0,On Schedule,0,Low,1464
MAR-2025,2025,MAR,FRMarch2025.pdf,N28000128,REDEVELOPMENT OF GENERAL POOL RESIDENTIAL COLONY AT SRINIWASPURI NEW DELHI PHASE-I,CPWD,10-20167/2021,(N.A.),,6/2024,1180.0,,1100.8,-79.2,-6.71,36.692,354.0,3.11,-350.89,0.0,Low,On Schedule,"Background REDEVELOPMENT OF GENERAL POOL RESIDENTIAL COLONY AT SRINIWASPURI NEW DELHI PHASE-I, NEW DELHI, DELHI Project approved in Oct’16 with cost of Rs 1180 and it is to be completed by July",Other Infrastructure,Delhi & NCR,0.933,0.031,7.074,0,36.0,On Schedule,0,Low,1465
MAR-2025,2025,MAR,FRMarch2025.pdf,N28000135,DELHI METRO PHASE IV THREE PRIORITY CORRIDORS,DMRC,7-20193/2025,(N.A.),,3/2026,24948.65,,24948.65,0.0,0.0,15494.03,63.28,62.1,-1.18,0.0,Low,On Schedule,"Background DELHI METRO PHASE IV THREE PRIORITY CORRIDORS, DELHI, DELHI Project approved in July’2019 with cost of Rs 24948.65crore and it is to be completed by March 2025. HINDUSTAN STEELWORK CONSTRUCTION L",Urban Metro & Transit,Delhi & NCR,1.0,0.621,10.125,0,36.0,On Schedule,0,Low,1466
MAR-2025,2025,MAR,FRMarch2025.pdf,N16000514,"REVAMPING OF SV STATIONS, GAS TERMINAL AND KRIBHCO TERMINAL",ONGC,11-20228/2026,(N.A.),,8/2026,837.34,,837.34,0.0,0.0,147.6839,367.0,17.64,-349.36,0.0,Low,On Schedule,,Civil Aviation,Multi-State / Central,1.0,0.176,6.731,0,36.0,On Schedule,0,Low,1467
MAR-2025,2025,MAR,FRMarch2025.pdf,N24002197,IMPROVEMENT TO TWO LANE WITH PAVED SHOULDER FROM JUNCTION OF NH-22 NEAR HAJIPUR TO JUNCTION OF NH-12,MoRTH,2-20242/2026,(N.A.),,2/2026,226.15,,226.15,0.0,0.0,9.7711,274.0,4.32,-269.68,0.0,Low,On Schedule,,Road Transport & Highways,Multi-State / Central,1.0,0.043,5.426,0,36.0,On Schedule,0,Low,1468
MAR-2025,2025,MAR,FRMarch2025.pdf,N24002220,PERMANENT RECTIFICATION OF 4 NOS. OF BLACKSPOTS ON NH 27 OF KOTWA MEHSI MUZAFFARPUR SECTION FROM,NHAI,12-202211/2026,(N.A.),,11/2026,410.75,,410.75,0.0,0.0,34.8317,277.0,8.48,-268.52,0.0,Low,On Schedule,,Road Transport & Highways,Bihar,1.0,0.085,6.02,0,36.0,On Schedule,0,Low,1469
MAR-2025,2025,MAR,FRMarch2025.pdf,N28000148,PATNA METRO RAIL CORPORATION LIMITED,PATNA METRO RAI,2-20196/2024,(N.A.),,9/2024,13365.77,,13925.5,559.73,4.19,3157.64,43.28,23.62,-19.66,0.0,Low,On Schedule,,Railways,Bihar,1.042,0.236,9.501,0,36.0,On Schedule,0,Low,1470
MAR-2025,2025,MAR,FRMarch2025.pdf,N30000039,SAIDPUR SEWER NETWORK PATNA,BUIDCO,4-20151/2021,(N.A.),,6/2022,268.63,,493.85,225.22,83.84,490.63,100.0,182.64,82.64,0.0,High,On Schedule,"Background SAIDPUR SEWER NETWORK PATNA, PATNA, BIHAR Project approved in April 2015 with cost of Rs 268.63 and it is to be completed by Jan’20",Other Infrastructure,Bihar,1.838,1.826,5.597,1,36.0,On Schedule,0,High,1471
MAR-2025,2025,MAR,FRMarch2025.pdf,N30000051,"SEWERAGE SYSTEM AND STP FOR DIGHA ZONE, PATNA",BUIDCO,8-20176/2022,(N.A.),,12/2025,824.0,734.09,824.0,0.0,0.0,379.3854,287.0,46.04,-240.96,0.0,Low,On Schedule,"Background SEWERAGE SYSTEM AND STP FOR DIGHA ZONE, PATNA, BIHAR Project approved in Aug’17 with cost of Rs 824 and it is to be completed by June 2022. Ministry of Statistics and Programme Implementation Infrastructure and Project Monitoring Division Release on 24-Aug",Other Infrastructure,Bihar,1.0,0.46,6.715,0,36.0,On Schedule,0,Low,1472
MAR-2025,2025,MAR,FRMarch2025.pdf,N06000045,PELMA OCP(15.00MTY),SECL,10-20223/2023,(N.A.),,3/2033,1624.59,,1725.04,100.45,6.18,14.9517,290.0,0.92,-289.08,0.0,Low,On Schedule,"Background PELMA OCP(15.00MTY), CHHATISGARH Initially the project having capacity of 10 MTY was approved in July 2008 with cost as of Rs 448.32 Crores. Later 08.11.2014 the scope of the project has been changed. Capacity and original cost of the project has been changed to 15 MTY and Rs. 1624.59 cro",Coal & Mines,Multi-State / Central,1.062,0.009,7.394,0,36.0,On Schedule,0,Low,1473
MAR-2025,2025,MAR,FRMarch2025.pdf,N16000524,"CITY GAS DISTRIBUTION PROJECTS AT DARBHANGA, MADHUBANI, SUPAUL, SITAMARHI AND SHEOHAR DISTRICTS",BPCL,12-20223/2030,(N.A.),,3/2030,3638.0,,3638.0,0.0,0.0,356.2818,204.0,9.79,-194.21,0.0,Low,On Schedule,,Petroleum & Natural Gas,Multi-State / Central,1.0,0.098,8.199,0,36.0,On Schedule,0,Low,1474
MAR-2025,2025,MAR,FRMarch2025.pdf,N18000194,BUXAR THERMAL POWER PLANT (1320 MW),SJVN,3-20191/2024,(N.A.),,9/2025,10439.09,,12999.36,2560.27,24.53,11328.77,87.45,108.52,21.07,0.0,Medium,On Schedule,"Background PRE-CONSTRUCTION ACTIVITIES OF 1320 MW BUXAR THERMAL POWER PLANT, BUXAR, BIHAR Memorandum of understanding between SJVN, Bihar State Power Holding Company Limited and Bihar Infrastructure Company was signed on 17.01.2013. SJVN took over Buxar Bijli Company Private Limited on 04.07.2013. T",Power & Renewable Energy,Multi-State / Central,1.245,1.085,9.253,1,36.0,On Schedule,0,Medium,1475
MAR-2025,2025,MAR,FRMarch2025.pdf,N06000274,KATKONA RO UG PROJECT (1.74 MTY),SECL,1-20233/2029,(N.A.),,3/2029,329.22,,329.22,0.0,0.0,60.342,298.0,18.33,-279.67,0.0,Low,On Schedule,,Coal & Mines,Multi-State / Central,1.0,0.183,5.8,0,36.0,On Schedule,0,Low,1476
MAR-2025,2025,MAR,FRMarch2025.pdf,N18000354,TRANSMISSION SYSTEM ASSOCIATED WITH WESTERN REGION EXPANSION SCHEME XXVII,PGCIL,3-20239/2024,(N.A.),,3/2025,271.69,,271.69,0.0,0.0,186.03,100.0,68.47,-31.53,0.0,Low,On Schedule,,Power & Renewable Energy,Multi-State / Central,1.0,0.685,5.608,0,36.0,On Schedule,0,Low,1477
MAR-2025,2025,MAR,FRMarch2025.pdf,N18000355,TRANSMISSION SYSTEM ASSOCIATED WITH WESTERN REGION EXPANSION SCHEME- XXVIII AND XXIX,PGCIL,3-20233/2025,(N.A.),,3/2025,260.3,,260.3,0.0,0.0,187.79,100.0,72.14,-27.86,0.0,Low,On Schedule,,Power & Renewable Energy,Multi-State / Central,1.0,0.721,5.566,0,36.0,On Schedule,0,Low,1478
MAR-2025,2025,MAR,FRMarch2025.pdf,N18000381,"LARA SUPER THERMAL POWER PROJECT, STAGE-II (2X800 MW)",NTPC,8-20236/2028,(N.A.),,6/2028,15530.0,,15530.0,0.0,0.0,1634.356,305.0,10.52,-294.48,0.0,Low,On Schedule,,Power & Renewable Energy,Multi-State / Central,1.0,0.105,9.651,0,36.0,On Schedule,0,Low,1479
MAR-2025,2025,MAR,FRMarch2025.pdf,N22000572,Gauge conversion of Raipur(Kendri)- Dhamtari and Abhanpur-Rajim branch (67.20 km),SECR,7-201110/2024,(N.A.),,6/2025,1171.3,,1171.3,0.0,0.0,560.458,313.0,47.85,-265.15,0.0,Low,On Schedule,,Railways,Chhattisgarh,1.0,0.478,7.067,0,36.0,On Schedule,0,Low,1480
MAR-2025,2025,MAR,FRMarch2025.pdf,N22000489,KHARSIA DHARAMJAIGARH WITH SPUR LINE EAST CORRIDOR- PHASE I,IRCON,4-20139/2018,(N.A.),,12/2025,3055.0,,3438.39,383.39,12.55,3112.06,92.6,101.87,9.27,0.0,Low,On Schedule,"Background KHARSIA DHARAMJAIGARH WITH SPUR LINE EAST CORRIDOR-PHASE I, CHHATISGARH Chhattisgarh East Rail Corridor is located in state of Chhattisgarh over South East Central Railway. Funding of the Project is based on Debt-Equity Model with 80% Debt and 20% Equity and is being implemented by Specia",Railways,Multi-State / Central,1.125,1.019,8.025,0,36.0,On Schedule,0,Low,1481
MAR-2025,2025,MAR,FRMarch2025.pdf,N22000580,DOUBLING OF BORIDAND - AMBIKAPUR ( SURAJPUR),SECR,6-20226/2030,(N.A.),,3/2027,1376.2,1242.94,1242.94,-133.26,-9.68,154.631,73.0,11.24,-61.76,0.0,Low,On Schedule,,Railways,Multi-State / Central,0.903,0.112,7.228,0,36.0,On Schedule,0,Low,1482
MAR-2025,2025,MAR,FRMarch2025.pdf,N24001917,UP GRADATION OF NH 930 SHERPAR TO KOHKA FROM KM 67.880 TO KM 114.860 TO TWO LANE WITH PAVED SHOULDER,MoRTH,3-20205/2024,(N.A.),,5/2025,278.97,,278.97,0.0,0.0,206.5986,320.0,74.06,-245.94,0.0,Low,On Schedule,,Road Transport & Highways,Uttar Pradesh,1.0,0.741,5.635,0,36.0,On Schedule,0,Low,1483
MAR-2025,2025,MAR,FRMarch2025.pdf,N22000476,"FATUHA-ISLAMPUR INCL. MM FOR EXTENSION OF NEW LINE FORM BIHARSHARIF-BARBIGHA, DANIYAWAN-BIHARSHARIF,",ECR,4-1991,(N.A.),,5/2025,329.39,803.09,2722.16,2392.77,726.42,2752.37,90.0,835.6,745.6,0.0,High,On Schedule,"Background FATUHA-ISLAMPUR INCL. MM FOR EXTENSION OF NEW LINE FORM BIHARSHARIF-BARBIGHA, DANIYAWAN- BIHARSHARIF,, BIHAR a)Neora- Daniawan (42.4km)- done byRVNL (b)Barbigha- Sheikhpura(16.8km)- done byRVNL commissioned (c)Daniawan- Biharsharif(38.3)-commissioned (d)Biharsharif- Barbigha(25.8)- target",Railways,Bihar,8.264,8.356,5.8,1,36.0,On Schedule,0,High,1484
MAR-2025,2025,MAR,FRMarch2025.pdf,N24001697,4L GREENFIELD ALIGNMENT FROM KALYANAPUR TO TAL DASHRAHA OF NH-119D (PKG-III),NHAI,2-20232/2025,(N.A.),,12/2025,1358.0,,1358.0,0.0,0.0,183.4713,225.0,13.51,-211.49,0.0,Low,On Schedule,,Road Transport & Highways,Multi-State / Central,1.0,0.135,7.215,0,36.0,On Schedule,0,Low,1485
MAR-2025,2025,MAR,FRMarch2025.pdf,N24001708,BAKHTIYARPUR RAJAULI PKG-III FROM KM 101.630 TO KM 152.520 NH20,NHAI,9-20206/2024,(N.A.),,12/2024,2156.22,,2156.22,0.0,0.0,2134.67,98.23,99.0,0.77,0.0,Low,On Schedule,,Road Transport & Highways,Multi-State / Central,1.0,0.99,7.677,0,36.0,On Schedule,0,Low,1486
MAR-2025,2025,MAR,FRMarch2025.pdf,N24001870,IMPROVEMENT TO TWO LANE WITH PAVED SHOULDERS OF NH 122B FROM KM 29.730 TO KM 72.348 IN STATE OF BIH,MoRTH,2-202211/2024,(N.A.),,11/2025,624.43,,624.43,0.0,0.0,280.988,239.0,45.0,-194.0,0.0,Low,On Schedule,,Road Transport & Highways,Multi-State / Central,1.0,0.45,6.438,0,36.0,On Schedule,0,Low,1487
MAR-2025,2025,MAR,FRMarch2025.pdf,N24001876,WIDENING and STRENTHENING FROM KM132.895 TO KM 190.15 NH-80,MoRTH,3-20213/2024,(N.A.),,9/2025,566.15,,566.15,0.0,0.0,239.2054,64.0,42.25,-21.75,0.0,Low,On Schedule,,Road Transport & Highways,Multi-State / Central,1.0,0.423,6.341,0,36.0,On Schedule,0,Low,1488
MAR-2025,2025,MAR,FRMarch2025.pdf,N24001878,IMPROVEMENT TO TWO LANE WITH PAVED SHOULDERS OF NH- 319A FROM KM 0 TO KM 45 IN STATE OF BIHAR UNDER,MoRTH,2-202212/2024,(N.A.),,4/2025,427.29,,427.29,0.0,0.0,193.4472,243.0,45.27,-197.73,0.0,Low,On Schedule,,Road Transport & Highways,Bihar,1.0,0.453,6.06,0,36.0,On Schedule,0,Low,1489
MAR-2025,2025,MAR,FRMarch2025.pdf,N24001959,LANE FROM KM 56.400 TO KM 120.300 FROM B.KOTHAPALLI JUNCTION TO GORANTLA OF NH 716G,MoRTH,3-20229/2025,(N.A.),,9/2025,839.98,,839.98,0.0,0.0,372.5167,75.0,44.35,-30.65,0.0,Low,On Schedule,,Road Transport & Highways,Multi-State / Central,1.0,0.443,6.735,0,36.0,On Schedule,0,Low,1490
MAR-2025,2025,MAR,FRMarch2025.pdf,N24001980,4 LANING OF NH 544D FROM EXISTING KM 346.300 OF NH 44 (DESIGN CHAINAGE KM 0.000) TO KM 39.380 (DESIG,NHAI,10-20227/2025,(N.A.),,7/2025,907.76,,907.76,0.0,0.0,381.668,44.0,42.05,-1.95,0.0,Low,On Schedule,,Road Transport & Highways,Multi-State / Central,1.0,0.42,6.812,0,36.0,On Schedule,0,Low,1491
MAR-2025,2025,MAR,FRMarch2025.pdf,N24000531,REHABILITATION AND UPGRADING TO 2 LANES/2 LANE WITH PAVED SHOULDERS (KM 40 TO KM 219.945) OF NH-104,MoRTH,2-201611/2018,(N.A.),,5/2025,319.68,,503.28,183.6,57.43,453.0098,250.0,141.71,-108.29,0.0,High,On Schedule,"Background REHABILITATION AND UPGRADING TO 2 LANES/2 LANE WITH PAVED SHOULDERS (KM 40 TO KM 219.945) OF Ministry Of Statistics and Programme Implementation Infrastructure and Project Monitoring Division Release On 24-Aug-2020 NH-104, BIHAR This Project was approved on January 1991 with Capital Inves",Road Transport & Highways,Multi-State / Central,1.574,1.417,5.77,0,36.0,On Schedule,0,High,1492
MAR-2025,2025,MAR,FRMarch2025.pdf,N24000578,"PROCUREMENT, AND CONSTRUCTION OF REHABILITATION AND UPGRADING TO 2 LANES/2 LANE(FOR LOT-III-KM 156.5",MoRTH,2-20165/2016,(N.A.),,3/2025,553.3,,706.39,153.09,27.67,712.3898,252.0,128.75,-123.25,0.0,Medium,On Schedule,"Background ENGINEERING, PROCUREMENT, AND CONSTRUCTION OF REHABILITATION AND UPGRADING TO 2-LANES/2 - LANE WITH P, BIHAR This Project was approved on February 2016 with Capital Investment of Rs. 553.30 Crores. 51 ENGINEERING, PROCUREMENT, AND C",Road Transport & Highways,Multi-State / Central,1.277,1.288,6.318,0,36.0,On Schedule,0,Medium,1493
MAR-2025,2025,MAR,FRMarch2025.pdf,N24002062,CONSTRUCTION OF 6- LANE BRIDGE AND ITS APPROACHES ACROSS RIVER GANGA AS PART OF PATNA RING ROAD (NH-,NHAI,3-20239/2027,(N.A.),,9/2027,3012.27,,3012.27,0.0,0.0,183.746,259.0,6.1,-252.9,0.0,Low,On Schedule,,Road Transport & Highways,Bihar,1.0,0.061,8.011,0,36.0,On Schedule,0,Low,1494
MAR-2025,2025,MAR,FRMarch2025.pdf,N24002064,PERMANENT RECTIFICATION OF 3 NOS. OF BLACK SPOTS IN PROJECT HIGHWAY NH-27 OF U.P BORDER - DEWAPUR -,NHAI,12-202212/2025,(N.A.),,12/2025,381.8,,381.8,0.0,0.0,77.784,261.0,20.37,-240.63,0.0,Low,On Schedule,,Road Transport & Highways,Multi-State / Central,1.0,0.204,5.948,0,36.0,On Schedule,0,Low,1495
MAR-2025,2025,MAR,FRMarch2025.pdf,N24002065,D (PKG-I),NHAI,2-20223/2025,(N.A.),,3/2025,1390.92,,1390.92,0.0,0.0,150.7115,262.0,10.84,-251.16,0.0,Low,On Schedule,,Road Transport & Highways,Multi-State / Central,1.0,0.108,7.238,0,36.0,On Schedule,0,Low,1496
MAR-2025,2025,MAR,FRMarch2025.pdf,N24002133,IMPROVEMENT OF 2 LANE WITH PAVED SHOULDER OF STRETCH FROM BIKRAMGANJ DAWATH MELAYABAGH NAWANAGR -DUM,MoRTH,3-20213/2025,(N.A.),,6/2025,178.63,,178.63,0.0,0.0,113.6183,265.0,63.61,-201.39,0.0,Low,On Schedule,,Road Transport & Highways,Multi-State / Central,1.0,0.636,5.191,0,36.0,On Schedule,0,Low,1497
MAR-2025,2025,MAR,FRMarch2025.pdf,N24002193,CONSTRUCTION OF 4 LANE ROB AND ITS APPROACHES AT THE LEVEL OF CROSSING (L C NO. 29- B) OF KM 29 (EKAN,MoRTH,3-20237/2026,(N.A.),,7/2026,201.08,,201.08,0.0,0.0,23.7322,68.0,11.8,-56.2,0.0,Low,On Schedule,,Road Transport & Highways,Multi-State / Central,1.0,0.118,5.309,0,36.0,On Schedule,0,Low,1498
MAR-2025,2025,MAR,FRMarch2025.pdf,N24002194,CONSTRUCTION OF 6-LANE ELEVATED / EXTRA DOSE CABLE BRIDGE ON RIVER GANGA PARALLEL TO AND WESTERN SID,MoRTH,1-202411/2027,(N.A.),,11/2027,3064.45,,3064.45,0.0,0.0,68.061,271.0,2.22,-268.78,0.0,Low,On Schedule,,Road Transport & Highways,Multi-State / Central,1.0,0.022,8.028,0,36.0,On Schedule,0,Low,1499
MAR-2025,2025,MAR,FRMarch2025.pdf,N24002143,BYPASS ROAD TO ADONI TOWN CONNECTING NH-167 (HAGARI - JADCHARLA ROAD) FROM KM.62/700 TO 71/400 IN KU,MoRTH,8-20232/2026,(N.A.),,2/2026,361.24,,361.24,0.0,0.0,97.9552,48.0,27.12,-20.88,0.0,Low,On Schedule,,Road Transport & Highways,Multi-State / Central,1.0,0.271,5.892,0,36.0,On Schedule,0,Low,1500
MAR-2025,2025,MAR,FRMarch2025.pdf,N24001386,REHABILITATION AND UPGRADATION TO 2-LANE WITH PAVED SHOULDERS CONFIGURATION OF PADERU- GONDIGUDA SECT,MoRTH,8-20203/2021,(N.A.),,6/2025,222.61,,222.61,0.0,0.0,173.5395,112.0,77.96,-34.04,0.0,Low,On Schedule,,Road Transport & Highways,Multi-State / Central,1.0,0.78,5.41,0,36.0,On Schedule,0,Low,1501
MAR-2025,2025,MAR,FRMarch2025.pdf,N16000511,DCU REVAMP PROJECT,NRL,8-20213/2025,(N.A.),,10/2025,370.0,,370.0,0.0,0.0,250.1755,143.0,67.62,-75.38,0.0,Low,On Schedule,,Other Infrastructure,Multi-State / Central,1.0,0.676,5.916,0,36.0,On Schedule,0,Low,1502
MAR-2025,2025,MAR,FRMarch2025.pdf,N28000100,CONSTRUCTION OF ACADEMIC AND RESIDENTIAL COMPLEX UNDER PHASE-II FOR THE CAMPUS OF IIT PATNA,CPWD EDUCATION,2-20166/2017,(N.A.),,1/2024,496.18,496.0,460.0,-36.18,-7.29,436.15,100.0,87.9,-12.1,0.0,Low,On Schedule,"Background CONSTRUCTION OF ACADEMIC AND RESIDENTIAL COMPLEX UNDER PHASE-II FOR THE CAMPUS OF IIT PATNA, PATNA, BIHAR Project approved in Feb’16 with cost of Rs 496.18 cr and it was to be completed by June’17 and it is to be completed by March 2021 1. 2 buildings (Workshop & ESS) - Structure work don",Other Infrastructure,Bihar,0.927,0.879,6.209,0,36.0,On Schedule,0,Low,1503
MAR-2025,2025,MAR,FRMarch2025.pdf,N42000009,PERMANENT CAMPUS FOR IIM BODH GAYA,CPWD EDUCATION,9-20189/2020,(N.A.),,3/2025,375.0,,375.0,0.0,0.0,333.4599,200.0,88.92,-111.08,0.0,Low,On Schedule,,Other Infrastructure,Bihar,1.0,0.889,5.93,0,36.0,On Schedule,0,Low,1504
MAR-2025,2025,MAR,FRMarch2025.pdf,N16000453,INSTALLATION OF BITUMEN MANUFACTURING UNIT ALONG WITH ALLIED FACILITIES AT BARAUNI,IOCL,1-20224/2025,(N.A.),,5/2026,389.0,,389.0,0.0,0.0,32.6028,202.0,8.38,-193.62,0.0,Low,On Schedule,,Petroleum & Natural Gas,Multi-State / Central,1.0,0.084,5.966,0,36.0,On Schedule,0,Low,1505
MAR-2025,2025,MAR,FRMarch2025.pdf,N24001822,BANGALORE CHENNAI EXPRESSWAY (PHASE-II PKG-I) FROM KM.71.000 TO KM 96.000 (BETHAMANGALA IN THE STATE,NHAI,12-202010/2024,(N.A.),,10/2024,1075.27,,1307.0,231.73,21.55,1068.78,79.68,99.4,19.72,0.0,Medium,On Schedule,,Road Transport & Highways,Tamil Nadu,1.216,0.994,6.981,1,36.0,On Schedule,0,Medium,1506
MAR-2025,2025,MAR,FRMarch2025.pdf,N24001838,6L ALURU - JAKKUVA SECTION OF NH-130CD ROAD FROM KM 365.033 TO KM 396.800 (PKG. 1),NHAI,2-20213/2024,(N.A.),,6/2025,922.5,,1128.68,206.18,22.35,473.698,48.0,51.35,3.35,0.0,Medium,On Schedule,,Road Transport & Highways,Multi-State / Central,1.224,0.513,6.828,0,36.0,On Schedule,0,Medium,1507
MAR-2025,2025,MAR,FRMarch2025.pdf,220100257,KHAGARIA-KUSHESHWAR ASTHAN (NL) (ECR),ECR,4-1997,(N.A.),,3/2027,162.87,614.45,614.45,451.58,277.26,465.6651,208.0,285.91,77.91,0.0,High,On Schedule,"Background KHAGARIA-KUSHESHWAR ASTHAN (NL) (ECR), BIHAR, 44 KM The project was approved on April 1997 with original cost Rs 162.87 crore. Anticipated cost of the project is now Rs 541.00 crore.The original date of commissioning and anticipated date of commissioning is not provided. Present status: W",Other Infrastructure,Multi-State / Central,3.773,2.859,5.099,1,36.0,On Schedule,0,High,1508
MAR-2025,2025,MAR,FRMarch2025.pdf,N22000171,SAKRI-HASANPUR ROAD (NL),ECR,4-1999,(N.A.),,3/2027,325.0,735.2,735.2,410.2,126.22,594.7878,210.0,183.01,-26.99,0.0,High,On Schedule,"Background SAKRI-HASANPUR ROAD (NL), BIHAR The project was approved on April 1999 with original cost Rs 175.69 crore. Anticipated cost of the project is now Rs 325.00 crore. The original date of commissioning and anticipated date of commissioning is not provided. Present status: - Sakri-Biraul (36 k",Road Transport & Highways,Multi-State / Central,2.262,1.83,5.787,0,36.0,On Schedule,0,High,1509
MAR-2025,2025,MAR,FRMarch2025.pdf,N22000181,JAYNAGAR-BIJALPURA INCLUDING EXTENSION BIJALPURA-BARDIBAS(NEPAL) GC,ECR,4-20093/2020,(N.A.),,3/2026,548.0,548.0,783.83,235.83,43.03,544.3175,212.0,99.33,-112.67,0.0,High,On Schedule,"Background JAYNAGAR-BIJALPURA INCLUDING EXTENSION BIJALPURA-BARDIBAS(NEPAL) GC, BIHAR The project was approved on April 2009 with original cost Rs 470 crore. Anticipated cost of the project is same. The original date of commissioning and anticipated date of commissioning is not provided. Present sts",Coal & Mines,Multi-State / Central,1.43,0.993,6.308,0,36.0,On Schedule,0,High,1510
MAR-2025,2025,MAR,FRMarch2025.pdf,N22000087,"NEW B.G. LINE FROM ARARIA TO GALGALIA (THAKURGUNG), NEFR",NFR,9-20063/2019,(N.A.),,9/2025,532.87,2132.03,4412.25,3879.38,728.02,3730.67,87.0,700.11,613.11,0.0,High,On Schedule,"Background NEW B.G. LINE FROM ARARIA TO GALGALIA (THAKURGUNG), NEFR, BIHAR (i) Initial Pink Book Cost:- Rs 300.00 Crs. (ii) ROR: - (-) 8.72 % ¿(iii) Revised Estimate of Rs 2132.03 Crs. had been sanctioned by Railway Board vide letter No. 2016/W-I/NF/RE/Arraria- Galgalia dated 29.05.2018. (iv) 62% la",Other Infrastructure,Multi-State / Central,8.28,7.001,6.28,1,36.0,On Schedule,0,High,1511
MAR-2025,2025,MAR,FRMarch2025.pdf,N22000523,DARBHANGA - BYPASS LINE CONNECTING SHISHO HALT AND KAKARGHATI EXCL DARBHANGA YARD (7.64 KM),ECR,6-20196/2025,(N.A.),,10/2024,983.62,253.23,415.0,-568.62,-57.81,417.57,100.0,42.45,-57.55,0.0,Low,On Schedule,,Road Transport & Highways,Multi-State / Central,0.5,0.425,6.892,0,36.0,On Schedule,0,Low,1512
MAR-2025,2025,MAR,FRMarch2025.pdf,N22000329,SAMASTIPUR-DARBANGHA,ECR,5-2015,(N.A.),,10/2025,380.0,519.33,519.33,139.33,36.67,626.167,216.0,164.78,-51.22,0.0,Medium,On Schedule,"Background SAMASTIPUR-DARBANGHA, SAMASTIPUR, BIHAR The project was approved on May 2015 with original cost Rs 380 crore. Anticipated cost of the project is same. The original date of commissioning and anticipated date of commissioning is not provided.",Other Infrastructure,Multi-State / Central,1.367,1.648,5.943,0,36.0,On Schedule,0,Medium,1513
MAR-2025,2025,MAR,FRMarch2025.pdf,N22000350,RAMPUR DUMRA - TAL - RAJENDRAPUL DOUBLING INCLUDING GANGA BRIDGE,ECR,12-20153/2020,(N.A.),,12/2025,1491.47,1491.47,1600.0,108.53,7.28,1680.42,77.0,112.67,35.67,0.0,High,On Schedule,"Background RAMPUR DUMRA - TAL - RAJENDRAPUL DOUBLING INCLUDING GANGA BRIDGE, BIHAR Work has been allotted to IRCON vide Railway Board letter no.2015/W-1/Genl/Presentation/Pt. dated 11.12.2015.For construction of embankment on North end approach and work at Rajendrapul station, contract awarded and w",Railways,Multi-State / Central,1.073,1.127,7.308,1,36.0,On Schedule,0,High,1514
MAR-2025,2025,MAR,FRMarch2025.pdf,N22000524,BARAUNI- BACHWARA 3RD AND 4TH LINE,ECR,7-20227/2027,(N.A.),,12/2025,486.0,,486.0,0.0,0.0,123.9133,219.0,25.5,-193.5,0.0,Low,On Schedule,,Other Infrastructure,Multi-State / Central,1.0,0.255,6.188,0,36.0,On Schedule,0,Low,1515
MAR-2025,2025,MAR,FRMarch2025.pdf,N24001942,2LPS FROM KM36.400 TO KM. 107.224 OF NH167BG FROM DUTTALUR TO KAVALI SECTION,MoRTH,3-20217/2024,(N.A.),,3/2025,423.67,,423.67,0.0,0.0,228.1561,64.0,53.85,-10.15,0.0,Low,On Schedule,,Road Transport & Highways,Multi-State / Central,1.0,0.539,6.051,0,36.0,On Schedule,0,Low,1516
MAR-2025,2025,MAR,FRMarch2025.pdf,N24001950,NH167B FROM KM.143.320 MALAKONDA TO 189.050 SINGARAYAKONDA ON NH 16 TO TWO LANE WITH PAVED SHOULDERS,MoRTH,3-20212/2025,(N.A.),,2/2025,369.81,,369.81,0.0,0.0,303.7898,66.0,82.15,16.15,0.0,Medium,On Schedule,,Road Transport & Highways,Multi-State / Central,1.0,0.821,5.916,1,36.0,On Schedule,0,Medium,1517
MAR-2025,2025,MAR,FRMarch2025.pdf,N24001952,NH 167 B KADAPA NELLORE BORDER TO CSPURAM I.E. FROM KM 58.635 TO KM 99.409,MoRTH,3-20228/2025,(N.A.),,8/2025,285.5,,285.5,0.0,0.0,195.5995,68.0,68.51,0.51,0.0,Low,On Schedule,,Road Transport & Highways,Multi-State / Central,1.0,0.685,5.658,0,36.0,On Schedule,0,Low,1518
MAR-2025,2025,MAR,FRMarch2025.pdf,N24001954,WIDENING TO 2LPS OF RAMPACHODAVARAM - KOYYURU SECTION OF NH516E FROM KM.43.700 TO KM 113.820,MoRTH,3-20221/2025,(N.A.),,1/2025,568.12,,568.12,0.0,0.0,341.8391,70.0,60.17,-9.83,0.0,Low,On Schedule,,Road Transport & Highways,Multi-State / Central,1.0,0.602,6.344,0,36.0,On Schedule,0,Low,1519
MAR-2025,2025,MAR,FRMarch2025.pdf,N24001956,2LPS FROM GONDIGUDA TO ARAKU BHALLAGUDA KM 27.480 TO KM 51.772 SECTION OF NH 516E,MoRTH,8-20209/2023,(N.A.),,12/2024,296.66,,296.66,0.0,0.0,217.4187,72.0,73.29,1.29,0.0,Low,On Schedule,,Road Transport & Highways,Multi-State / Central,1.0,0.733,5.696,0,36.0,On Schedule,0,Low,1520
MAR-2025,2025,MAR,FRMarch2025.pdf,N24001958,2LPS OF CHAPRATHIPALEM TO LAMBASINGI SECTION OF NH 516E,MoRTH,8-202010/2024,(N.A.),,6/2025,311.22,,311.22,0.0,0.0,148.5472,74.0,47.73,-26.27,0.0,Low,On Schedule,,Road Transport & Highways,Multi-State / Central,1.0,0.477,5.744,0,36.0,On Schedule,0,Low,1521
MAR-2025,2025,MAR,FRMarch2025.pdf,N24002160,IMPROVEMENT AND WIDENING TO 2-LANE WITH PAVED SHOULDER OF ROAD FROM KM 101.300 TO KM 127.319 (TOTAL,NHIDCL,1-2024,7/2026,N.A.,7/2026,431.78,,431.78,0.0,0.0,46.6,21.84,10.79,-11.05,0.0,Low,On Schedule,,Road Transport & Highways,Multi-State / Central,1.0,0.108,6.07,0,30.0,On Schedule,0,Low,1522
MAR-2025,2025,MAR,FRMarch2025.pdf,N24001914,IMPROVEMENT AND WIDENING TO 2-LANE WITH EARTHEN PAVED SHOULDER FROM UDAIPUR TO SRIMANTAPUR,NHIDCL,5-2023,11/2024,N.A.,9/2025,195.95,,195.95,0.0,0.0,37.1,38.44,18.93,-19.51,10.0,Medium,On Schedule / Undocumented,,Road Transport & Highways,Rajasthan,1.0,0.189,5.283,0,18.0,Administrative & Inter-Agency Coordination,304,Medium,1523
MAR-2025,2025,MAR,FRMarch2025.pdf,N24001982,4L PS FROM KURNOOL (EXISTING KM. 5.400 OF NH-40/DESIGN KM.0.000) TO MANDLEM (EXISTING KM.38.000/DESI,NHAI,3-202310/2025,(N.A.),,10/2025,827.39,,827.39,0.0,0.0,331.8499,80.0,40.11,-39.89,0.0,Low,On Schedule,,Road Transport & Highways,Multi-State / Central,1.0,0.401,6.719,0,36.0,On Schedule,0,Low,1524
MAR-2025,2025,MAR,FRMarch2025.pdf,N24001984,4L PS FROM MANDLEM (EXISTING KM. 38.000/DESIGN KM.30.600) TO ATMAKUR (EXISTING KM.73.000/DESIGN KM 6,NHAI,3-202310/2025,(N.A.),,10/2025,887.28,,887.28,0.0,0.0,233.9068,82.0,26.36,-55.64,0.0,Low,On Schedule,,Road Transport & Highways,Multi-State / Central,1.0,0.264,6.789,0,36.0,On Schedule,0,Low,1525
MAR-2025,2025,MAR,FRMarch2025.pdf,N24001986,4L OF PILERU TO KALUR SECTION FROM KM 55.900 TO KM 92.800 AND KM 94.500 TO KM 95.717,NHAI,10-20234/2025,(N.A.),,4/2025,1047.32,,1047.32,0.0,0.0,301.2082,45.0,28.76,-16.24,0.0,Low,On Schedule,,Road Transport & Highways,Multi-State / Central,1.0,0.288,6.955,0,36.0,On Schedule,0,Low,1526
MAR-2025,2025,MAR,FRMarch2025.pdf,N24001987,"CONSTRUCTION OF 1 NOS ROB, 2 NOS VUPS, SERVICE ROADS, PROVISION OF LIGHTING AND CONSTRUCTION OF OTHE",NHAI,6-202312/2024,(N.A.),,12/2024,152.05,,152.05,0.0,0.0,133.0876,85.0,87.53,2.53,0.0,Low,On Schedule,,Road Transport & Highways,Multi-State / Central,1.0,0.875,5.031,0,36.0,On Schedule,0,Low,1527
MAR-2025,2025,MAR,FRMarch2025.pdf,N24000931,REHABILITATION AND UPGRADATION OF EXISTING NH- 167 FROM KM 14.900 TO KM 70.00 (DESIGN CH.14.900 TO 69,MoRTH,11-20165/2017,(N.A.),,11/2024,290.15,,236.16,-53.99,-18.61,205.029,89.0,70.66,-18.34,0.0,Low,On Schedule,"Background REHABILITATION AND UPGRADATION OF EXISTING NH-167 FROM KM 14.900 TO KM 70.00 (DESIGN CH.14.900 TO 69, KURNOOL, ANDHRA PRADESH Project under implementation. Likely date of completion is 31.03.2020 Ministry Of Statistics and Programme Implementation Infrastructure and Project Monitoring Div",Road Transport & Highways,Multi-State / Central,0.814,0.707,5.674,0,36.0,On Schedule,0,Low,1528
MAR-2025,2025,MAR,FRMarch2025.pdf,N24000964,CONSTRUCTION OF TIMMAPURAM TO GURJANAPALLE SECTION FROM KM 26.150 TO 41.161 OF NH- 214(NH216)(KAKINAD,MoRTH,8-20161/2017,(N.A.),,5/2025,350.61,,411.18,60.57,17.28,457.5598,46.0,130.5,84.5,0.0,High,On Schedule,"Background CONSTRUCTION OF TIMMAPURAM TO GURJANAPALLE SECTION FROM KM 26.150 TO 41.161 OF NH- 214(NH216)(KAKINAD, EAST GODAVARI, ANDHRA PRADESH Project Under implementation. Likely date of completion is 31.04.2020 377",Road Transport & Highways,Multi-State / Central,1.173,1.305,5.863,1,36.0,On Schedule,0,High,1529
MAR-2025,2025,MAR,FRMarch2025.pdf,N24002103,COMPLETION OF BALANCE WORKS PENDING IN BIT AND PIECES (INCOMPLETE STRETCH AT 7 LOCATIONS) AND LISTED,NHAI,9-20221/2025,(N.A.),,4/2025,166.52,,166.52,0.0,0.0,49.1282,93.0,29.5,-63.5,0.0,Low,On Schedule,,Road Transport & Highways,Multi-State / Central,1.0,0.295,5.121,0,36.0,On Schedule,0,Low,1530
MAR-2025,2025,MAR,FRMarch2025.pdf,N24002141,2 LANE WITH PAVED SHOULDER CONFIGURATION FROM SEETHARAMAPURAM TO DUTTALURU SECTION OF NH-167 BG FROM,MoRTH,6-20237/2025,(N.A.),,7/2025,364.07,,364.07,0.0,0.0,227.2198,101.0,62.41,-38.59,0.0,Low,On Schedule,,Road Transport & Highways,Multi-State / Central,1.0,0.624,5.9,0,36.0,On Schedule,0,Low,1531
MAR-2025,2025,MAR,FRMarch2025.pdf,N22000377,KOTTAVALSA - KORAPUT DOUBLING,ECOR,4-20153/2022,(N.A.),,3/2022,2499.71,,2499.71,0.0,0.0,1900.38,69.5,76.02,6.52,0.0,Low,On Schedule,"Background Ministry Of Statistics and Programme Implementation Infrastructure and Project Monitoring Division Release On 24-Aug-2020 KOTTAVALSA - KORAPUT DOUBLING, ANDHRA PRADESH Kottavalasa - Mallivedu (8.90 Km) : Commissioned on 16.09.2018. L.Kota - S.Kota (9.64 Km): Commissioned on 21.02.2019. Ma",Railways,Multi-State / Central,1.0,0.76,7.824,0,36.0,On Schedule,0,Low,1532
MAR-2025,2025,MAR,FRMarch2025.pdf,N22000555,"PENUKONDA-DHARMAVARAM, EXCL. DHARMAVARAM (41.5 KM)",SWR,4-20193/2026,(N.A.),,12/2025,294.67,307.66,307.66,12.99,4.41,197.1941,33.0,66.92,33.92,0.0,High,On Schedule,,Other Infrastructure,Multi-State / Central,1.044,0.669,5.689,1,36.0,On Schedule,0,High,1533
MAR-2025,2025,MAR,FRMarch2025.pdf,N22000587,RENIGUNTA WADI GOOTY - BYPASS,SCR,4-201612/2025,(N.A.),,12/2025,302.0,,302.0,0.0,0.0,203.775,37.0,67.48,30.48,0.0,High,On Schedule,,Road Transport & Highways,Multi-State / Central,1.0,0.675,5.714,1,36.0,On Schedule,0,High,1534
MAR-2025,2025,MAR,FRMarch2025.pdf,N24001819,6L OF VEERA KAVERI RAJA PURAM TO PONDAVAKKAM FROM KM 61.380 TO KM 96.040 OF NH 716B (PKG-III),NHAI,3-20211/2025,(N.A.),,1/2025,1102.63,,1303.0,200.37,18.17,1072.39,90.8,97.26,6.46,0.0,Medium,On Schedule,,Road Transport & Highways,Multi-State / Central,1.182,0.973,7.006,0,36.0,On Schedule,0,Medium,1535
MAR-2025,2025,MAR,FRMarch2025.pdf,N24001820,6L OF VARADHARAJULA TO KUMARAJAPET FROM KM 0.000 TO KM 43.800 OF NH-716B (PKG-I),NHAI,2-202112/2024,(N.A.),,12/2024,1484.83,,1768.0,283.17,19.07,1476.55,86.82,99.44,12.62,0.0,Medium,On Schedule,,Road Transport & Highways,Multi-State / Central,1.191,0.994,7.304,0,36.0,On Schedule,0,Medium,1536
MAR-2025,2025,MAR,FRMarch2025.pdf,N24001821,BANGALORE CHENNAI EXPRESSWAY (PHASE-II PKG-III) FROM KM.127.000 TO KM 156.000 (BANGARUPALEM TO GUDIP,NHAI,11-202010/2024,(N.A.),,10/2024,1137.74,,1289.0,151.26,13.29,1256.44,93.73,110.43,16.7,0.0,Medium,On Schedule,,Road Transport & Highways,Tamil Nadu,1.133,1.104,7.038,1,36.0,On Schedule,0,Medium,1537
MAR-2025,2025,MAR,FRMarch2025.pdf,N24001440,KEIFANG - TUVAI PKG-1,NHIDCL,9-2021,5/2023,N.A.,5/2024,492.94,,492.94,0.0,0.0,353.09,100.0,71.63,-28.37,12.0,Medium,On Schedule / Undocumented,,Other Infrastructure,Multi-State / Central,1.0,0.716,6.202,0,20.0,Administrative & Inter-Agency Coordination,365,Medium,1538
MAR-2025,2025,MAR,FRMarch2025.pdf,N22000124,NEW LINE FROM DIMAPUR TO ZUBZA(KOHIMA) NATIONAL PROJECT (NEFR),NFR,4-2006,3/2015,N.A.,12/2029,2326.52,6663.2,6663.2,4336.68,186.4,4531.38,66.0,194.77,128.77,177.0,High,Land Acquisition & Right of Way; Forest & Environmental Clearance; Scope & Design Changes,"Background NEW LINE FROM DIMAPUR TO ZUBZA(KOHIMA) NATIONAL PROJECT (NEFR), NAGALAND (i) Intial Pink Book Cost :- Rs 850.00 Crs. (ii) ROR :- (-) 26.44% (iii) Sanctioned as National Project vide RB L/No 95/W-1/LCT/NF/1 dated 16.05.2007. BACK GROUND OF PROJECT :- This project was sanctioned through sup",Railways,Multi-State / Central,2.864,1.948,7.753,1,107.0,Land Acquisition & Right of Way,5381,High,1539
MAR-2025,2025,MAR,FRMarch2025.pdf,N24001842,6L ACCESS CONTROLLED GREENFIELD HIGHWAY FROM VANAVOLU 24.300 KM. TO VANKARAKUNTA 45.700 KM. OF NH 5,NHAI,12-202211/2025,(N.A.),,11/2025,750.81,,750.81,0.0,0.0,145.1541,50.0,19.33,-30.67,0.0,Low,On Schedule,,Road Transport & Highways,Multi-State / Central,1.0,0.193,6.622,0,36.0,On Schedule,0,Low,1540
MAR-2025,2025,MAR,FRMarch2025.pdf,N24001844,6L ACCESS CONTROLLED GREENFIELD HIGHWAY FROM ODULAPALLE 72.000 KM. TO NALLACHERUVUPALLI 96.300 KM.,NHAI,12-202210/2025,(N.A.),,10/2025,1058.9,,1058.9,0.0,0.0,249.754,52.0,23.59,-28.41,0.0,Low,On Schedule,,Road Transport & Highways,Multi-State / Central,1.0,0.236,6.966,0,36.0,On Schedule,0,Low,1541
MAR-2025,2025,MAR,FRMarch2025.pdf,N24001846,6L ACCESS CONTROLLED GREENFIELD HIGHWAY FROM YERRAGUDIPADU 129.000 KM. TO AUDIREDDIPALLE 160.000 KM.,NHAI,2-202310/2025,(N.A.),,10/2025,1200.42,,1200.42,0.0,0.0,57.894,54.0,4.82,-49.18,0.0,Low,On Schedule,,Road Transport & Highways,Multi-State / Central,1.0,0.048,7.091,0,36.0,On Schedule,0,Low,1542
MAR-2025,2025,MAR,FRMarch2025.pdf,N24001848,6L ACCESS CONTROLLED GREENFIELD HIGHWAY FROM MALLAPALLE 176.000 KM. TO KAVULAKUNTLA 196.000 KM. PACK,NHAI,2-202310/2025,(N.A.),,10/2025,909.02,,909.02,0.0,0.0,96.8011,56.0,10.65,-45.35,0.0,Low,On Schedule,,Road Transport & Highways,Multi-State / Central,1.0,0.106,6.813,0,36.0,On Schedule,0,Low,1543
MAR-2025,2025,MAR,FRMarch2025.pdf,N24001856,CONSTRUCTION OF 4-LANE HIGHWAY FROM SAMARLAKOTA TO ACHAMPETA JUNCTION (FROM KM. 0.000 TO KM. 12.250,NHAI,5-20238/2025,(N.A.),,8/2025,648.75,,648.75,0.0,0.0,191.0854,58.0,29.45,-28.55,0.0,Low,On Schedule,,Road Transport & Highways,Rajasthan,1.0,0.295,6.477,0,36.0,On Schedule,0,Low,1544
MAR-2025,2025,MAR,FRMarch2025.pdf,N24001931,LANING OF BATHALAPALLI TO MUDIGUBBA SECTION (DESIGN CHAINAGE KM. 96.300 TO 129.300) INCLUDING BATH,MoRTH,3-20222/2025,(N.A.),,2/2025,536.0,,536.0,0.0,0.0,393.8198,59.0,73.47,14.47,0.0,Low,On Schedule,,Road Transport & Highways,Multi-State / Central,1.0,0.735,6.286,0,36.0,On Schedule,0,Low,1545
MAR-2025,2025,MAR,FRMarch2025.pdf,N24001934,NH440 RAYACHOTY TOVEMPALLI 2LPS,MoRTH,12-20215/2024,(N.A.),,7/2025,439.82,,439.82,0.0,0.0,193.6327,42.0,44.03,2.03,0.0,Low,On Schedule,,Road Transport & Highways,Multi-State / Central,1.0,0.44,6.089,0,36.0,On Schedule,0,Low,1546
MAR-2025,2025,MAR,FRMarch2025.pdf,N24001935,4 LANE WITH PAVED SHOULDER FROM KM 0.000 TO KM 51.119 OF TADIPATRI TO MUDDANUR OF NH67,MoRTH,3-20228/2025,(N.A.),,8/2025,724.17,,724.17,0.0,0.0,464.4897,62.0,64.14,2.14,0.0,Low,On Schedule,,Road Transport & Highways,Multi-State / Central,1.0,0.641,6.586,0,36.0,On Schedule,0,Low,1547
MAR-2025,2025,MAR,FRMarch2025.pdf,N18000326,RANGIT IV HE PROJECT,NHPC,3-2021,5/2024,N.A.,12/2025,938.29,,1828.11,889.82,94.83,1431.82,85.82,152.6,66.78,19.0,High,On Schedule / Undocumented,,Power & Renewable Energy,Multi-State / Central,1.948,1.526,6.845,1,38.0,Fund Constraint & Financial Stress,578,High,1548
MAR-2025,2025,MAR,FRMarch2025.pdf,N24001261,CONSTRUCTION AND UPGRADATION OFEXISTINGROAD TO 2-LANE WITH PAVED SHOULDER INCLUDING GEOMETRIC IMPROV,NHIDCL,8-2020,4/2023,N.A.,4/2025,311.0,,273.78,-37.22,-11.97,257.86,94.79,82.91,-11.88,24.0,Medium,On Schedule / Undocumented,,Road Transport & Highways,Multi-State / Central,0.88,0.829,5.743,0,32.0,Land Acquisition & Right of Way,730,Medium,1549
MAR-2025,2025,MAR,FRMarch2025.pdf,N24001251,CONSTUCTION/UPGRADATION OF EXISTING HIGHWAY TO 2 LANE WITH PAVED SHOULDER FROM KM 0.00 TO KM 13.00 N,NHIDCL,3-2019,4/2022,N.A.,3/2025,402.94,,402.94,0.0,0.0,247.12,76.54,61.33,-15.21,35.0,High,On Schedule / Undocumented,,Road Transport & Highways,Multi-State / Central,1.0,0.613,6.001,0,37.0,Land Acquisition & Right of Way,1064,High,1550
MAR-2025,2025,MAR,FRMarch2025.pdf,N24001254,CONSTUCTION/UPGRADATION OF EXISTING HIGHWAY TO 2 LANE WITH PAVED SHOULDER FROM KM 26.10 TO KM 40.00,NHIDCL,3-2020,6/2022,N.A.,1/2024,242.97,,244.45,1.48,0.61,246.91,187.0,101.62,-85.38,19.0,Medium,On Schedule / Undocumented,,Road Transport & Highways,Multi-State / Central,1.006,1.016,5.497,0,27.0,Land Acquisition & Right of Way,578,Medium,1551
MAR-2025,2025,MAR,FRMarch2025.pdf,N24001317,2-LANING FROM JOLAIBARI - BELONIA,NHIDCL,6-2020,1/2022,N.A.,3/2025,201.99,,287.47,85.48,42.32,144.0798,200.0,71.33,-128.67,38.0,High,On Schedule / Undocumented,,Other Infrastructure,Multi-State / Central,1.423,0.713,5.313,0,19.0,Scope & Engineering Design Modifications,1155,High,1552
MAR-2025,2025,MAR,FRMarch2025.pdf,N24002132,4 LANE WITH PAVED SHOULDER AGARTALA BYPASS (WESTERN SIDE) CONNECTING NH- 8,NHIDCL,3-2023,3/2027,N.A.,3/2027,2026.05,,2026.05,0.0,0.0,18.44,6.12,0.91,-5.21,0.0,Low,On Schedule,,Road Transport & Highways,Multi-State / Central,1.0,0.009,7.614,0,48.0,On Schedule,0,Low,1553
MAR-2025,2025,MAR,FRMarch2025.pdf,N22000100,"BHAIRABI SAIRONG, NL, NEFR",NFR,4-2008,3/2014,N.A.,7/2025,2393.47,5021.45,8213.72,5820.25,243.17,7906.29,94.6,330.33,235.73,136.0,High,Severe Weather / Natural Calamity,"Background BHAIRABI SAIRONG, NL, NEFR, MIZORAM (i) Intial Pink Book Cost :-Rs 619.34 Crs. (ii) ROR :- (-) 7.86 %. Ministry Of Statistics and Programme Implementation Infrastructure and Project Monitoring Division Release On 24-Aug-2020 (iii) Sanctioned as National Project vide RB L/No.- 95/W-1/NE/NF",Other Infrastructure,Multi-State / Central,3.432,3.303,7.781,1,71.0,Fund Constraint & Financial Stress,4134,High,1554
MAR-2025,2025,MAR,FRMarch2025.pdf,N22000584,LUDHIANA KILA RAIPUR (19 KMS) WITH FREIGHT LINE AT GILL STATION ON LDH-JHL SECTION,NR,3-20193/2025,(N.A.),,10/2025,235.72,,235.72,0.0,0.0,49.1153,3.0,20.84,17.84,0.0,Medium,On Schedule,,Other Infrastructure,Chhattisgarh,1.0,0.208,5.467,1,36.0,On Schedule,0,Medium,1555
MAR-2025,2025,MAR,FRMarch2025.pdf,N24000820,Rehabilitation and up gradation to 2 lane with paved shoulder configuration from existing km. 122.00,MoRTH,11-201711/2019,(N.A.),,11/2019,237.8,,238.0,0.2,0.08,222.1398,6.0,93.41,87.41,0.0,High,On Schedule,"Background REHABILITATION AND UP GRADATION TO 2 LANE WITH PAVED SHOULDER CONFIGURATION FROM EXISTING KM. 122.00, A & N ISLANDS Projec approved in Nov’17 with cost of Rs 238 crore and it is to be completed by Nov’2019.",Road Transport & Highways,Uttar Pradesh,1.001,0.934,5.476,1,36.0,On Schedule,0,High,1556
MAR-2025,2025,MAR,FRMarch2025.pdf,N24001008,AJANTHA TO BULDHANA,MoRTH,2-20177/2019,(N.A.),,12/2023,401.0,401.0,401.0,0.0,0.0,260.0897,8.0,64.86,56.86,0.0,High,On Schedule,"Background AJANTHA TO BULDHANA, A & N ISLANDS Projec approved in Feb’17 with cost of Rs 401 crore and it is to be completed by July’",Road Transport & Highways,Multi-State / Central,1.0,0.649,5.996,1,36.0,On Schedule,0,High,1557
MAR-2025,2025,MAR,FRMarch2025.pdf,N04000106,KADAPPA AIRPORT- CONSTRUCTION OF NEW DOMESTIC TERMINAL BUILDING AND MISCELLANEOUS WORKS INCLUDING MA,AAI,3-20231/2026,(N.A.),,1/2026,265.91,,265.91,0.0,0.0,39.4925,13.0,14.85,1.85,0.0,Low,On Schedule,,Coal & Mines,Multi-State / Central,1.0,0.149,5.587,0,36.0,On Schedule,0,Low,1558
MAR-2025,2025,MAR,FRMarch2025.pdf,N42000005,CONSTRUCTION OF PERMANENT CAMPUS FOR INDIAN INSTITUTE OF TECHNOLOGY TIRUPATI AT MERLAPAKA VILLAGE YE,CPWD EDUCATION,2-20196/2020,(N.A.),,6/2020,655.34,,655.34,0.0,0.0,366.2195,16.0,55.88,39.88,0.0,High,On Schedule,,Other Infrastructure,Andhra Pradesh,1.0,0.559,6.487,1,36.0,On Schedule,0,High,1559
MAR-2025,2025,MAR,FRMarch2025.pdf,N16000538,CONSTRUCTION OF AVIATION FUEL FARM FACILITIES AT BHOGAPURAM AIRPORT,HPCL,8-20243/2026,(N.A.),,3/2026,240.0,,240.0,0.0,0.0,10.012,19.0,4.17,-14.83,0.0,Low,On Schedule,,Petroleum & Natural Gas,Multi-State / Central,1.0,0.042,5.485,0,36.0,On Schedule,0,Low,1560
MAR-2025,2025,MAR,FRMarch2025.pdf,N16000499,MULTI-PRODUCT PIPELINE FROM KRISHNAPATNAM COASTAL INSTALLATION TO THE PROPOSED INSTALLATION AT HYDER,BPCL,9-20193/2025,(N.A.),,10/2025,1932.0,,1932.0,0.0,0.0,1491.63,82.4,77.21,-5.19,0.0,Low,On Schedule,,Petroleum & Natural Gas,Bihar,1.0,0.772,7.567,0,36.0,On Schedule,0,Low,1561
MAR-2025,2025,MAR,FRMarch2025.pdf,N16000485,"CGD PROJECT AT KURNOOL, GUNTUR AND PRAKASAM DISTRICTS",IOCL,3-20223/2030,(N.A.),,3/2030,1420.0,,1420.0,0.0,0.0,143.266,25.0,10.09,-14.91,0.0,Low,On Schedule,,Petroleum & Natural Gas,Multi-State / Central,1.0,0.101,7.259,0,36.0,On Schedule,0,Low,1562
MAR-2025,2025,MAR,FRMarch2025.pdf,N24001975,UP-GRADATION TO 2-LANE WITH PAVED SHOULDERS OF NGOPA - PAWLRANG SECTION OF NH 102B OF AIZAWL - IMPHA,NHIDCL,9-2021,2/2025,N.A.,12/2025,523.78,,523.78,0.0,0.0,303.2561,137.0,57.9,-79.1,10.0,Medium,On Schedule / Undocumented,,Road Transport & Highways,Uttar Pradesh,1.0,0.579,6.263,0,41.0,Administrative & Inter-Agency Coordination,304,Medium,1563
MAR-2025,2025,MAR,FRMarch2025.pdf,N24001278,CONSTRUCTION OF TWO LANE WITH PAVED SHOULDER OF SELLING-DULTE SECTION OF NH-06 (PKG-I),NHIDCL,3-2020,7/2022,N.A.,6/2024,206.88,,219.33,12.45,6.02,265.18,100.0,128.18,28.18,23.0,Medium,On Schedule / Undocumented,,Road Transport & Highways,Multi-State / Central,1.06,1.282,5.337,1,28.0,Land Acquisition & Right of Way,699,Medium,1564
MAR-2025,2025,MAR,FRMarch2025.pdf,N24001281,CONSTRUCTION OF TWO LANE WITH PAVED SHOULDER OF SELLING-DULTE SECTION OF NH-06 (PKG-III),NHIDCL,3-2020,7/2022,N.A.,6/2025,292.24,,331.17,38.93,13.32,291.2,93.15,99.64,6.49,35.0,High,On Schedule / Undocumented,,Road Transport & Highways,Multi-State / Central,1.133,0.996,5.681,0,28.0,Land Acquisition & Right of Way,1064,High,1565
MAR-2025,2025,MAR,FRMarch2025.pdf,N24002204,ZORINPUI- HMAWNGBU-LONGMASU (NH- 502A),NHIDCL,2-2023,12/2026,N.A.,12/2026,781.85,,781.85,0.0,0.0,67.12,141.0,8.58,-132.42,0.0,Low,On Schedule,,Other Infrastructure,Multi-State / Central,1.0,0.086,6.663,0,46.0,On Schedule,0,Low,1566
MAR-2025,2025,MAR,FRMarch2025.pdf,N24001358,TLABUNG - LUNGLEI PKG-A,NHIDCL,3-2021,12/2022,N.A.,3/2026,698.44,,698.45,0.01,0.0,481.12,52.84,68.88,16.04,39.0,High,On Schedule / Undocumented,,Other Infrastructure,Multi-State / Central,1.0,0.689,6.55,1,21.0,Administrative & Inter-Agency Coordination,1186,High,1567
MAR-2025,2025,MAR,FRMarch2025.pdf,N24001359,TLABUNG - LUNGLEI PKG-B,NHIDCL,3-2021,1/2023,N.A.,3/2026,740.58,,740.58,0.0,0.0,353.73,50.6,47.76,-2.84,38.0,High,On Schedule / Undocumented,,Other Infrastructure,Multi-State / Central,1.0,0.478,6.609,0,22.0,Administrative & Inter-Agency Coordination,1155,High,1568
MAR-2025,2025,MAR,FRMarch2025.pdf,N24002023,BILASIPURA-GUWAHATI ROAD PKG-10,NHIDCL,3-2023,6/2026,N.A.,6/2026,1264.9,,1264.9,0.0,0.0,395.28,22.3,31.25,8.95,0.0,Low,On Schedule,,Road Transport & Highways,Assam,1.0,0.312,7.144,0,39.0,On Schedule,0,Low,1569
MAR-2025,2025,MAR,FRMarch2025.pdf,N24002024,DABOKA BYPASS OF DABOKA - PAROKHAOWA PKG -1,NHIDCL,1-2023,11/2025,N.A.,11/2025,516.88,,516.88,0.0,0.0,234.6,69.48,45.39,-24.09,0.0,Low,On Schedule,,Road Transport & Highways,Multi-State / Central,1.0,0.454,6.25,0,34.0,On Schedule,0,Low,1570
MAR-2025,2025,MAR,FRMarch2025.pdf,N24001475,CONSTRUCTION OF 2 LANE WITH HARD SHOULDER FROM DESIGN CHAINAGE KM 283.000 TO KM 325.440 (5- LEGGED J,NHIDCL,3-2022,12/2024,N.A.,1/2025,605.36,,605.36,0.0,0.0,273.21,100.0,45.13,-54.87,1.0,Low,On Schedule / Undocumented,,Other Infrastructure,Multi-State / Central,1.0,0.451,6.407,0,33.0,On Schedule,30,Low,1571
MAR-2025,2025,MAR,FRMarch2025.pdf,N24001438,MERANGKONG-TAMLU-MON (MTM) PKG-5,NHIDCL,7-2021,12/2023,N.A.,9/2025,161.73,,161.73,0.0,0.0,62.0859,153.0,38.39,-114.61,21.0,Medium,On Schedule / Undocumented,,Other Infrastructure,Multi-State / Central,1.0,0.384,5.092,0,29.0,Administrative & Inter-Agency Coordination,638,Medium,1572
MAR-2025,2025,MAR,FRMarch2025.pdf,N24001282,2 LANING OF KOHIMA - JESSAMI SECTION (PACKAGE II),NHIDCL,3-2020,6/2022,N.A.,1/2026,355.79,,355.79,0.0,0.0,109.24,62.7,30.7,-32.0,43.0,High,On Schedule / Undocumented,,Other Infrastructure,Multi-State / Central,1.0,0.307,5.877,0,27.0,Administrative & Inter-Agency Coordination,1307,High,1573
MAR-2025,2025,MAR,FRMarch2025.pdf,N24001976,WIDENING TO 2 LANE WITH HARD SHOULDER OF AKEGWO-AVANGKHU SECTION OF NH-202K FOR PACKAGE-I (DESIGN CH,NHIDCL,12-2022,2/2026,N.A.,2/2026,430.24,,430.24,0.0,0.0,92.24,49.15,21.44,-27.71,0.0,Low,On Schedule,,Road Transport & Highways,Multi-State / Central,1.0,0.214,6.067,0,38.0,On Schedule,0,Low,1574
MAR-2025,2025,MAR,FRMarch2025.pdf,N24001977,WIDENING TO 2 LANE WITH HARD SHOULDER OF AKEGWO-AVANGKHU SECTION OF NH-202K FOR PACKAGE-II (DESIGN C,NHIDCL,12-2022,2/2026,N.A.,2/2026,442.54,,442.54,0.0,0.0,39.97,20.46,9.03,-11.43,0.0,Low,On Schedule,,Road Transport & Highways,Multi-State / Central,1.0,0.09,6.095,0,38.0,On Schedule,0,Low,1575
MAR-2025,2025,MAR,FRMarch2025.pdf,N24001978,WIDENING TO 2 LANE WITH HARD SHOULDER OF AKEGWO-AVANGKHU SECTION OF NH-202K FOR PACKAGE-III (DESIGN,NHIDCL,12-2022,2/2026,N.A.,2/2026,497.18,,497.18,0.0,0.0,159.36,58.7,32.05,-26.65,0.0,Low,On Schedule,,Road Transport & Highways,Multi-State / Central,1.0,0.321,6.211,0,38.0,On Schedule,0,Low,1576
MAR-2025,2025,MAR,FRMarch2025.pdf,N24001912,PEREN-DIMAPUR PKG-3,NHIDCL,2-2021,6/2025,N.A.,12/2025,177.77,199.02,199.02,21.25,11.95,43.33,56.47,24.37,-32.1,6.0,Low,On Schedule / Undocumented,,Other Infrastructure,Multi-State / Central,1.12,0.244,5.186,0,52.0,On Schedule,182,Low,1577
MAR-2025,2025,MAR,FRMarch2025.pdf,N44000002,"CONSTRUCTION OF SIKKIM UNIVERSITY CAMPUS PHASE-I, PACKAGE -II AT YANGANG SOUTH SIKKIM",Sikkim Universi,8-2020,1/2025,N.A.,12/2024,314.06,,303.55,-10.51,-3.35,157.2454,177.0,50.07,-126.93,0.0,Low,On Schedule,,Other Infrastructure,Northeast States,0.967,0.501,5.753,0,53.0,On Schedule,0,Low,1578
MAR-2025,2025,MAR,FRMarch2025.pdf,N24002227,JESSAMI TO LAYNEN BRIDGE UKHRUL - JESSAMI PKG-7,NHIDCL,3-2023,6/2026,N.A.,6/2026,164.89,,164.89,0.0,0.0,0.0,103.0,0.0,-103.0,0.0,Low,On Schedule,,Other Infrastructure,Multi-State / Central,1.0,0.0,5.111,0,39.0,On Schedule,0,Low,1579
MAR-2025,2025,MAR,FRMarch2025.pdf,N24001314,IMPROVEMENT/WIDENING TO 2-LANE WITH PAVED SHOULDER FROM (DESIGN KM 10.670 TO KM 37.550) BETWEEN SHIL,NHIDCL,11-2020,12/2023,N.A.,8/2026,525.68,,525.68,0.0,0.0,425.3928,120.0,80.92,-39.08,32.0,High,On Schedule / Undocumented,,Road Transport & Highways,Multi-State / Central,1.0,0.809,6.267,0,37.0,Land Acquisition & Right of Way,973,High,1580
MAR-2025,2025,MAR,FRMarch2025.pdf,N24001335,IMPROVEMENT/WIDENING TO 2-LANE WITH PAVED SHOULDER / 4-LANING FROM (DESIGN KM 63.530 TO KM 71.520) B,NHIDCL,11-2020,12/2023,N.A.,11/2026,284.21,,284.21,0.0,0.0,100.93,20.5,35.51,15.01,35.0,High,On Schedule / Undocumented,,Road Transport & Highways,Multi-State / Central,1.0,0.355,5.653,1,37.0,Land Acquisition & Right of Way,1064,High,1581
MAR-2025,2025,MAR,FRMarch2025.pdf,N24002156,CONSTRUCTION OF 2-LANE WITH PAVED SHOULDER OF SHILLONG WESTERN BYPASS STARTING FROM NH-06 NEAR LADUM,NHIDCL,3-2023,9/2026,N.A.,9/2026,620.3,,620.3,0.0,0.0,210.58,24.5,33.95,9.45,0.0,Low,On Schedule,,Road Transport & Highways,Multi-State / Central,1.0,0.339,6.432,0,42.0,On Schedule,0,Low,1582
MAR-2025,2025,MAR,FRMarch2025.pdf,N24002157,SHILLONG WESTERN BYPASS PACKAGE-2,NHIDCL,3-2023,9/2026,N.A.,9/2026,686.0,,686.0,0.0,0.0,281.9,21.5,41.09,19.59,0.0,Medium,On Schedule,,Road Transport & Highways,Multi-State / Central,1.0,0.411,6.532,1,42.0,On Schedule,0,Medium,1583
MAR-2025,2025,MAR,FRMarch2025.pdf,N24002158,CONSTRUCTION OF 2-LANE WITH PAVED SHOULDERS OF SHILLONG WESTERN BYPASS STARTING FROM NH-06 NEAR LADU,NHIDCL,3-2023,9/2026,N.A.,9/2026,562.48,,562.48,0.0,0.0,292.43,21.5,51.99,30.49,0.0,High,On Schedule,,Road Transport & Highways,Multi-State / Central,1.0,0.52,6.334,1,42.0,On Schedule,0,High,1584
MAR-2025,2025,MAR,FRMarch2025.pdf,N24000865,WIDENING AND UP-GRADATION TO 2-LANE WITH PAVED SHOULDER CONFIGURATION AND GEOMETRIC IMPROVEMENTS FRO,NHIDCL,4-2017,9/2023,N.A.,3/2025,428.11,,746.39,318.28,74.35,605.09,97.46,141.34,43.88,18.0,High,General Execution Delay,"Background WIDENING AND UP-GRADATION TO 2-LANE WITH PAVED SHOULDER CONFIGURATION AND GEOMETRIC IMPROVEMENTS FRO, MIZORAM Ministry Of Statistics and Programme Implementation Infrastructure and Project Monitoring Division Release On 24-Aug-2020 Likely date of Appointed Date 15.02.2020 559 CONSTRUCTION",Road Transport & Highways,Uttar Pradesh,1.743,1.413,6.062,1,77.0,Land Acquisition & Right of Way,547,High,1585
MAR-2025,2025,MAR,FRMarch2025.pdf,N24002027,KEIFANG - TUVAI PKG-3,NHIDCL,12-2021,2/2025,N.A.,12/2025,500.88,,500.88,0.0,0.0,250.46,65.1,50.0,-15.1,10.0,Medium,On Schedule / Undocumented,,Other Infrastructure,Multi-State / Central,1.0,0.5,6.218,0,38.0,Administrative & Inter-Agency Coordination,304,Medium,1586
MAR-2025,2025,MAR,FRMarch2025.pdf,N28000155,NAGPUR METRO RAIL PROJECT PHASE II,NMRCL,12-202212/2027,(N.A.),,12/2027,6708.0,,6708.0,0.0,0.0,739.8119,987.0,11.03,-975.97,0.0,Low,On Schedule,,Railways,Maharashtra,1.0,0.11,8.811,0,36.0,On Schedule,0,Low,1587
MAR-2025,2025,MAR,FRMarch2025.pdf,N18000328,TS FOR EVACUATION OF POWER FROM PAKALDUL HEP IN CHENAB VALLEY HEPS - LTA SYSTEM,PGCIL,2-20224/2025,(N.A.),,4/2025,318.12,,318.12,0.0,0.0,157.7594,1067.0,49.59,-1017.41,0.0,Low,On Schedule,,Power & Renewable Energy,Multi-State / Central,1.0,0.496,5.766,0,36.0,On Schedule,0,Low,1588
MAR-2025,2025,MAR,FRMarch2025.pdf,N18000343,SYSTEM STRENGTHENING SCHEME FOR EASTERN AND NORTH EASTERN REGION,PGCIL,10-202210/2025,(N.A.),,10/2025,307.87,,307.87,0.0,0.0,184.3189,1070.0,59.87,-1010.13,0.0,Low,On Schedule,,Coal & Mines,Multi-State / Central,1.0,0.599,5.733,0,36.0,On Schedule,0,Low,1589
MAR-2025,2025,MAR,FRMarch2025.pdf,N18000352,TRANSMISSION SYSTEM FOR KURNOOL WIND ENERGY ZONE SOLAR ENERGY ZONE (AP) PART- A PART B,PGCIL,3-202311/2024,(N.A.),,5/2025,3546.94,,3546.94,0.0,0.0,2106.14,87.0,59.38,-27.62,0.0,Low,On Schedule,,Power & Renewable Energy,Multi-State / Central,1.0,0.594,8.174,0,36.0,On Schedule,0,Low,1590
MAR-2025,2025,MAR,FRMarch2025.pdf,N18000353,ER WR TRANSMISSION LIMITED,PGCIL,3-20233/2025,(N.A.),,4/2025,281.16,,281.16,0.0,0.0,129.1484,1074.0,45.93,-1028.07,0.0,Low,On Schedule,,Power & Renewable Energy,Multi-State / Central,1.0,0.459,5.642,0,36.0,On Schedule,0,Low,1591
MAR-2025,2025,MAR,FRMarch2025.pdf,N22000134,CHHAPRA-BALLIA UP,NER,3-20131/2019,(N.A.),,12/2025,295.0,954.0,1045.82,750.82,254.52,1001.52,95.5,339.5,244.0,0.0,High,On Schedule,"Background CHHAPRA-BALLIA UP, MULTI STATE 1 Work sanctioned during 2012-13 but detailed estimate sanctioned during july 2015 only at a cost of Rs.477.31 Cr. 2. Work hampered due to verious reason like forest clearance in protected forest land alongside of extg. track in UP portion. 3. Now works are ",Other Infrastructure,Uttar Pradesh,3.545,3.395,5.69,1,36.0,On Schedule,0,High,1592
MAR-2025,2025,MAR,FRMarch2025.pdf,N24001003,AKOLA TO AKOT,MoRTH,1-20176/2019,(N.A.),,12/2023,313.95,,313.95,0.0,0.0,270.2699,916.0,86.09,-829.91,0.0,Low,On Schedule,"Background AKOLA TO AKOT, AKOLA, MAHARASHTRA ( - ) Ministry Of Statistics and Programme Implementation Infrastructure and Project Monitoring Division Release On 24-Aug",Road Transport & Highways,Multi-State / Central,1.0,0.861,5.752,0,36.0,On Schedule,0,Low,1593
MAR-2025,2025,MAR,FRMarch2025.pdf,N24001017,DAHEGAON TO KUHI,MoRTH,1-20176/2019,(N.A.),,12/2023,228.89,229.0,228.89,0.0,0.0,154.8299,918.0,67.64,-850.36,0.0,Low,On Schedule,"Background DAHEGAON TO KUHI, NAGPUR, MAHARASHTRA ( - ) 411 UP-GRADATION TO 2 LANE WITH PAV",Road Transport & Highways,Multi-State / Central,1.0,0.676,5.438,0,36.0,On Schedule,0,Low,1594
MAR-2025,2025,MAR,FRMarch2025.pdf,N22000463,MUMBAI AHMEDABAD HIGH SPEED RAIL PROJECT,NHSRCL,12-201512/2023,(N.A.),,8/2027,108000.0,,108000.0,0.0,0.0,72257.0,50.0,66.9,16.9,0.0,Medium,On Schedule,"Background MUMBAI AHMEDABAD HIGH SPEED RAIL PROJECT, MULTI STATE Project approved in Dec’2015 with cost of Rs 108000 crore and it is to be completed by Dec’2023. RAIL INDIA TECHNICAL AND ECONOMIC SERVICE 182 DOU",Railways,Maharashtra,1.0,0.669,11.59,1,36.0,On Schedule,0,Medium,1595
MAR-2025,2025,MAR,FRMarch2025.pdf,N22000464,WESTERN DEDICATED FREIGHT CORRIDOR,DFCC,11-20073/2020,(N.A.),,3/2020,16592.0,51101.0,51101.0,34509.0,207.99,47476.0,83.0,286.14,203.14,0.0,High,On Schedule,"Background WESTERN DEDICATED FREIGHT CORRIDOR, MULTI STATE Project was approved in Nov’2007 with completion schedule of March 2020 and at the project cost of Rs 16592 cr",Other Infrastructure,Multi-State / Central,3.08,2.861,9.717,1,36.0,On Schedule,0,High,1596
MAR-2025,2025,MAR,FRMarch2025.pdf,N22000279,RAYADURGA-TUMKUR NL,SWR,4-2007,(N.A.),,2/2028,2062.3,2495.59,2495.59,433.29,21.01,1629.58,60.0,79.02,19.02,0.0,Medium,On Schedule,"Background RAYADURGA-TUMKUR NL, MULTI STATE The project is planned in five phases and the details are as under. Phase-I(Rayadurga-Kadiridevarapalli) - 63.5Km commissioned. Phase-II(Kadiridevarapalli-Doddahalli) - 22Km. Total Land-242Ac(KA-107Ac,AP-135Ac), Land received-202Ac(KA- 67Ac,AP-135Ac), Bala",Other Infrastructure,Multi-State / Central,1.21,0.79,7.632,1,36.0,On Schedule,0,Medium,1597
MAR-2025,2025,MAR,FRMarch2025.pdf,N22000333,HOTGI-KUDGI-GADAG,SWR,3-20153/2019,(N.A.),,2/2026,1614.59,1877.81,2458.87,844.28,52.29,2500.63,89.0,154.88,65.88,0.0,High,On Schedule,"Background HOTGI-KUDGI-GADAG, MULTI STATE The doubling project has been sanctioned by Railway Board as per Pink book item No. 34 of 2014-15. Clearance from CCEA is awaited. NTPC has agreed to provide funds for doubling between Hotgi-Kudagi (133km) under customer funding Model. NTPC has already depos",Other Infrastructure,Multi-State / Central,1.523,1.549,7.387,1,36.0,On Schedule,0,High,1598
MAR-2025,2025,MAR,FRMarch2025.pdf,N22000506,NARAYANGARH TO BHADRAK 3RD LINE (155 KM),SER,3-20195/2023,(N.A.),,6/2026,1866.31,,1866.31,0.0,0.0,1928.6,58.0,103.34,45.34,0.0,High,On Schedule,,Other Infrastructure,Multi-State / Central,1.0,1.033,7.532,1,36.0,On Schedule,0,High,1599
MAR-2025,2025,MAR,FRMarch2025.pdf,N24000182,VARANASI-AURANGABAD KM.786 TO KM.978.40,NHAI,9-20113/2014,(N.A.),,6/2025,2848.0,,3241.56,393.56,13.82,3901.66,90.02,137.0,46.98,0.0,High,On Schedule,"Background VARANASI-AURANGABAD KM.786 TO KM.978.40, MULTI STATE This Project was approved on September 2011 with Capital Investment of Rs. 2848.00 Crores with schedule completion date March 2014. Now it is anticipated to be completed in April 2018.",Road Transport & Highways,Uttar Pradesh,1.138,1.37,7.955,1,36.0,On Schedule,0,High,1600
MAR-2025,2025,MAR,FRMarch2025.pdf,N26000117,PLANNIN ENGINEERING SUPPLY INSTALLATION TESTING COMMISSIONING INTEGARTION and ANNUAL MAINTENANCE OF,BSNL,6-20236/2025,(N.A.),,6/2025,24556.35,24544.55,24544.55,-11.8,-0.05,7739.52,87.36,31.52,-55.84,0.0,Low,On Schedule,,Other Infrastructure,Multi-State / Central,1.0,0.315,10.109,0,36.0,On Schedule,0,Low,1601
MAR-2025,2025,MAR,FRMarch2025.pdf,N26000118,OPTICAL TRANSPORT NETWORK (OTN) PH-4 IN BSNL,BSNL,2-20248/2025,(N.A.),,8/2025,810.99,,810.99,0.0,0.0,476.3998,1102.0,58.74,-1043.26,0.0,Low,On Schedule,,Ports & Shipping,Multi-State / Central,1.0,0.587,6.699,0,36.0,On Schedule,0,Low,1602
MAR-2025,2025,MAR,FRMarch2025.pdf,N24002022,BILASIPURA-GUWAHATI ROAD PKG-9,NHIDCL,3-2023,6/2026,N.A.,6/2026,1000.27,,1000.27,0.0,0.0,303.94,22.75,30.39,7.64,0.0,Low,On Schedule,,Road Transport & Highways,Assam,1.0,0.304,6.909,0,39.0,On Schedule,0,Low,1603
MAR-2025,2025,MAR,FRMarch2025.pdf,N24002030,DEVELOPMENT OF EXTERNAL TRUNK CONNECTIVITY AND INTERNAL INFRASTRUCTURE WORKS AT MULTI MODEL LOGISTIC,NHIDCL,2-2020,3/2022,N.A.,9/2024,592.06,,592.06,0.0,0.0,308.87,100.0,52.17,-47.83,30.0,High,On Schedule / Undocumented,,Other Infrastructure,Multi-State / Central,1.0,0.522,6.385,0,25.0,Administrative & Inter-Agency Coordination,912,High,1604
MAR-2025,2025,MAR,FRMarch2025.pdf,N24001831,SRIRAMPUR - DHUBRI PKG-1,NHIDCL,3-2022,2/2025,N.A.,11/2026,613.89,,613.89,0.0,0.0,110.74,35.13,18.04,-17.09,21.0,Medium,On Schedule / Undocumented,,Other Infrastructure,Multi-State / Central,1.0,0.18,6.421,0,35.0,Contractor / Vendor Non-Performance,638,Medium,1605
MAR-2025,2025,MAR,FRMarch2025.pdf,N24001832,DIBRUGARH-LAHOAL-CHABUA BYPASS PACKAGE-3,NHIDCL,1-2023,5/2025,N.A.,5/2025,458.59,,458.59,0.0,0.0,196.33,59.99,42.81,-17.18,0.0,Low,On Schedule,,Road Transport & Highways,Multi-State / Central,1.0,0.428,6.13,0,28.0,On Schedule,0,Low,1606
MAR-2025,2025,MAR,FRMarch2025.pdf,N24001969,WIDENING AND UPGRADATION TO TWO LANES WITH PAVED SHOULDERS ROAD FROM TAMENGLONG TO MAHUR (NH-137) I,NHIDCL,3-2023,8/2025,N.A.,8/2025,904.04,,904.04,0.0,0.0,391.08,60.55,43.26,-17.29,0.0,Low,On Schedule,,Road Transport & Highways,Multi-State / Central,1.0,0.433,6.808,0,29.0,On Schedule,0,Low,1607
MAR-2025,2025,MAR,FRMarch2025.pdf,N24001971,WIDENING AND UPGRADATION TO TWO LANES WITH PAVED SHOULDERS ROAD FROM TAMENGLONG TO MAHUR (NH-137) IN,NHIDCL,3-2023,8/2025,N.A.,8/2025,890.33,,890.33,0.0,0.0,417.14,56.45,46.85,-9.6,0.0,Low,On Schedule,,Road Transport & Highways,Multi-State / Central,1.0,0.469,6.793,0,29.0,On Schedule,0,Low,1608
MAR-2025,2025,MAR,FRMarch2025.pdf,N24002202,MARREM KHULLEN TO JESSAMI SECTION IMPHAL- UKHRUL - JESSAMI PKG-6 (DESIGN CHAINAGE KM 95.700 TO KM 14,NHIDCL,3-2023,12/2026,N.A.,12/2026,554.66,,554.66,0.0,0.0,11.64,9.21,2.1,-7.11,0.0,Low,On Schedule,,Other Infrastructure,Multi-State / Central,1.0,0.021,6.32,0,45.0,On Schedule,0,Low,1609
MAR-2025,2025,MAR,FRMarch2025.pdf,N24002203,IMPHAL-KOHIMA ROAD PKG-4B,NHIDCL,9-2020,6/2026,N.A.,6/2026,268.98,,268.98,0.0,0.0,10.88,11.5,4.04,-7.46,0.0,Low,On Schedule,,Road Transport & Highways,Multi-State / Central,1.0,0.04,5.598,0,69.0,On Schedule,0,Low,1610
MAR-2025,2025,MAR,FRMarch2025.pdf,N28000134,DELHI GHAZIABAD MEERUT RRTS CORRIDOR,NCRTC,3-20196/2025,(N.A.),,6/2025,30274.0,,30274.0,0.0,0.0,24993.22,85.0,82.56,-2.44,0.0,Low,On Schedule,"Background DELHI GHAZIABAD MEERUT RRTS CORRIDOR, MULTI STATE Project approved in March 2019 with cost of Rs 30274 and it is to be completed by June’2025. Sector: WATER RESOURCES Ministry of Statistics and Programme Implementation Infrastructure and Project Monitoring Division Release on 24-Aug-2020 ",Other Infrastructure,Delhi & NCR,1.0,0.826,10.318,0,36.0,On Schedule,0,Low,1611
MAR-2025,2025,MAR,FRMarch2025.pdf,N06000112,BASUNDHARA (WEST) OC EXTN(7.00 MTY),MCL,5-20143/2019,(N.A.),,3/2027,479.15,,479.15,0.0,0.0,267.0563,1136.0,55.74,-1080.26,0.0,Low,On Schedule,"Background BASUNDHARA (WEST) OC EXTN(7.00 MTY), ODISHA The project was sanctioned on May,2014 having cost of Rs 479.15 Crore. Total capacity of the project is 7.00 MTY. It has total mineble reserve of 92.73 MTE having life period of 15 years. The Project requires 516.77 Ha of land which has been ful",Other Infrastructure,Multi-State / Central,1.0,0.557,6.174,0,36.0,On Schedule,0,Low,1612
MAR-2025,2025,MAR,FRMarch2025.pdf,N06000167,INTEGRATED LAKHANPUR- BELPAHAR-LILARI OCP,MCL,5-20183/2027,(N.A.),,3/2027,2434.75,,2434.75,0.0,0.0,1747.84,60.87,71.79,10.92,0.0,Low,On Schedule,"Background INTEGRATED LAKHANPUR-BELPAHAR-LILARI OCP, JHARSUGUDA, ODISHA Project approved in May’18 with cost of Rs 2434.75 crore and it is to be completed by March",Coal & Mines,Multi-State / Central,1.0,0.718,7.798,0,36.0,On Schedule,0,Low,1613
MAR-2025,2025,MAR,FRMarch2025.pdf,N06000189,TALABIRA II AND III OCP,NLC,7-20171/2027,(N.A.),,1/2027,2401.07,,2401.07,0.0,0.0,1581.42,60.1,65.86,5.76,0.0,Low,On Schedule,"Background TALABIRA II AND III OCP, SAMBALPUR, ODISHA ( - )",Coal & Mines,Multi-State / Central,1.0,0.659,7.784,0,36.0,On Schedule,0,Low,1614
MAR-2025,2025,MAR,FRMarch2025.pdf,N06000203,NAINI COAL MINE,SCCL,3-20203/2024,(N.A.),,3/2026,494.3,,494.3,0.0,0.0,491.338,1140.0,99.4,-1040.6,0.0,Low,On Schedule,,Coal & Mines,Multi-State / Central,1.0,0.994,6.205,0,36.0,On Schedule,0,Low,1615
MAR-2025,2025,MAR,FRMarch2025.pdf,N06000230,BALARAM EXPANSION OCP,MCL,8-20203/2029,(N.A.),,3/2029,3504.21,,3504.21,0.0,0.0,1004.0,50.17,28.65,-21.52,0.0,Low,On Schedule,,Coal & Mines,Multi-State / Central,1.0,0.287,8.162,0,36.0,On Schedule,0,Low,1616
MAR-2025,2025,MAR,FRMarch2025.pdf,N24001114,INDAPUR TO VADPALE,MoRTH,1-201712/2019,(N.A.),,3/2024,1202.52,1656.94,1202.52,0.0,0.0,1450.82,61.42,120.65,59.23,0.0,High,On Schedule,"Background INDAPUR TO VADPALE, MAHARASHTRA Project approved in Jan’2017 with cost of Rs 1202.52 and it is to be completed by March 2020. Ministry Of Statistics and Programme Implementation Infrastructure and Project Monitoring Division Release On 24-Aug",Road Transport & Highways,Multi-State / Central,1.0,1.206,7.093,1,36.0,On Schedule,0,High,1617
MAR-2025,2025,MAR,FRMarch2025.pdf,N24001122,PAITHAN TO SHIRUR,MoRTH,3-20176/2019,(N.A.),,3/2024,341.8,,341.8,0.0,0.0,226.1978,947.0,66.18,-880.82,0.0,Low,On Schedule,"Background PAITHAN TO SHIRUR, AURANGABAD, MAHARASHTRA ( - ) 785 REHABILITATION AND UPGRADATION",Road Transport & Highways,Multi-State / Central,1.0,0.662,5.837,0,36.0,On Schedule,0,Low,1618
MAR-2025,2025,MAR,FRMarch2025.pdf,N06000171,REORGANISATION OF BHARATPUR OCP EXPANSION,MCL,11-20183/2029,(N.A.),,3/2029,2838.87,,2838.87,0.0,0.0,1742.83,44.6,61.39,16.79,0.0,Medium,On Schedule,"Background REORGANISATION OF BHARATPUR OCP EXPANSION, ANGUL, ODISHA Project approved in Nov’18 with cost of Rs 2838.87 crore and it is to be completed by March 2029. Ministry of Statistics and Programme Implementation Infrastructure and Project Monitoring Division Release on 24-Aug-2020 NEYVELI",Coal & Mines,Multi-State / Central,1.0,0.614,7.952,1,36.0,On Schedule,0,Medium,1619
MAR-2025,2025,MAR,FRMarch2025.pdf,N28000126,INDIAN INSTITUTE OF SCIENCE EDUCATION AND RESEARCH BERHAMPUR,CPWD EDUCATION,1-20193/2022,(N.A.),,6/2025,790.79,,790.79,0.0,0.0,701.3995,1150.0,88.7,-1061.3,0.0,Low,On Schedule,"Background INDIAN INSTITUTE OF SCIENCE EDUCATION AND RESEARCH BERHAMPUR, ODISHA Regarding local body approval, Technical sanction given by Officer in charge, Town Planning Unit, Berhampur vide letter dt.12- 03-2020. Final approval of Gram Panchayat, Laudigaon is awaited. Work stopped from 21-03-2020",Other Infrastructure,Multi-State / Central,1.0,0.887,6.674,0,36.0,On Schedule,0,Low,1620
MAR-2025,2025,MAR,FRMarch2025.pdf,N18000364,TALCHER THERMAL POWER PROJECT STAGE III(2X660 MW),NTPC,8-20225/2027,(N.A.),,12/2027,11844.0,,12539.0,695.0,5.87,2868.74,21.4,24.22,2.82,0.0,Low,On Schedule,,Power & Renewable Energy,Multi-State / Central,1.059,0.242,9.38,0,36.0,On Schedule,0,Low,1621
MAR-2025,2025,MAR,FRMarch2025.pdf,N18000351,EASTERN REGION EXPANSION SCHEME XXIX,PGCIL,3-202311/2025,(N.A.),,11/2025,524.04,,524.04,0.0,0.0,347.9792,1160.0,66.4,-1093.6,0.0,Low,On Schedule,,Coal & Mines,Multi-State / Central,1.0,0.664,6.263,0,36.0,On Schedule,0,Low,1622
MAR-2025,2025,MAR,FRMarch2025.pdf,N22000376,JAGADALPUR-KORAPUT DOUBLING,ECOR,4-20153/2022,(N.A.),,3/2022,1547.38,,1547.38,0.0,0.0,1262.13,93.0,81.57,-11.43,0.0,Low,On Schedule,"Background JAGADALPUR-KORAPUT DOUBLING, ODISHA The project was approved on April 2015 with original cost Rs 1,547.38 crore. Anticipated cost of the project is same. The original date of commissioning and anticipated date of commissioning is March 2021. 24.36 Km is targeted for commissioning in 2017-",Railways,Multi-State / Central,1.0,0.816,7.345,0,36.0,On Schedule,0,Low,1623
MAR-2025,2025,MAR,FRMarch2025.pdf,N22000418,EXECUTION OF RAIL CONNECTIVITY PROJECT FOR COAL TRANSPORTATION IN ODISHA FOR MCRL,IRCON,4-20163/2020,(N.A.),,12/2025,5200.0,,5200.0,0.0,0.0,0.0017,1170.0,0.0,-1170.0,0.0,Low,On Schedule,"Background EXECUTION OF RAIL CONNECTIVITY PROJECT FOR COAL TRANSPORTATION IN ODISHA FOR MCRL, ODISHA MCRL is a joint venture between MCL, IRCON and GoO with shareholdings of 64 percent, 26 percent and 10percent respectively. IRCON is executing agency for the construction works. KOLKATA METRO RAIL CO",Railways,Odisha,1.0,0.0,8.557,0,36.0,On Schedule,0,Low,1624
MAR-2025,2025,MAR,FRMarch2025.pdf,N22000521,BRUNDAMAL-JHARSUGUDA- FLYOVER CONNECTION FOR JOINING DN LINE,ECOR,12-200912/2026,(N.A.),,12/2026,48.44,,297.0,248.56,513.13,302.501,1173.0,624.49,-548.51,0.0,High,On Schedule,,Road Transport & Highways,Multi-State / Central,6.131,6.245,3.901,0,36.0,On Schedule,0,High,1625
MAR-2025,2025,MAR,FRMarch2025.pdf,N22000516,JEYPORE MALKANGIRI NEW LINE,ECOR,2-20187/2033,(N.A.),,7/2033,642.69,,642.69,0.0,0.0,200.33,1175.0,31.17,-1143.83,0.0,Low,On Schedule,,Railways,Multi-State / Central,1.0,0.312,6.467,0,36.0,On Schedule,0,Low,1626
MAR-2025,2025,MAR,FRMarch2025.pdf,N24001859,CONSTRUCTION OF BYPASS ON NH-59 FROM KM 336/350 TO 349/910 (13.56 KM) NEAR BERHAMPUR TOWN INCLUDING,MoRTH,3-20213/2024,(N.A.),,6/2025,196.94,,196.94,0.0,0.0,68.1015,1180.0,34.58,-1145.42,0.0,Low,On Schedule,,Road Transport & Highways,Multi-State / Central,1.0,0.346,5.288,0,36.0,On Schedule,0,Low,1627
MAR-2025,2025,MAR,FRMarch2025.pdf,N24001864,CONSTRUCTION OF FOUR LANE ROB AND ITS APPROACHES IN LIEU OF EXISTING LEVEL CROSSING NO. RV-71 AT KM,MoRTH,11-20216/2025,(N.A.),,6/2025,154.49,,154.49,0.0,0.0,59.923,1185.0,38.79,-1146.21,0.0,Low,On Schedule,,Road Transport & Highways,Multi-State / Central,1.0,0.388,5.047,0,36.0,On Schedule,0,Low,1628
MAR-2025,2025,MAR,FRMarch2025.pdf,N24000619,DEVELOPMENT OF FOUR LANNING OF ANGUL-SAMBALPUR SECTION OF NATIONAL HIGHWAY NH-42 (NEW NH-55 IN THE S,NHAI,9-20168/2019,(N.A.),,5/2025,2510.04,,2510.04,0.0,0.0,1181.34,99.38,47.06,-52.32,0.0,Low,On Schedule,"Background DEVELOPMENT OF FOUR LANNING OF ANGUL-SAMBALPUR SECTION OF NATIONAL HIGHWAY NH-42 (NEW NH-55 IN THE S, ODISHA Physical progress achieved so far is 26.7%. Out of 153 kms only 56.2kms work has been completed .Now Anticipated date of completion is March 2021. 309 SIX LANNING FROM KM 287.400 T",Road Transport & Highways,Odisha,1.0,0.471,7.828,0,36.0,On Schedule,0,Low,1629
MAR-2025,2025,MAR,FRMarch2025.pdf,N24000733,REHABILITATION AND UP- GRADATION OF EXISTING 2-LANE TO 4 LANE OF DUBURI (KM 388.376) TO CHANDIKHOLE (,NHAI,1-20188/2022,(N.A.),,12/2025,633.68,492.83,633.68,0.0,0.0,560.3885,1189.0,88.43,-1100.57,0.0,Low,On Schedule,"Background REHABILITATION AND UP-GRADATION OF EXISTING 2-LANE TO 4 LANE OF DUBURI (KM 388.376) TO CHANDIKHOLE (, DHENKANAL, ODISHA Appointed declared on 11.02.2020 630 REHABILITATION AND UPGRAD",Road Transport & Highways,Uttar Pradesh,1.0,0.884,6.453,0,36.0,On Schedule,0,Low,1630
MAR-2025,2025,MAR,FRMarch2025.pdf,N24000736,REHABILITATION AND UPGRADATION OF CUTTACK- ANGUL SECTION TO 4 LANE (KM 60.20) TO (KM 112.0) PKG II ON,NHAI,1-20189/2020,(N.A.),,6/2025,686.65,504.09,1015.16,328.51,47.84,435.8595,173.0,63.48,-109.52,0.0,High,On Schedule,"Background REHABILITATION AND UPGRADATION OF CUTTACK-ANGUL SECTION TO 4 LANE (KM 60.20) TO (KM 112.0) PKG II ON, DHENKANAL, ODISHA Physical progress achieved so far is 16%. Ministry Of Statistics and Programme Implementation Infrastructure and Project Monitoring Division Release On 24-Aug-2020 Out o",Road Transport & Highways,Odisha,1.478,0.635,6.533,0,36.0,On Schedule,0,High,1631
MAR-2025,2025,MAR,FRMarch2025.pdf,N24000738,REHABILITATION AND UPGRADATION OF SIX LANING OF BHADRAK BALESHWAR SECTION (KM 136.50) TO (KM 199.141,NHAI,1-20189/2021,(N.A.),,7/2025,999.0,1152.7,1152.7,153.7,15.39,498.828,1192.0,49.93,-1142.07,0.0,Medium,On Schedule,"Background REHABILITATION AND UPGRADATION OF SIX LANING OF BHADRAK BALESHWAR SECTION (KM 136.50) TO (KM 199.141, BALESWAR (BALASORE), ODISHA This Project was approved on Jan’18 with Capital Investment of Rs. 999 Crores. 639 SIX-LANING OF BANGALORE – NIDAG",Road Transport & Highways,Multi-State / Central,1.154,0.499,6.908,0,36.0,On Schedule,0,Medium,1632
MAR-2025,2025,MAR,FRMarch2025.pdf,N22000208,MURKONGSELEK-PASIGHAT NL,NFR,4-20113/2020,(N.A.),,11/2025,414.84,,1252.49,837.65,201.92,709.3951,1079.0,171.0,-908.0,0.0,High,On Schedule,"Background MURKONGSELEK-PASIGHAT NL, MULTI STATE Present status: vkbZ- ih- ,e- Mh- Hkkjr ljdkj] lkaf[;dh ,oa dk;ZØe dk;kZUo;u ea=ky; 286 MoSPI OCMS Detailed estimate of Rs 415.59 cr submitted to Rly. Board for sanction. FLS & Geo-tech investigation completed. Land acquisition in Assam: Due to enactm",Other Infrastructure,Multi-State / Central,3.019,1.71,6.03,0,36.0,On Schedule,0,High,1633
MAR-2025,2025,MAR,FRMarch2025.pdf,N22000206,NEW BG LINE FROM BALURGHAT TO HILLY NFR,NFR,4-20103/2020,(N.A.),,3/2027,242.22,,1181.57,939.35,387.81,402.036,1081.0,165.98,-915.02,0.0,High,On Schedule,"Background NEW BG LINE FROM BALURGHAT TO HILLY NFR, MULTI STATE (i) Intial Pink Book Cost :- Rs 170.91 Crs. (ii) ROR :- (-) 9.27 % (iii) This project connect the Bangladesh Border at Hilli. (iv) This project has been kept in abeyance by Railway Board vide DO L/No 2019/W-1/Genl./Budget/1 Dated 24.09.",Other Infrastructure,Multi-State / Central,4.878,1.66,5.494,0,36.0,On Schedule,0,High,1634
MAR-2025,2025,MAR,FRMarch2025.pdf,N24002079,REHABILITATION AND UP GRADATION FROM 4 TO 8 LANING OF CHANDIKHOLE PARADIP SECTION OF NH 53 FROM KM,NHAI,12-202312/2025,(N.A.),,12/2025,742.25,,742.25,0.0,0.0,186.574,1198.0,25.14,-1172.86,0.0,Low,On Schedule,,Road Transport & Highways,Uttar Pradesh,1.0,0.251,6.611,0,36.0,On Schedule,0,Low,1635
MAR-2025,2025,MAR,FRMarch2025.pdf,N24002081,3L MAJOR BRIDGE OVER RIVER BRAHMANI AT KM. 401.250 (DUBURI CHANDIKHOLE SECTION) OF NH 200 (NEW NH 5,NHAI,8-20221/2025,(N.A.),,12/2026,153.61,,153.61,0.0,0.0,14.2221,1200.0,9.26,-1190.74,0.0,Low,On Schedule,,Road Transport & Highways,Multi-State / Central,1.0,0.093,5.041,0,36.0,On Schedule,0,Low,1636
MAR-2025,2025,MAR,FRMarch2025.pdf,N24001647,BALANCE WORK OF PANIKOILI RIMULI SECTION OF NEW NH-20 FROM KM 0.00 TO KM. 163.000,NHAI,8-20203/2022,(N.A.),,5/2025,200.0,154.73,154.73,-45.27,-22.64,150.3899,1204.0,75.19,-1128.81,0.0,Low,On Schedule,,Road Transport & Highways,Multi-State / Central,0.774,0.752,5.303,0,36.0,On Schedule,0,Low,1637
MAR-2025,2025,MAR,FRMarch2025.pdf,N28000142,"CONSTRUCTION OF PERMANENT CAMPUS OF INDIAN INSTITUTE OF MANAGEMENT (IIM) AMRITSAR, PUNJAB.",CPWD EDUCATION,10-20195/2022,(N.A.),,7/2025,348.24,,348.24,0.0,0.0,284.459,1215.0,81.68,-1133.32,0.0,Low,On Schedule,,Other Infrastructure,Punjab,1.0,0.817,5.856,0,36.0,On Schedule,0,Low,1638
MAR-2025,2025,MAR,FRMarch2025.pdf,N22000502,"MANSA-BHATINDA (PHASE-I), INCL. NEW MATERIAL MODIFICATION FOR RAMA MANDI (RAMAN) - SADA SINGHWALA VI",NR,6-20098/2016,(N.A.),,8/2025,404.0,,404.0,0.0,0.0,190.0,100.0,47.03,-52.97,0.0,Low,On Schedule,,Coal & Mines,Multi-State / Central,1.0,0.47,6.004,0,36.0,On Schedule,0,Low,1639
MAR-2025,2025,MAR,FRMarch2025.pdf,N22000589,LUDHIANA MULLANPUR DOUBLING,NR,9-20203/2025,(N.A.),,3/2025,82.99,,235.0,152.01,183.17,2.5098,1221.0,3.02,-1217.98,0.0,High,On Schedule,,Railways,Punjab,2.832,0.03,4.431,0,36.0,On Schedule,0,High,1640
MAR-2025,2025,MAR,FRMarch2025.pdf,N24001961,WORK OF WIDENING/UPGRADATION OF 2- LANE WITH PAVED SHOULDER OF SRI MUKTSAR SAHIB TO MALOUT ROAD FROM,MoRTH,3-202210/2023,(N.A.),,4/2025,152.58,,152.58,0.0,0.0,81.2569,1223.0,53.26,-1169.74,0.0,Low,On Schedule,,Road Transport & Highways,Multi-State / Central,1.0,0.533,5.034,0,36.0,On Schedule,0,Low,1641
MAR-2025,2025,MAR,FRMarch2025.pdf,N24000910,REHABILITATION AND UP GRADATION TO 2 LANE WITH PAVED SHOULDER OF NH-703A FROM MAKHU (DESIGN CH 0 000,MoRTH,3-201811/2020,(N.A.),,6/2024,170.57,192.48,150.0,-20.57,-12.06,104.9879,1226.0,61.55,-1164.45,0.0,Low,On Schedule,"Background REHABILITATION AND UP GRADATION TO 2 LANE WITH PAVED SHOULDER OF NH-703A FROM MAKHU (DESIGN CH 0 000, PUNJAB Project approved in March 2018 with cost of Rs 170.57 and it is to be completed by Nov’",Road Transport & Highways,Uttar Pradesh,0.879,0.616,5.145,0,36.0,On Schedule,0,Low,1642
MAR-2025,2025,MAR,FRMarch2025.pdf,N24002092,6-LANE AMRITSAR-BATHINDA GREENFIELD SECTION OF NH- 754A FROM JUNCTION WITH MOGA JALANDHAR ROAD (NH-70,NHAI,3-202110/2025,(N.A.),,10/2025,1801.37,,1801.37,0.0,0.0,1003.17,40.44,55.69,15.25,0.0,Medium,On Schedule,,Road Transport & Highways,Punjab,1.0,0.557,7.497,1,36.0,On Schedule,0,Medium,1643
MAR-2025,2025,MAR,FRMarch2025.pdf,N24002098,6L OF AMBALA-CHANDIGARH GREENFIELD SECTION FROM KM. 0.000 TO KM. 25.000 WITH 4L SPUR TO LALRU FROM K,NHAI,3-202210/2025,(N.A.),,10/2025,1641.66,,1641.66,0.0,0.0,134.0044,1232.0,8.16,-1223.84,0.0,Low,On Schedule,,Road Transport & Highways,Multi-State / Central,1.0,0.082,7.404,0,36.0,On Schedule,0,Low,1644
MAR-2025,2025,MAR,FRMarch2025.pdf,N24002102,DELHI-AMRITSAR-KATRA EXPRESSWAY (PHASE-I SPUR-I) FROM JN. WITH KAPURTHALA - SULTANPUR LODHI ROAD (NH,NHAI,1-20204/2026,(N.A.),,4/2027,2165.23,,2165.23,0.0,0.0,158.9418,1235.0,7.34,-1227.66,0.0,Low,On Schedule,,Road Transport & Highways,Punjab,1.0,0.073,7.681,0,36.0,On Schedule,0,Low,1645
MAR-2025,2025,MAR,FRMarch2025.pdf,N24001630,4/6L GREENFIELD LUDHIANA RUPNAGAR HIGHWAY FROM JUNCTION WITH NE 05 VILLAGR NEAR TO MANEWAL (LUDHIANA,NHAI,7-20212/2025,(N.A.),,2/2025,1501.02,,1501.02,0.0,0.0,357.007,1242.0,23.78,-1218.22,0.0,Low,On Schedule,,Road Transport & Highways,Punjab,1.0,0.238,7.315,0,36.0,On Schedule,0,Low,1646
MAR-2025,2025,MAR,FRMarch2025.pdf,N24001637,DEVELOPMENT OF 6 LANE JALANDHAR BYPASS FROM KAHLWAN NATIONAL HIGHWAY 03 DESIGN KM 0.00 ENDING AT K,NHAI,3-20211/2025,(N.A.),,1/2025,1754.84,,1754.84,0.0,0.0,1082.62,33.49,61.69,28.2,0.0,Medium,On Schedule,,Road Transport & Highways,Punjab,1.0,0.617,7.471,1,36.0,On Schedule,0,Medium,1647
MAR-2025,2025,MAR,FRMarch2025.pdf,N24001640,6L AMRITSAR BATHINDA GREENFIELD SECTION FROM VILLAGE TIBA ON NE 5A TO JN. WITH MOGA JALANDHAR ROAD N,NHAI,3-202111/2024,(N.A.),,11/2024,1229.38,,1229.38,0.0,0.0,729.774,1249.0,59.36,-1189.64,0.0,Low,On Schedule,,Road Transport & Highways,Punjab,1.0,0.594,7.115,0,36.0,On Schedule,0,Low,1648
MAR-2025,2025,MAR,FRMarch2025.pdf,N06000285,RPR OF HINGULA EXPANSION OCP,MCL,11-20223/2029,(N.A.),,3/2029,1561.85,,1561.85,0.0,0.0,43.333,1144.0,2.77,-1141.23,0.0,Low,On Schedule,,Coal & Mines,Multi-State / Central,1.0,0.028,7.354,0,36.0,On Schedule,0,Low,1649
MAR-2025,2025,MAR,FRMarch2025.pdf,N06000288,BALABHADRA OCP,MCL,4-20233/2030,(N.A.),,3/2030,978.44,,978.44,0.0,0.0,208.371,1146.0,21.3,-1124.7,0.0,Low,On Schedule,,Coal & Mines,Multi-State / Central,1.0,0.213,6.887,0,36.0,On Schedule,0,Low,1650
MAR-2025,2025,MAR,FRMarch2025.pdf,N16000520,CGD PROJECTS AT FAZILKA (EXCEPT AREA ALREADY AUTHORIZED) GANGANAGAR AND HANUMANGARH DISTRICTS,BPCL,12-20226/2030,(N.A.),,6/2030,3207.0,,3207.0,0.0,0.0,287.7119,1260.0,8.97,-1251.03,0.0,Low,On Schedule,,Petroleum & Natural Gas,Multi-State / Central,1.0,0.09,8.073,0,36.0,On Schedule,0,Low,1651
MAR-2025,2025,MAR,FRMarch2025.pdf,N18000356,TRANSMISSION SYSTEM SCHEME FOR EVACUATION OF POWER FROM REZ RAJASTHAN (8.1 GW) UNDER PHASE-II PART,PGCIL,3-20239/2024,(N.A.),,5/2025,1433.28,,1433.28,0.0,0.0,850.4789,1262.0,59.34,-1202.66,0.0,Low,On Schedule,,Power & Renewable Energy,Rajasthan,1.0,0.593,7.268,0,36.0,On Schedule,0,Low,1652
MAR-2025,2025,MAR,FRMarch2025.pdf,N18000368,MW SOLAR POWER PROJECT UNDER CPSU SCHEME,NHPC,5-202211/2023,(N.A.),,8/2025,1677.12,,1677.12,0.0,0.0,1023.13,84.0,61.01,-22.99,0.0,Low,On Schedule,,Power & Renewable Energy,Multi-State / Central,1.0,0.61,7.425,0,36.0,On Schedule,0,Low,1653
MAR-2025,2025,MAR,FRMarch2025.pdf,N18000373,"TS FOR EVACUATION OF POWER FROM REZ IN RAJASTHAN (20GW) UNDER PHASE-III, PART E1",PGCIL,8-20232/2025,(N.A.),,4/2025,688.74,,688.74,0.0,0.0,330.0089,1264.0,47.91,-1216.09,0.0,Low,On Schedule,,Power & Renewable Energy,Rajasthan,1.0,0.479,6.536,0,36.0,On Schedule,0,Low,1654
MAR-2025,2025,MAR,FRMarch2025.pdf,N18000379,TS FOR EVACUATION POWER FROM REZ IN RAJASTHAN (20GW) UNDER PHASE-III PART E2,PGCIL,11-20236/2025,(N.A.),,6/2025,428.0,,428.0,0.0,0.0,0.002,1269.0,0.0,-1269.0,0.0,Low,On Schedule,,Power & Renewable Energy,Rajasthan,1.0,0.0,6.061,0,36.0,On Schedule,0,Low,1655
MAR-2025,2025,MAR,FRMarch2025.pdf,N18000396,ADDITIONAL TRANSMISSION SYSTEM FOR EVACUATION OF POWER FROM BHADLA-III PS AS PART OF RAJASTHAN REZ P,PGCIL,8-20242/2026,(N.A.),,2/2026,369.0,,369.0,0.0,0.0,0.001,1276.0,0.0,-1276.0,0.0,Low,On Schedule,,Power & Renewable Energy,Rajasthan,1.0,0.0,5.914,0,36.0,On Schedule,0,Low,1656
MAR-2025,2025,MAR,FRMarch2025.pdf,N18000286,SAMBHU KI BHURJ-II SOLAR 300MW,NTPC,3-20209/2021,(N.A.),,3/2025,1782.0,12.0,1782.0,0.0,0.0,1369.88,95.0,76.87,-18.13,0.0,Low,On Schedule,,Power & Renewable Energy,Multi-State / Central,1.0,0.769,7.486,0,36.0,On Schedule,0,Low,1657
MAR-2025,2025,MAR,FRMarch2025.pdf,N18000320,NOKH PLOT-1 SOLAR PV PROJECT 245MW,NTPC,3-20228/2023,(N.A.),,6/2025,1352.71,,1352.71,0.0,0.0,1022.36,45.0,75.58,30.58,0.0,High,On Schedule,,Power & Renewable Energy,Multi-State / Central,1.0,0.756,7.211,1,36.0,On Schedule,0,High,1658
MAR-2025,2025,MAR,FRMarch2025.pdf,N18000321,NOKH PLOT-2 SOLAR PV PROJECT 245MW,NTPC,3-20228/2023,(N.A.),,3/2025,1409.52,,1409.52,0.0,0.0,1377.89,95.0,97.76,2.76,0.0,Low,On Schedule,,Power & Renewable Energy,Multi-State / Central,1.0,0.978,7.252,0,36.0,On Schedule,0,Low,1659
MAR-2025,2025,MAR,FRMarch2025.pdf,N18000322,NOKH PLOT-3 SOLAR PV PROJECT 245MW,NTPC,3-20228/2023,(N.A.),,5/2025,1426.94,,1426.94,0.0,0.0,1166.29,80.0,81.73,1.73,0.0,Low,On Schedule,,Power & Renewable Energy,Multi-State / Central,1.0,0.817,7.264,0,36.0,On Schedule,0,Low,1660
MAR-2025,2025,MAR,FRMarch2025.pdf,N18000347,BHADLA-II 500MW SOLAR PV PROJECT,NTPC,6-20223/2024,(N.A.),,9/2025,2598.92,,2598.92,0.0,0.0,1705.7,12.0,65.63,53.63,0.0,High,On Schedule,,Power & Renewable Energy,Multi-State / Central,1.0,0.656,7.863,1,36.0,On Schedule,0,High,1661
MAR-2025,2025,MAR,FRMarch2025.pdf,N22000608,GC OF NATHDWARA - DEVGARH MADARIYA (82.5KM),NWR,1-20236/2028,(N.A.),,12/2026,968.92,,968.92,0.0,0.0,359.0837,1287.0,37.06,-1249.94,0.0,Low,On Schedule,,Other Infrastructure,Multi-State / Central,1.0,0.371,6.877,0,36.0,On Schedule,0,Low,1662
MAR-2025,2025,MAR,FRMarch2025.pdf,N22000593,GUDHA THATHANA MITHRI TEST TRACK FOR RDSO,NWR,4-20193/2025,(N.A.),,6/2025,528.48,,500.85,-27.63,-5.23,348.0575,1289.0,65.86,-1223.14,0.0,Low,On Schedule,,Other Infrastructure,Multi-State / Central,0.948,0.659,6.272,0,36.0,On Schedule,0,Low,1663
MAR-2025,2025,MAR,FRMarch2025.pdf,N22000605,DOUBLING BETWEEN CHURU- RATANGARH (42.81 KM),NWR,2-20232/2028,(N.A.),,6/2025,422.6,,422.6,0.0,0.0,179.6972,1291.0,42.52,-1248.48,0.0,Low,On Schedule,,Railways,Multi-State / Central,1.0,0.425,6.049,0,36.0,On Schedule,0,Low,1664
MAR-2025,2025,MAR,FRMarch2025.pdf,N24000912,WIDENING TO 2LPS FROM 0/0 TO 119/0 OF NH-157 IN THE STATE OF ODISHA.,MoRTH,8-20162/2017,(N.A.),,6/2025,287.7,,293.66,5.96,2.07,275.4298,1194.0,95.74,-1098.26,0.0,Low,On Schedule,"Background WIDENING TO 2LPS FROM 0/0 TO 119/0 OF NH-157 IN THE STATE OF ODISHA., BOUDH (BAUDA), ODISHA ( - ) 402 REHABILITATION AND UPGRADATION",Road Transport & Highways,Odisha,1.021,0.957,5.665,0,36.0,On Schedule,0,Low,1665
MAR-2025,2025,MAR,FRMarch2025.pdf,N24000917,WIDENING TO 2LPS FROM 269/30 TO 328/20 OF NH-49 IN THE STATE OF ODISHA,MoRTH,3-20188/2018,(N.A.),,6/2025,199.16,,199.16,0.0,0.0,158.7398,1196.0,79.7,-1116.3,0.0,Low,On Schedule,"Background WIDENING TO 2LPS FROM 269/30 TO 328/20 OF NH-49 IN THE STATE OF ODISHA, JHARSUGUDA, ODISHA ( - ) 446 REHABILITATION AND UPGRADATION",Road Transport & Highways,Odisha,1.0,0.797,5.299,0,36.0,On Schedule,0,Low,1666
MAR-2025,2025,MAR,FRMarch2025.pdf,N24001928,CONSTRUCTION OF 2 LANE WITH PAVED SHOULDER NORTHERN BYPASS PHASE-II OF KOTA CITY FROM DESIGN CHAINAG,MoRTH,3-20224/2025,(N.A.),,12/2025,317.74,,317.74,0.0,0.0,136.2311,1298.0,42.88,-1255.12,0.0,Low,On Schedule,,Road Transport & Highways,Rajasthan,1.0,0.429,5.764,0,36.0,On Schedule,0,Low,1667
MAR-2025,2025,MAR,FRMarch2025.pdf,N24002167,UPGRADATION TO 2 LANE WITH PAVED SHOULDER OF HANUMANGARH TO KENCHIYAN OF NH 54 ON EPC MODE IN THE ST,MoRTH,3-202410/2026,(N.A.),,10/2026,334.64,,334.64,0.0,0.0,73.002,1301.0,21.82,-1279.18,0.0,Low,On Schedule,,Road Transport & Highways,Multi-State / Central,1.0,0.218,5.816,0,36.0,On Schedule,0,Low,1668
MAR-2025,2025,MAR,FRMarch2025.pdf,N24001530,UPGRADATION TO TWO LANE PAVED SHOULDER OF KOTHUN- LALSOT-KAROLI-DHOLPUR ROAD NH-23 (OLD NH-11B) IN TH,MoRTH,12-20219/2024,(N.A.),,7/2025,150.11,,150.11,0.0,0.0,69.8375,188.0,46.52,-141.48,0.0,Low,On Schedule,,Road Transport & Highways,Multi-State / Central,1.0,0.465,5.018,0,36.0,On Schedule,0,Low,1669
MAR-2025,2025,MAR,FRMarch2025.pdf,N06000259,JAWAHAR KHANI OPENCAST (JK OC) MINE,SCCL,12-20213/2025,(N.A.),,3/2025,297.88,,297.88,0.0,0.0,46.372,1341.0,15.57,-1325.43,0.0,Low,On Schedule,,Coal & Mines,Multi-State / Central,1.0,0.156,5.7,0,36.0,On Schedule,0,Low,1670
MAR-2025,2025,MAR,FRMarch2025.pdf,N16000486,CGD PROJECT AT DHARMAPURI AND KRISHNAGIRI DISTRICTS,IOCL,3-20223/2030,(N.A.),,12/2030,501.0,,501.0,0.0,0.0,100.035,1345.0,19.97,-1325.03,0.0,Low,On Schedule,,Petroleum & Natural Gas,Multi-State / Central,1.0,0.2,6.219,0,36.0,On Schedule,0,Low,1671
MAR-2025,2025,MAR,FRMarch2025.pdf,N16000434,CBR 9 MMTPA PROJECT,CPCL,1-20216/2025,(N.A.),,6/2025,31580.0,31580.0,36354.0,4774.0,15.12,1320.41,10.2,4.18,-6.02,0.0,Medium,On Schedule,,Other Infrastructure,Multi-State / Central,1.151,0.042,10.36,0,36.0,On Schedule,0,Medium,1672
MAR-2025,2025,MAR,FRMarch2025.pdf,N24001717,BANGALORE CHENNAI EXPRESSWAY PHASE-III PACKAGE III (ARAKKONAM TO KANCHEEPURAM) FROM KM 204.500 TO K,NHAI,11-20208/2024,(N.A.),,3/2026,1155.49,1525.1,1525.1,369.61,31.99,485.6253,1362.0,42.03,-1319.97,0.0,Medium,On Schedule,,Road Transport & Highways,Tamil Nadu,1.32,0.42,7.053,0,36.0,On Schedule,0,Medium,1673
MAR-2025,2025,MAR,FRMarch2025.pdf,N24001719,4L BANGALORE-CHENNAI EXPRESSWAY FROM KM. 230.000 TO KM. 261.705 OF KANCHEPURAM TO SRIPERUMBUDUR SECT,NHAI,2-20217/2024,(N.A.),,10/2025,2948.31,3605.73,3605.73,657.42,22.3,808.7773,195.0,27.43,-167.57,0.0,Medium,On Schedule,,Road Transport & Highways,Tamil Nadu,1.223,0.274,7.989,0,36.0,On Schedule,0,Medium,1674
MAR-2025,2025,MAR,FRMarch2025.pdf,N24001722,6L OF MADURAVOYAL TO SRIPERUMBUDUR SECTION FROM KM. 13.800 TO KM. 37.000 OF NH-4 THROUGH STATE HIGH,NHAI,11-20212/2023,(N.A.),,12/2024,463.44,463.07,463.44,0.0,0.0,334.8099,1367.0,72.24,-1294.76,0.0,Low,On Schedule,,Road Transport & Highways,Multi-State / Central,1.0,0.722,6.141,0,36.0,On Schedule,0,Low,1675
MAR-2025,2025,MAR,FRMarch2025.pdf,N24001725,6L OF SRIPERUMBUDUR TO KARAIPETTAI FROM KM 37.000 TO KM 71.015 OF NH 48,NHAI,1-20195/2021,(N.A.),,1/2025,819.89,1314.82,922.85,102.96,12.56,415.6057,1369.0,50.69,-1318.31,0.0,Low,On Schedule,,Road Transport & Highways,Multi-State / Central,1.126,0.507,6.71,0,36.0,On Schedule,0,Low,1676
MAR-2025,2025,MAR,FRMarch2025.pdf,N24001829,FOUR LANING OF OTTANCHATRAM TO PALANI SECTION FROM KM 30/700 TO KM 55/000 OF NH 209(NEW NH-83) INCLU,MoRTH,10-202211/2024,(N.A.),,5/2025,172.15,,172.15,0.0,0.0,152.4798,196.0,88.57,-107.43,0.0,Low,On Schedule,,Road Transport & Highways,Multi-State / Central,1.0,0.886,5.154,0,36.0,On Schedule,0,Low,1677
MAR-2025,2025,MAR,FRMarch2025.pdf,N24001968,CONSTRUCTION OF STRR (WEST SIDE)-NH948A-BALAGONDAPALLI (TAMIL NADU) TO KARNATAKA/TAMIL NADU BORDER F,NHAI,4-20225/2025,(N.A.),,5/2025,1260.74,,1260.74,0.0,0.0,487.4644,1372.0,38.66,-1333.34,0.0,Low,On Schedule,,Road Transport & Highways,Tamil Nadu,1.0,0.387,7.14,0,36.0,On Schedule,0,Low,1678
MAR-2025,2025,MAR,FRMarch2025.pdf,N24002084,4L OF THIRUMANGALAM TO VADUGAPATTI SECTION FROM KM 0.000 TO KM 36.000 OF NH-744,NHAI,3-20222/2025,(N.A.),,6/2025,1076.97,,1076.97,0.0,0.0,517.1083,1376.0,48.02,-1327.98,0.0,Low,On Schedule,,Road Transport & Highways,Multi-State / Central,1.0,0.48,6.983,0,36.0,On Schedule,0,Low,1679
MAR-2025,2025,MAR,FRMarch2025.pdf,N24002113,4L OF LEFT-OVER WORKS INCLUDING ADDITIONAL STRUCTURES FROM KERALA/TAMIL NADU BORDER TO KANYAKUMARI S,NHAI,3-20238/2025,(N.A.),,8/2025,1141.78,,1141.78,0.0,0.0,369.2737,1383.0,32.34,-1350.66,0.0,Low,On Schedule,,Road Transport & Highways,Tamil Nadu,1.0,0.323,7.041,0,36.0,On Schedule,0,Low,1680
MAR-2025,2025,MAR,FRMarch2025.pdf,N04000104,UDAIPUR AIRPORT- CONSTRUCTION OF NEW INTEGRATED PASSENGER TERMINAL BUILDING,AAI,6-20233/2026,(N.A.),,3/2026,887.0,,887.0,0.0,0.0,285.9755,1254.0,32.24,-1221.76,0.0,Low,On Schedule,,Civil Aviation,Rajasthan,1.0,0.322,6.789,0,36.0,On Schedule,0,Low,1681
MAR-2025,2025,MAR,FRMarch2025.pdf,N16000496,"CGD PROJECT IN TONK, SAWAI MADHOPUR, DAUSA, KARAULI",HPCL,3-20223/2030,(N.A.),,3/2030,1751.0,,1751.0,0.0,0.0,281.3423,1257.0,16.07,-1240.93,0.0,Low,On Schedule,,Petroleum & Natural Gas,Multi-State / Central,1.0,0.161,7.469,0,36.0,On Schedule,0,Low,1682
MAR-2025,2025,MAR,FRMarch2025.pdf,N24001605,"4-LANING OF MELUR - PILLAYARPATTI - KARAIKUDI SECTION OF NH-338, NH-36, NH- 383",NHAI,6-20183/2022,(N.A.),,6/2025,1103.86,,1103.86,0.0,0.0,461.3276,1399.0,41.79,-1357.21,0.0,Low,On Schedule,,Road Transport & Highways,Multi-State / Central,1.0,0.418,7.007,0,36.0,On Schedule,0,Low,1683
MAR-2025,2025,MAR,FRMarch2025.pdf,N06000202,GODAVARIKHANI COAL MINE,SCCL,7-20193/2023,(N.A.),,3/2025,438.98,,438.98,0.0,0.0,171.137,1402.0,38.99,-1363.01,0.0,Low,On Schedule,,Coal & Mines,Multi-State / Central,1.0,0.39,6.087,0,36.0,On Schedule,0,Low,1684
MAR-2025,2025,MAR,FRMarch2025.pdf,N06000210,RCE OF RAMAGUNDAM OPENCAST II EXTENSION PROJECT,SCCL,11-20153/2023,(N.A.),,3/2025,489.62,,489.62,0.0,0.0,405.547,1404.0,82.83,-1321.17,0.0,Low,On Schedule,,Coal & Mines,Multi-State / Central,1.0,0.828,6.196,0,36.0,On Schedule,0,Low,1685
MAR-2025,2025,MAR,FRMarch2025.pdf,N06000213,RCE OF KALYANIKHANI OPENCAST PROJECT,SCCL,3-20163/2020,(N.A.),,3/2025,384.32,,384.32,0.0,0.0,251.2375,1406.0,65.37,-1340.63,0.0,Low,On Schedule,,Coal & Mines,Multi-State / Central,1.0,0.654,5.954,0,36.0,On Schedule,0,Low,1686
MAR-2025,2025,MAR,FRMarch2025.pdf,N06000258,GOLETI OPENCAST MINE,SCCL,7-20213/2026,(N.A.),,3/2026,345.6,,345.6,0.0,0.0,67.072,1408.0,19.41,-1388.59,0.0,Low,On Schedule,,Coal & Mines,Multi-State / Central,1.0,0.194,5.848,0,36.0,On Schedule,0,Low,1687
MAR-2025,2025,MAR,FRMarch2025.pdf,N21000031,"COMPREHENSIVE PLANNING, DESIGNING, EXECUTION OF ALL INDIA INSTITUTE OF MEDICAL SCIENCES AT BIBINAGAR",HITES,12-20187/2024,(N.A.),,7/2025,1110.55,,1110.55,0.0,0.0,726.5981,1410.0,65.43,-1344.57,0.0,Low,On Schedule,,Other Infrastructure,Multi-State / Central,1.0,0.654,7.014,0,36.0,On Schedule,0,Low,1688
MAR-2025,2025,MAR,FRMarch2025.pdf,N24000247,REHABILITATION AND UPGRADATION OF NH-221 FROM KM 121/0 TO 165/00 (OF VIJAYAWADA-JAGDALPUR RUDRAMPUR,MoRTH,10-20142/2017,(N.A.),,2/2017,295.47,,295.47,0.0,0.0,224.4298,1414.0,75.96,-1338.04,0.0,Low,On Schedule,"Background REHABILITATION AND UPGRADATION OF NH-221 FROM KM 121/0 TO 165/00 (OF VIJAYAWADA-JAGDALPUR RUDRAMPUR, TELANGANA This Project was approved on October 2014 with Capital Investment of Rs. 295.47 Crores with schedule completion date February 2017. Now it’s anticipated cost is Rs. 313.27 crores",Road Transport & Highways,Andhra Pradesh,1.0,0.76,5.692,0,36.0,On Schedule,0,Low,1689
MAR-2025,2025,MAR,FRMarch2025.pdf,N24002000,WIDENING AND STRENGTHENING OF EXISTING 2 LANE WITH PAVED SHOULDER TO 4 LANE WITH PAVED SHOULDER FRO,MoRTH,3-20217/2024,(N.A.),,7/2024,317.19,,317.19,0.0,0.0,164.857,1416.0,51.97,-1364.03,0.0,Low,On Schedule,,Road Transport & Highways,Multi-State / Central,1.0,0.52,5.763,0,36.0,On Schedule,0,Low,1690
MAR-2025,2025,MAR,FRMarch2025.pdf,N24002002,WIDENING AND IMPROVEMENT OF EXISTING CARRIAGE WAY TO 2 LANE WITH PAVED SHOULDERS FROM KM. 86/160 TO,MoRTH,1-202212/2024,(N.A.),,12/2024,423.48,,423.48,0.0,0.0,227.2571,1418.0,53.66,-1364.34,0.0,Low,On Schedule,,Road Transport & Highways,Multi-State / Central,1.0,0.537,6.051,0,36.0,On Schedule,0,Low,1691
MAR-2025,2025,MAR,FRMarch2025.pdf,N24002004,REHABILITATION AND UPGRADATION OF LB-NAGAR TO MALKAPUR SECTION TO 6-LANE MAIN CARRIAGEWAY WITH SERVI,MoRTH,3-20217/2024,(N.A.),,6/2025,545.11,,545.11,0.0,0.0,312.6175,1420.0,57.35,-1362.65,0.0,Low,On Schedule,,Road Transport & Highways,Multi-State / Central,1.0,0.573,6.303,0,36.0,On Schedule,0,Low,1692
MAR-2025,2025,MAR,FRMarch2025.pdf,N24002006,"ONSTRUCTION OF 4-LANE FLYOVER AT AMBERPET-X ROAD, HYDERABAD ON NH-202 IN THE STATE OF TELANGANA",MoRTH,10-20176/2023,(N.A.),,6/2023,186.71,,186.71,0.0,0.0,186.8191,1422.0,100.06,-1321.94,0.0,Low,On Schedule,,Road Transport & Highways,Telangana,1.0,1.001,5.235,0,36.0,On Schedule,0,Low,1693
MAR-2025,2025,MAR,FRMarch2025.pdf,N24002008,WIDENING TO 2 LANE WITH PAVED SHOULDERS OF SIDDIPET-ELKATHURTHY SECTION FROM KM 69/978 TO KM 133/6,MoRTH,1-202212/2024,(N.A.),,12/2024,578.85,,578.85,0.0,0.0,202.2779,1424.0,34.94,-1389.06,0.0,Low,On Schedule,,Road Transport & Highways,Multi-State / Central,1.0,0.349,6.363,0,36.0,On Schedule,0,Low,1694
MAR-2025,2025,MAR,FRMarch2025.pdf,N24002010,WIDENING AND STRENGTHENING TO 4 LANE / 2-LANE WITH PAVED SHOULDERS OF MAHABUBNAGAR-CHINCHOLI SECTION,MoRTH,3-20223/2024,(N.A.),,10/2025,631.49,,631.49,0.0,0.0,71.8125,203.0,11.37,-191.63,0.0,Low,On Schedule,,Road Transport & Highways,Multi-State / Central,1.0,0.114,6.45,0,36.0,On Schedule,0,Low,1695
MAR-2025,2025,MAR,FRMarch2025.pdf,N24000980,WIDEINING TO TWO/FOUR LANE WITH PAVED SHOULDERS FROM EXISTING KM 182.120 TO KM 227.600 OF NH-167 ON,MoRTH,10-20162/2019,(N.A.),,2/2019,298.32,,298.32,0.0,0.0,178.4798,1427.0,59.83,-1367.17,0.0,Low,On Schedule,"Background WIDEINING TO TWO/FOUR LANE WITH PAVED SHOULDERS FROM EXISTING KM 182.120 TO KM 227.600 OF NH- 167 ON, TELANGANA Balance work is in progress. 384 REHABILITATION AND UPGRADATION",Road Transport & Highways,Multi-State / Central,1.0,0.598,5.702,0,36.0,On Schedule,0,Low,1696
MAR-2025,2025,MAR,FRMarch2025.pdf,N24001867,UPGRADATION OF TWO LANE PAVED SHOULDER FROM SHAHPURA TO THANAGAZI OF NH-248A ON EPC MODE IN THE STAT,MoRTH,3-20227/2024,(N.A.),,6/2025,174.34,,174.34,0.0,0.0,104.088,1294.0,59.7,-1234.3,0.0,Low,On Schedule,,Road Transport & Highways,Multi-State / Central,1.0,0.597,5.167,0,36.0,On Schedule,0,Low,1697
MAR-2025,2025,MAR,FRMarch2025.pdf,N24001869,UPGRADATION AND REHABILITATION TO TWO LANE WITH PAVED SHOULDER OF GHAGARIYA- MUNABAO SECTION FROM KM,MoRTH,12-20228/2025,(N.A.),,8/2025,235.15,,235.15,0.0,0.0,152.6994,1296.0,64.94,-1231.06,0.0,Low,On Schedule,,Road Transport & Highways,Multi-State / Central,1.0,0.649,5.464,0,36.0,On Schedule,0,Low,1698
MAR-2025,2025,MAR,FRMarch2025.pdf,N24002083,FOUR LANING OF KARIMNAGAR- WARANGAL SECTION OF NH-563 FROM DESIGN CH.48.860 KM NEAR SH-1 CH.170.400 K,NHAI,3-20227/2025,(N.A.),,7/2025,2146.86,2413.0,2414.46,267.6,12.46,917.0867,204.0,42.72,-161.28,0.0,Low,On Schedule,,Road Transport & Highways,Telangana,1.125,0.427,7.672,0,36.0,On Schedule,0,Low,1699
MAR-2025,2025,MAR,FRMarch2025.pdf,N24000986,WIDENING TO TWO LANE WITH PAVED SHOULDERS FROM KM 67.00 TO 114.425 OF KALWAKURTHY-MALLEPALLY SECTION,MoRTH,1-20175/2019,(N.A.),,5/2019,300.0,,300.0,0.0,0.0,243.3696,1434.0,81.12,-1352.88,0.0,Low,On Schedule,"Background WIDENING TO TWO LANE WITH PAVED SHOULDERS FROM KM 67.00 TO 114.425 OF KALWAKURTHY- MALLEPALLY SECTION, TELANGANA Balance work is in progress. 427 REHABILITATION AND UP-GRADATION",Road Transport & Highways,Multi-State / Central,1.0,0.811,5.707,0,36.0,On Schedule,0,Low,1700
MAR-2025,2025,MAR,FRMarch2025.pdf,N24000987,LANING FROM KM 9.90 TO KM 19.948 (ARAMGARH-SAMSHABAD SECTION) OF HYDERABAD- SAMSHABAD SECTION OF NH,MoRTH,1-20185/2020,(N.A.),,5/2020,283.15,,283.15,0.0,0.0,283.6192,1435.0,100.17,-1334.83,0.0,Low,On Schedule,"Background 6 LANING FROM KM 9.90 TO KM 19.948 (ARAMGARH-SAMSHABAD SECTION) OF HYDERABAD-SAMSHABAD SECTION OF NH, TELANGANA ( - ) 731 UPGRADATION OF NH-81 WITH A MIN",Road Transport & Highways,Telangana,1.0,1.002,5.65,0,36.0,On Schedule,0,Low,1701
MAR-2025,2025,MAR,FRMarch2025.pdf,N24000989,WIDENING AND STRENGTHENING OF EXISTING CARRIAGEWAY IN 2 LANE WITH PAVED SHOULDERS FROM KM.25/0 TO 59,MoRTH,2-20186/2020,(N.A.),,6/2020,206.13,,206.13,0.0,0.0,192.7398,1437.0,93.5,-1343.5,0.0,Low,On Schedule,"Background WIDENING AND STRENGTHENING OF EXISTING CARRIAGEWAY IN 2 LANE WITH PAVED SHOULDERS FROM KM.25/0 TO 59, TELANGANA ( - ) 735 UPGRADATION TO 2LANE WITH PAVED",Road Transport & Highways,Multi-State / Central,1.0,0.935,5.333,0,36.0,On Schedule,0,Low,1702
MAR-2025,2025,MAR,FRMarch2025.pdf,N24000993,REHABILITATION AND UPGRADATION OF NH-167 FROM DESIGN KM.187.723 TO 234.434 (MIRYALAGUDA TO KODAD SEC,MoRTH,3-20189/2020,(N.A.),,9/2020,322.81,,322.81,0.0,0.0,325.7798,1439.0,100.92,-1338.08,0.0,Low,On Schedule,"Background REHABILITATION AND UPGRADATION OF NH-167 FROM DESIGN KM.187.723 TO 234.434 (MIRYALAGUDA TO KODAD SEC, TELANGANA ( - ) 757 CONSTRUCTION OF SIX LANE ELEVAT",Road Transport & Highways,Multi-State / Central,1.0,1.009,5.78,0,36.0,On Schedule,0,Low,1703
MAR-2025,2025,MAR,FRMarch2025.pdf,N24000996,REHABILITATION AND UP- GRADATION TO TWO LANE WITH PAVED SHOULDERS FROM KM 0/0 TO 72/6 OF NH-365 (NAKR,MoRTH,1-201710/2019,(N.A.),,10/2019,605.08,,605.08,0.0,0.0,416.5099,1441.0,68.84,-1372.16,0.0,Low,On Schedule,"Background REHABILITATION AND UP-GRADATION TO TWO LANE WITH PAVED SHOULDERS FROM KM 0/0 TO 72/6 OF NH- 365 (NAKR, TELANGANA Balance work is in progress. Ministry Of Statistics and Programme Implementation Infrastructure and Project Monitoring Division Release On 24-Aug",Road Transport & Highways,Uttar Pradesh,1.0,0.688,6.407,0,36.0,On Schedule,0,Low,1704
MAR-2025,2025,MAR,FRMarch2025.pdf,N24002190,CONSTRUCTION OF 4-LANE ACCESS CONTROLLED GREENFIELD HIGHWAY SECTION ON NH-163G (KHAMMAM- VIJAYAWADA),NHAI,3-20238/2026,(N.A.),,8/2026,983.0,,983.0,0.0,0.0,0.006,1444.0,0.0,-1444.0,0.0,Low,On Schedule,,Road Transport & Highways,Andhra Pradesh,1.0,0.0,6.892,0,36.0,On Schedule,0,Low,1705
MAR-2025,2025,MAR,FRMarch2025.pdf,N24001483,KHAMMAM DEVARAPALLE PKG II 4L ACCESS CONTROLLED (GREENFIELD) FROM SOMAVARAM VILLAGE TO CHINTAGUDEM V,NHAI,2-20229/2024,(N.A.),,9/2024,637.11,,637.11,0.0,0.0,398.778,206.0,62.59,-143.41,0.0,Low,On Schedule,,Road Transport & Highways,Multi-State / Central,1.0,0.626,6.459,0,36.0,On Schedule,0,Low,1706
MAR-2025,2025,MAR,FRMarch2025.pdf,N24001556,6L OF EXISTING 4L FROM GUNDLAPOCHAMPALLY TO BOWENPALLY FROM KM 471.300 TO KM 481.331 OF NH-44,NHAI,12-20217/2024,(N.A.),,7/2024,521.53,,521.53,0.0,0.0,240.4548,1450.0,46.11,-1403.89,0.0,Low,On Schedule,,Road Transport & Highways,Multi-State / Central,1.0,0.461,6.259,0,36.0,On Schedule,0,Low,1707
MAR-2025,2025,MAR,FRMarch2025.pdf,N06000208,KHADIA EXPANSION OCP,NCL,6-20213/2025,(N.A.),,3/2027,491.67,,491.67,0.0,0.0,138.709,1472.0,28.21,-1443.79,0.0,Low,On Schedule,,Coal & Mines,Multi-State / Central,1.0,0.282,6.2,0,36.0,On Schedule,0,Low,1708
MAR-2025,2025,MAR,FRMarch2025.pdf,N16000506,GRASS-ROOT TERMINAL AT MIRZAPUR UTTAR PRADESH,IOCL,9-20226/2026,(N.A.),,11/2026,980.45,,980.45,0.0,0.0,177.0769,1477.0,18.06,-1458.94,0.0,Low,On Schedule,,Petroleum & Natural Gas,Uttar Pradesh,1.0,0.181,6.889,0,36.0,On Schedule,0,Low,1709
MAR-2025,2025,MAR,FRMarch2025.pdf,N18000382,"SINGRAULI SUPER THERMAL POWER PROJECT, STAGE-III (2X800 MW)",NTPC,3-20242/2030,(N.A.),,2/2030,17195.31,,17195.31,0.0,0.0,1300.6,1479.0,7.56,-1471.44,0.0,Low,On Schedule,,Power & Renewable Energy,Multi-State / Central,1.0,0.076,9.752,0,36.0,On Schedule,0,Low,1710
MAR-2025,2025,MAR,FRMarch2025.pdf,N22000468,BURHWAL - GONDA - 3RD RUNNING LINE.,NER,4-2016,(N.A.),,9/2025,602.5,,1117.8,515.3,85.53,1092.11,48.0,181.26,133.26,0.0,High,On Schedule,"Background BURHWAL - GONDA - 3RD RUNNING LINE., UTTAR PRADESH EPC contract is proposed for the work, Forest clearance is required.Project approved in April 2016 with cost of Rs 602.50 crore and detailed estt. sanctioned with cost Rs.714.34 crs. tender work of EPC contract is in progreses. Target for",Other Infrastructure,Multi-State / Central,1.855,1.813,6.403,1,36.0,On Schedule,0,High,1711
MAR-2025,2025,MAR,FRMarch2025.pdf,N22000545,ALIGARH-HARDUAGANJ FLYOVER (22 KM),NCR,4-20206/2026,(N.A.),,6/2026,1456.89,1244.13,1456.89,0.0,0.0,10.148,1483.0,0.7,-1482.3,0.0,Low,On Schedule,,Road Transport & Highways,Delhi & NCR,1.0,0.007,7.285,0,36.0,On Schedule,0,Low,1712
MAR-2025,2025,MAR,FRMarch2025.pdf,N24002165,CONSTRUCTION OF BYPASS TO MADURAI - ACHAMBATHU - VIRATIPATHU IN KM 6/850 - 10/382 OF NH 49 EXTN. (NE,MoRTH,3-20228/2026,(N.A.),,8/2026,238.97,260.07,260.07,21.1,8.83,92.6639,1388.0,38.78,-1349.22,0.0,Low,On Schedule,,Road Transport & Highways,Tamil Nadu,1.088,0.388,5.481,0,36.0,On Schedule,0,Low,1713
MAR-2025,2025,MAR,FRMarch2025.pdf,N24001455,CONSTRUCTION OF 4 LANE WITH PAVED SHOULDERS THIRUVAYARU BYPASS IN BETWEEN EXISTING KM.55/926 TO 62/6,MoRTH,2-20228/2022,(N.A.),,3/2025,191.33,207.97,207.97,16.64,8.7,197.17,100.0,103.05,3.05,0.0,Low,On Schedule,,Road Transport & Highways,Multi-State / Central,1.087,1.031,5.259,0,36.0,On Schedule,0,Low,1714
MAR-2025,2025,MAR,FRMarch2025.pdf,N22000495,JHANSI MANIKPUR AND KHAIRAR BHIMSEN DOUBLING,NCR,3-20183/2023,(N.A.),,3/2027,4329.53,,4329.53,0.0,0.0,1702.93,35.0,39.33,4.33,0.0,Low,On Schedule,"Background JHANSI MANIKPUR AND KHAIRAR BHIMSEN DOUBLING, JHANSI, UTTAR PRADESH Project is for double line from Jhansi to Manickpur and Khairar to Bhimsen (411 km) NORTH EAST FRONTIER RAILWAY 118 NE",Railways,Delhi & NCR,1.0,0.393,8.373,0,36.0,On Schedule,0,Low,1715
MAR-2025,2025,MAR,FRMarch2025.pdf,N22000417,RAMNA - SINGRAULI DOUBLING,ECR,8-20153/2020,(N.A.),,1/2025,2436.21,2880.4,2880.4,444.19,18.23,3067.25,95.0,125.9,30.9,0.0,High,On Schedule,"Background RAMNA - SINGRAULI DOUBLING, UTTAR PRADESH 1.All contracts awarded earthwork, minor bridges, construction of quarters and other miscellaneous activities between Ramna – Singrauli. 2.All contracts for construction of 46 nos. major bridges awarded. 3.Contract for P.way work awarded for 101 K",Railways,Multi-State / Central,1.182,1.259,7.799,1,36.0,On Schedule,0,High,1716
MAR-2025,2025,MAR,FRMarch2025.pdf,N22000419,KARAILA ROAD - SHAKTINAGAR DOUBLING,ECR,8-20153/2019,(N.A.),,12/2024,528.57,762.97,762.97,234.4,44.35,807.05,100.0,152.69,52.69,0.0,High,On Schedule,"Background Ministry Of Statistics and Programme Implementation Infrastructure and Project Monitoring Division Release On 24-Aug-2020 KARAILA ROAD - SHAKTINAGAR DOUBLING, UTTAR PRADESH 1.All tender awarded for Earthwork, major bridges, minor bridges and other works between Karaila Road – Shaktinagar.",Road Transport & Highways,Multi-State / Central,1.443,1.527,6.272,1,36.0,On Schedule,0,High,1717
MAR-2025,2025,MAR,FRMarch2025.pdf,N22000569,BAHRAICH SRAVASTI BALRAMPUR (TULSIPUR),NER,10-201810/2030,(N.A.),,3/2028,1600.0,,4939.78,3339.78,208.74,1079.605,1495.0,67.48,-1427.52,0.0,High,On Schedule,,Other Infrastructure,Multi-State / Central,3.087,0.675,7.378,0,36.0,On Schedule,0,High,1718
MAR-2025,2025,MAR,FRMarch2025.pdf,N22000564,BHANDAI - FLYOVER FOR ETAWAH BOUND DOWN TRAINS,NCR,4-201912/2025,(N.A.),,3/2026,187.21,,250.17,62.96,33.63,2.728,1497.0,1.46,-1495.54,0.0,Medium,On Schedule,,Road Transport & Highways,Delhi & NCR,1.336,0.015,5.238,0,36.0,On Schedule,0,Medium,1719
MAR-2025,2025,MAR,FRMarch2025.pdf,N22000583,JANGHAI PRATAPGARH AMETHI DOUBLING,NR,11-20173/2025,(N.A.),,12/2025,701.98,,1100.0,398.02,56.7,21.806,1499.0,3.11,-1495.89,0.0,High,On Schedule,,Railways,Multi-State / Central,1.567,0.031,6.555,0,36.0,On Schedule,0,High,1720
MAR-2025,2025,MAR,FRMarch2025.pdf,N22000544,MUGHALSARAI - ALLAHABAD - 3RD LINE,NCR,8-201912/2026,(N.A.),,12/2026,2390.0,,2390.0,0.0,0.0,83.1055,1505.0,3.48,-1501.52,0.0,Low,On Schedule,,Other Infrastructure,Delhi & NCR,1.0,0.035,7.779,0,36.0,On Schedule,0,Low,1721
MAR-2025,2025,MAR,FRMarch2025.pdf,N24001727,"IMPROVEMENT AND UP- GRADATION OF EXISTING ROAD TO 2/4L PS FROM KM 40.000 TO 88.750, START OF KHUTAR B",NHAI,3-20222/2025,(N.A.),,2/2025,762.62,,762.62,0.0,0.0,524.5491,1507.0,68.78,-1438.22,0.0,Low,On Schedule,,Road Transport & Highways,Uttar Pradesh,1.0,0.688,6.638,0,36.0,On Schedule,0,Low,1722
MAR-2025,2025,MAR,FRMarch2025.pdf,N24001732,"IMPROVEMENT AND UP- GRADATION OF EXISTING ROAD TO 4L PS FROM KM 229.070 TO 260.800, END OF HARDOI DIS",NHAI,12-202110/2024,(N.A.),,4/2025,540.97,,540.97,0.0,0.0,263.3679,1512.0,48.68,-1463.32,0.0,Low,On Schedule,,Road Transport & Highways,Uttar Pradesh,1.0,0.487,6.295,0,36.0,On Schedule,0,Low,1723
MAR-2025,2025,MAR,FRMarch2025.pdf,N24001734,6L ACCESS CONTROL GREENFIELD HIGHWAY OF VILL- LOHADDA TO VILL-KARAUNDA MAHAJAN FROM KM. 27.000 TO KM.,NHAI,3-20228/2024,(N.A.),,5/2025,1335.45,,1335.45,0.0,0.0,420.8477,1514.0,31.51,-1482.49,0.0,Low,On Schedule,,Road Transport & Highways,Multi-State / Central,1.0,0.315,7.198,0,36.0,On Schedule,0,Low,1724
MAR-2025,2025,MAR,FRMarch2025.pdf,N24001736,6L ACCESS CONTROL GREENFIELD HIGHWAY OF VILL- KARAUNDA MAHAJAN TO VILL- KHYAWARI FROM KM. 56.500 TO K,NHAI,1-20228/2024,(N.A.),,5/2025,1159.96,,1159.96,0.0,0.0,510.4898,1516.0,44.01,-1471.99,0.0,Low,On Schedule,,Road Transport & Highways,Multi-State / Central,1.0,0.44,7.057,0,36.0,On Schedule,0,Low,1725
MAR-2025,2025,MAR,FRMarch2025.pdf,N24001744,"4L OF SHAMLI BYAPSS- SAHARANPUR FROM KM 92.2 TO KM 155.025 SECTION OF NH-709B, PKG-II",NHAI,5-201911/2022,(N.A.),,5/2025,779.17,,779.17,0.0,0.0,64.1096,1520.0,8.23,-1511.77,0.0,Low,On Schedule,,Road Transport & Highways,Multi-State / Central,1.0,0.082,6.66,0,36.0,On Schedule,0,Low,1726
MAR-2025,2025,MAR,FRMarch2025.pdf,N24001754,SPUR OF MEERUT-GARH- MUKTESHWAR SECTION(NH- 709A) CONNECTING NH-119 AND NH-58 BYPASSING MEERUT TOWN,NHAI,1-202210/2024,(N.A.),,10/2024,953.79,,953.79,0.0,0.0,384.6664,1524.0,40.33,-1483.67,0.0,Low,On Schedule,,Road Transport & Highways,Multi-State / Central,1.0,0.403,6.861,0,36.0,On Schedule,0,Low,1727
MAR-2025,2025,MAR,FRMarch2025.pdf,N24001815,"4L BYPASSES FOR JAGATPUR, B4ABUGANJ, UNCHAHAR, ALAPUR BYPASS, AND SAI RIVER BRIDGE OF RAEBARELI- PRA",NHAI,12-202211/2024,(N.A.),,11/2024,1699.0,1078.0,1699.0,0.0,0.0,64.3998,1527.0,3.79,-1523.21,0.0,Low,On Schedule,,Road Transport & Highways,Multi-State / Central,1.0,0.038,7.438,0,36.0,On Schedule,0,Low,1728
MAR-2025,2025,MAR,FRMarch2025.pdf,N24000982,WIDENING TO TWO LANE WITH PAVED SHOULDERS FROM KM 40/410 TO KM 84/037OF THIRUMALAGIRI TO SURYAPET SE,MoRTH,1-20175/2019,(N.A.),,5/2019,244.54,,244.54,0.0,0.0,176.3299,1429.0,72.11,-1356.89,0.0,Low,On Schedule,"Background WIDENING TO TWO LANE WITH PAVED SHOULDERS FROM KM 40/410 TO KM 84/037OF THIRUMALAGIRI TO SURYAPET SE, TELANGANA ( - ) 711 UP-GRADATION TO 2 LANE WITH PAV",Road Transport & Highways,Multi-State / Central,1.0,0.721,5.503,0,36.0,On Schedule,0,Low,1729
MAR-2025,2025,MAR,FRMarch2025.pdf,N24000984,WIDENING TO TWO LANE WITH PAVED SHOULDERS FROM KM 15.525 TO KM 62.880 OF JADCHERLA-KALWAKURTHY SECTI,MoRTH,1-201712/2019,(N.A.),,12/2019,283.0,,283.0,0.0,0.0,259.1599,1431.0,91.58,-1339.42,0.0,Low,On Schedule,"Background WIDENING TO TWO LANE WITH PAVED SHOULDERS FROM KM 15.525 TO KM 62.880 OF JADCHERLA- KALWAKURTHY SECTI, TELANGANA Balance work is in progress. Ministry Of Statistics and Programme Implementation Infrastructure and Project Monitoring Division Release On 24-Aug",Road Transport & Highways,Multi-State / Central,1.0,0.916,5.649,0,36.0,On Schedule,0,Low,1730
MAR-2025,2025,MAR,FRMarch2025.pdf,N24001996,CONSTRUCTION OF TWO LANE WITH PAVED SHOULDER HIGHWAY FROM DESIGN CH.0.000 TO CH.49.2OO OF NH- 731B ON,MoRTH,3-202211/2025,(N.A.),,11/2025,640.18,602.76,602.76,-37.42,-5.85,468.2876,1536.0,73.15,-1462.85,0.0,Low,On Schedule,,Road Transport & Highways,Multi-State / Central,0.942,0.731,6.463,0,36.0,On Schedule,0,Low,1731
MAR-2025,2025,MAR,FRMarch2025.pdf,N24001997,UNDER EPC MODE IN THE STATE OF UTTAR PRADESH,MoRTH,10-20225/2025,(N.A.),,5/2025,189.31,,189.31,0.0,0.0,56.132,1537.0,29.65,-1507.35,0.0,Low,On Schedule,,Road Transport & Highways,Uttar Pradesh,1.0,0.297,5.249,0,36.0,On Schedule,0,Low,1732
MAR-2025,2025,MAR,FRMarch2025.pdf,N24002015,IMPROVEMENT AND UPGRADATION TO TWO LANE WITH PAVED SHOULDER CONFIGURATION FROM EXISTING KM 90.00 TO,MoRTH,11-20216/2025,(N.A.),,6/2025,403.36,328.49,403.36,0.0,0.0,130.4458,217.0,32.34,-184.66,0.0,Low,On Schedule,,Road Transport & Highways,Multi-State / Central,1.0,0.323,6.002,0,36.0,On Schedule,0,Low,1733
MAR-2025,2025,MAR,FRMarch2025.pdf,N24002016,CONSTRUCTION OF PRATAPGARH BYPASS (EXTENSION) CONNECTING NH- 31 TO NH-330,MoRTH,10-20226/2025,(N.A.),,6/2025,225.17,,225.17,0.0,0.0,95.6851,1540.0,42.49,-1497.51,0.0,Low,On Schedule,,Road Transport & Highways,Multi-State / Central,1.0,0.425,5.421,0,36.0,On Schedule,0,Low,1734
MAR-2025,2025,MAR,FRMarch2025.pdf,N24002031,CONSTRUCTION OF TWO LANE WITH PAVED SHOULDER FROM EXISTING KM.0.000 TO KM.55.610 (DESIGN KM. 0.000 T,MoRTH,12-20212/2026,(N.A.),,2/2026,840.93,773.58,840.93,0.0,0.0,492.2636,1542.0,58.54,-1483.46,0.0,Low,On Schedule,,Road Transport & Highways,Multi-State / Central,1.0,0.585,6.736,0,36.0,On Schedule,0,Low,1735
MAR-2025,2025,MAR,FRMarch2025.pdf,N24002036,DEVELOPMENT OF SIX-LANE ACCESS CONTROLLED HIGHWAY FROM GOGWAN JALALPUR (SHAMLI DISTRICT) TO RANIPUR,NHAI,4-20225/2025,(N.A.),,5/2025,1843.59,,1843.59,0.0,0.0,843.8349,1544.0,45.77,-1498.23,0.0,Low,On Schedule,,Road Transport & Highways,Multi-State / Central,1.0,0.458,7.52,0,36.0,On Schedule,0,Low,1736
MAR-2025,2025,MAR,FRMarch2025.pdf,N24000798,SIX LANING OF HAPUR BYPASS TO MORADABAD SECTION INCLUDING HAPUR BYPASS FROM KM 50.000 (DESIGN CHAINA,NHAI,3-201811/2021,(N.A.),,6/2025,2140.93,,2140.93,0.0,0.0,2066.87,98.9,96.54,-2.36,0.0,Low,On Schedule,"Background SIX LANING OF HAPUR BYPASS TO MORADABAD SECTION INCLUDING HAPUR BYPASS FROM KM 50.000 (DESIGN CHAINA, UTTAR PRADESH ( - ) 667 CONSTRUCTION OF EIGHT LANE VADO",Road Transport & Highways,Multi-State / Central,1.0,0.965,7.669,0,36.0,On Schedule,0,Low,1737
MAR-2025,2025,MAR,FRMarch2025.pdf,N24002073,GARHMUKTESHWAR (KM. 83.200 OF NH-24) TO MEERUT (KM. 9.860 OF NH-235) INCLUDING CONNECTOR TO NH-119,NHAI,10-201910/2023,(N.A.),,6/2025,2068.99,2171.0,2171.0,102.01,4.93,209.6053,1547.0,10.13,-1536.87,0.0,Low,On Schedule,,Road Transport & Highways,Multi-State / Central,1.049,0.101,7.635,0,36.0,On Schedule,0,Low,1738
MAR-2025,2025,MAR,FRMarch2025.pdf,N24002086,CONSTRUCTION OF FOUR LANE HIGHWAY FORM GHAZIPUR BALLIA UP BIHAR STATE BORDER (GREENFIELD) SECTION OF,NHAI,10-20227/2025,(N.A.),,7/2025,1706.47,,1706.47,0.0,0.0,719.1368,1549.0,42.14,-1506.86,0.0,Low,On Schedule,,Road Transport & Highways,Uttar Pradesh,1.0,0.421,7.443,0,36.0,On Schedule,0,Low,1739
MAR-2025,2025,MAR,FRMarch2025.pdf,N24002088,CONSTRUCTION OF FOUR LANE HIGHWAY FROM GHAZIPUR BALLIA UP BIHAR STATE BORDER (GREENFIELD) SECTION OF,NHAI,10-20228/2025,(N.A.),,8/2025,1493.5,,1493.5,0.0,0.0,492.8648,1551.0,33.0,-1518.0,0.0,Low,On Schedule,,Road Transport & Highways,Uttar Pradesh,1.0,0.33,7.31,0,36.0,On Schedule,0,Low,1740
MAR-2025,2025,MAR,FRMarch2025.pdf,N24002094,"IMPROVEMENT AND UP- GRADATION OF EXISTING ROAD TO 4L PS FROM KM 123.650 TO 175.080, FROM START OF SHA",NHAI,9-202211/2025,(N.A.),,11/2025,1212.26,,1212.26,0.0,0.0,329.5227,1555.0,27.18,-1527.82,0.0,Low,On Schedule,,Road Transport & Highways,Uttar Pradesh,1.0,0.272,7.101,0,36.0,On Schedule,0,Low,1741
MAR-2025,2025,MAR,FRMarch2025.pdf,N24002096,CONSTRUCTION OF 4 LANE GREEN FIELD NORTHERN EAST SIDE GORAKHPUR BYPASS (26.616 KMS) STARTING FROM NH,NHAI,2-20231/2026,(N.A.),,1/2026,1973.98,,1973.98,0.0,0.0,736.1438,1557.0,37.29,-1519.71,0.0,Low,On Schedule,,Road Transport & Highways,Multi-State / Central,1.0,0.373,7.588,0,36.0,On Schedule,0,Low,1742
MAR-2025,2025,MAR,FRMarch2025.pdf,N24002104,CONSTRUCTION OF RING ROAD AROUND KANPUR FROM KM.000 TO KM. 23.325 (CHACHENDI SACHENDI I TO MAHARAJPU,NHAI,1-20236/2026,(N.A.),,6/2026,1754.0,,1754.0,0.0,0.0,304.1928,1559.0,17.34,-1541.66,0.0,Low,On Schedule,,Road Transport & Highways,Uttar Pradesh,1.0,0.173,7.47,0,36.0,On Schedule,0,Low,1743
MAR-2025,2025,MAR,FRMarch2025.pdf,N24002106,CONSTRUCTION OF NEW 4 LANE PRAYAGRAJ SOUTHERN BYPASS FROM DESIGN KM 50.860 (NABABA URF NIBI KALA UPA,NHAI,8-20233/2025,(N.A.),,6/2025,993.77,,349.48,-644.29,-64.83,353.5985,1561.0,35.58,-1525.42,0.0,Low,On Schedule,,Road Transport & Highways,Uttar Pradesh,0.5,0.356,6.903,0,36.0,On Schedule,0,Low,1744
MAR-2025,2025,MAR,FRMarch2025.pdf,N22000613,DOMINGARH - GORAKHPUR - GORAKHPUR CANTT - KUSUMHI - 3RD RUNNING LINE (21.15 KM),NER,11-20166/2024,(N.A.),,7/2025,186.85,,500.37,313.52,167.79,464.9186,1486.0,248.82,-1237.18,0.0,High,On Schedule,,Other Infrastructure,Multi-State / Central,2.678,2.488,5.236,0,36.0,On Schedule,0,High,1745
MAR-2025,2025,MAR,FRMarch2025.pdf,N22000562,ALIGARH-DAUD KHAN - 3RD LINE 6.9 KM AND CONSTRUCTION OF FLYOVER AT DAUD KHAN,NCR,4-201912/2025,(N.A.),,12/2025,451.99,779.49,779.49,327.5,72.46,99.7038,1488.0,22.06,-1465.94,0.0,High,On Schedule,,Road Transport & Highways,Delhi & NCR,1.725,0.221,6.116,0,36.0,On Schedule,0,High,1746
MAR-2025,2025,MAR,FRMarch2025.pdf,N24002138,CONSTRUCTION OF FOUR LANE HIGHWAY WITH PAVED SHOULDER FROM KM.74.700 TO KM.112.950 OF NH-731A (I/C Y,MoRTH,3-20226/2026,(N.A.),,6/2026,1141.67,,1141.67,0.0,0.0,386.3633,221.0,33.84,-187.16,0.0,Low,On Schedule,,Road Transport & Highways,Multi-State / Central,1.0,0.338,7.041,0,36.0,On Schedule,0,Low,1747
MAR-2025,2025,MAR,FRMarch2025.pdf,N24002150,CONSTRUCTION OF BALRAMPUR BYPASS WITH 2L FLEXIBLE PAVEMENT CONFIGURATION FROM KM.223.000 OF NH-330 T,MoRTH,12-20222/2026,(N.A.),,2/2026,515.69,,515.69,0.0,0.0,171.6422,1568.0,33.28,-1534.72,0.0,Low,On Schedule,,Road Transport & Highways,Multi-State / Central,1.0,0.333,6.247,0,36.0,On Schedule,0,Low,1748
MAR-2025,2025,MAR,FRMarch2025.pdf,N24002199,WIDENING TO 4L RIGID PAVEMENT CONFIGURATION FROM KM 90.00 TO KM 100.800 OF NH-96 (KM 42.O TO KM 53.3,MoRTH,12-202211/2026,(N.A.),,11/2026,309.63,,309.63,0.0,0.0,6.7815,1570.0,2.19,-1567.81,0.0,Low,On Schedule,,Road Transport & Highways,Multi-State / Central,1.0,0.022,5.739,0,36.0,On Schedule,0,Low,1749
MAR-2025,2025,MAR,FRMarch2025.pdf,N24001421,CONSTRUCTION OF 6 LANE BRIDGE ON GANGA ON NH-96 AND ITS APPROACHES IN PHAPHAMAU ALLAHABAD ON EPC MOD,MoRTH,7-20182/2024,(N.A.),,8/2025,1948.25,,1948.25,0.0,0.0,1073.15,76.0,55.08,-20.92,0.0,Low,On Schedule,,Road Transport & Highways,Multi-State / Central,1.0,0.551,7.575,0,36.0,On Schedule,0,Low,1750
MAR-2025,2025,MAR,FRMarch2025.pdf,N24001456,REHABILITATION AND UPGRADATION TO 2 LANE WITH PS OF RADHAITA TO PILIBHIT SECTION OF 46.130 KM,MoRTH,4-20202/2024,(N.A.),,1/2025,199.39,212.96,199.39,0.0,0.0,200.01,100.0,100.31,0.31,0.0,Low,On Schedule,,Road Transport & Highways,Multi-State / Central,1.0,1.003,5.3,0,36.0,On Schedule,0,Low,1751
MAR-2025,2025,MAR,FRMarch2025.pdf,N24001457,REHABILITATION AND UPGRADATION TO 2 LANE WITH PS OF MIRANPUR KATRA TO RADHAITA SECTION OF NH-730C F,MoRTH,4-20207/2024,(N.A.),,9/2025,172.5,169.56,172.5,0.0,0.0,95.7671,1579.0,55.52,-1523.48,0.0,Low,On Schedule,,Road Transport & Highways,Multi-State / Central,1.0,0.555,5.156,0,36.0,On Schedule,0,Low,1752
MAR-2025,2025,MAR,FRMarch2025.pdf,N24001462,2-LANE WITH PS OF NEAR KARRI VILLAGE TO ETAWAH SECTION OF NH-92 FROM KM.30.000 TO 57.346 UNDER GNHCP,MoRTH,4-20207/2024,(N.A.),,7/2025,211.09,,211.09,0.0,0.0,147.5895,223.0,69.92,-153.08,0.0,Low,On Schedule,,Road Transport & Highways,Multi-State / Central,1.0,0.699,5.357,0,36.0,On Schedule,0,Low,1753
MAR-2025,2025,MAR,FRMarch2025.pdf,N24001464,PROJECTS- REHABILITATION AND UPGRADATION OF NH-731A FROM KM 0.00 TO KM.35.00,MoRTH,3-20218/2023,(N.A.),,4/2025,264.86,,264.86,0.0,0.0,122.8282,1582.0,46.37,-1535.63,0.0,Low,On Schedule,,Road Transport & Highways,Multi-State / Central,1.0,0.464,5.583,0,36.0,On Schedule,0,Low,1754
MAR-2025,2025,MAR,FRMarch2025.pdf,N24001471,R/U TO 2-LANE WITH PS OF BEWAR TO ALLAHGANJ SECTION OF NH-730C FROM KM.0.00 TO 52.770 UNDER GNHCP,MoRTH,4-202011/2024,(N.A.),,5/2025,325.24,340.16,325.24,0.0,0.0,278.7795,1584.0,85.72,-1498.28,0.0,Low,On Schedule,,Road Transport & Highways,Multi-State / Central,1.0,0.857,5.788,0,36.0,On Schedule,0,Low,1755
MAR-2025,2025,MAR,FRMarch2025.pdf,N24001480,WIDENING AND STRENGTHENING FROM KM 0.00 TO KM 15.089 OF NH-334A (PURKAJI-LAKSAR- HARIDWAR ROAD) TO TW,MoRTH,10-20214/2024,(N.A.),,3/2025,227.06,,227.06,0.0,0.0,141.89,100.0,62.49,-37.51,0.0,Low,On Schedule,,Road Transport & Highways,Uttarakhand,1.0,0.625,5.43,0,36.0,On Schedule,0,Low,1756
MAR-2025,2025,MAR,FRMarch2025.pdf,N24001587,WIDENING AND STRENGTHENING OF SECTION FROM BHARTHANA CHOWK TO KODARKOOT (KM. 0.00 TO KM. 40.00) OF,MoRTH,3-20209/2024,(N.A.),,5/2025,262.37,343.77,343.77,81.4,31.02,278.9081,1589.0,106.3,-1482.7,0.0,Medium,On Schedule,,Road Transport & Highways,Multi-State / Central,1.31,1.063,5.574,0,36.0,On Schedule,0,Medium,1757
MAR-2025,2025,MAR,FRMarch2025.pdf,N28000145,AGRA METRO RAIL PROJECT,LMRCL,5-20193/2024,(N.A.),,12/2026,8379.62,,8379.62,0.0,0.0,4852.78,52.0,57.91,5.91,0.0,Low,On Schedule,,Railways,Uttar Pradesh,1.0,0.579,9.034,0,36.0,On Schedule,0,Low,1758
MAR-2025,2025,MAR,FRMarch2025.pdf,N18000042,VISHNUGAD PIPALKOTI HYDRO ELECTRIC PROJECT,THDCIL,8-20086/2013,(N.A.),,12/2026,2491.58,3860.35,6630.6,4139.02,166.12,4609.65,69.8,185.01,115.21,0.0,High,On Schedule,"Background VISHNUGAD PIPALKOTI HYDRO ELECTRIC PROJECT, UTTARAKHAND The Vishnugad Pipalkoti Hydro Electric Project with an installed capacity of 444 MW is a run of the river scheme. The project is located in district Chamoli in Uttarakhand. Project Benefits- Capacity addition of 444 MW in the Norther",Power & Renewable Energy,Multi-State / Central,2.661,1.85,7.821,1,36.0,On Schedule,0,High,1759
MAR-2025,2025,MAR,FRMarch2025.pdf,N24001851,4L FROM MATHURA BYPASS (START) AT EXISTING KM. 154.20 OF NH-44 TO GAJU VILLAGE AT KM 32.982 OF NH-53,NHAI,1-20223/2025,(N.A.),,3/2025,1738.2,,1738.2,0.0,0.0,742.1365,1530.0,42.7,-1487.3,0.0,Low,On Schedule,,Road Transport & Highways,Multi-State / Central,1.0,0.427,7.461,0,36.0,On Schedule,0,Low,1760
MAR-2025,2025,MAR,FRMarch2025.pdf,N24001929,CONSTRUCTION OF 4-LANE GREEN FIELD HIGHWAY FROM KM. 35.000 TO KM. 49.155 OF NH- 731A WITH PAVED SHOUL,MoRTH,1-202210/2025,(N.A.),,10/2025,697.66,,697.66,0.0,0.0,301.7283,1533.0,43.25,-1489.75,0.0,Low,On Schedule,,Road Transport & Highways,Multi-State / Central,1.0,0.432,6.549,0,36.0,On Schedule,0,Low,1761
MAR-2025,2025,MAR,FRMarch2025.pdf,N24000776,RECONSTRUCTION WITH GEOMETIC IMPROVEMENT OF EXISTING TWO LANE TO 2- LANE WITH PAVED SHOULDERS CONFIG,MoRTH,11-201711/2019,(N.A.),,11/2019,232.81,,232.81,0.0,0.0,201.58,100.0,86.59,-13.41,0.0,Low,On Schedule,"Background RECONSTRUCTION WITH GEOMETIC IMPROVEMENT OF EXISTING TWO LANE TO 2- LANE WITH PAVED SHOULDERS CONFIG, UTTARAKHAND Project approved in Nov’17 with cost of Rs 232.81 crore and it is to be completed by Nov’2019. 462 RECONSTRUCTION WITH GEOMETIC IM",Road Transport & Highways,Multi-State / Central,1.0,0.866,5.455,0,36.0,On Schedule,0,Low,1762
MAR-2025,2025,MAR,FRMarch2025.pdf,N24000777,RECONSTRUCTION WITH GEOMETIC IMPROVEMENT OF SINGLE LANE TO 2- LANE WITH PAVED SHOULDER CONFIGURATION,MoRTH,11-201711/2019,(N.A.),,11/2019,283.51,,283.51,0.0,0.0,278.51,100.0,98.24,-1.76,0.0,Low,On Schedule,"Background RECONSTRUCTION WITH GEOMETIC IMPROVEMENT OF SINGLE LANE TO 2- LANE WITH PAVED SHOULDER CONFIGURATION, UTTARAKHAND Projec approved in Nov’17 with cost of Rs 283.51 crore and it is to be completed by Nov’2019.",Road Transport & Highways,Multi-State / Central,1.0,0.982,5.651,0,36.0,On Schedule,0,Low,1763
MAR-2025,2025,MAR,FRMarch2025.pdf,N24000778,RECONSTRUCTION WITH GEOMETRIC IMPROVEMENT OF EXISTING SINGLE/INTERMEDIATE LANE TO 2LANE WITH PAVED S,MoRTH,11-201711/2019,(N.A.),,11/2019,266.52,,266.52,0.0,0.0,250.34,100.0,93.93,-6.07,0.0,Low,On Schedule,"Background RECONSTRUCTION WITH GEOMETRIC IMPROVEMENT OF EXISTING SINGLE/INTERMEDIATE LANE TO 2LANE WITH PAVED S, UTTARAKHAND Project approved in Nov’17 with cost of Rs 266.52 crore and it is to be completed by Nov’2019.",Road Transport & Highways,Multi-State / Central,1.0,0.939,5.589,0,36.0,On Schedule,0,Low,1764
MAR-2025,2025,MAR,FRMarch2025.pdf,N24001130,RECONSTRUCTION WITH GEOMETRIC IMPROVMENT OF EXISTING INTERMEDIATE LANE TO 2 LANE WITH PAVED SHOULDER,MoRTH,8-201612/2017,(N.A.),,12/2017,234.88,273.49,234.88,0.0,0.0,237.19,100.0,100.98,0.98,0.0,Low,On Schedule,"Background RECONSTRUCTION WITH GEOMETRIC IMPROVMENT OF EXISTING INTERMEDIATE LANE TO 2 LANE WITH PAVED SHOULDER, DEHRADUN, UTTARAKHAND Project approved in Aug 2016 with cost of Rs 208.89 and it is to be completed by Dec’19 736 WIDENING TO 2 LANE WITH PAVED S",Road Transport & Highways,Multi-State / Central,1.0,1.01,5.463,0,36.0,On Schedule,0,Low,1765
MAR-2025,2025,MAR,FRMarch2025.pdf,N24002163,CONSTRUCTION FOR MITIGATION MEASURES KM 368.00-UTTARAKHAND-TO KM 433.00 ON NH-07-PKG-1,NHIDCL,12-202312/2025,(N.A.),,12/2025,216.88,,216.88,0.0,0.0,15.0945,228.0,6.96,-221.04,0.0,Low,On Schedule,,Road Transport & Highways,Uttarakhand,1.0,0.07,5.384,0,36.0,On Schedule,0,Low,1766
MAR-2025,2025,MAR,FRMarch2025.pdf,N24002164,CONSTRUCTION FOR MITIGATION MEASURES KM 450.00-UTTARAKHAND-TO KM 468.00 ON NH-07-PKG-3,NHIDCL,12-202312/2025,(N.A.),,12/2025,250.33,,250.33,0.0,0.0,18.4143,1620.0,7.36,-1612.64,0.0,Low,On Schedule,,Road Transport & Highways,Uttarakhand,1.0,0.074,5.527,0,36.0,On Schedule,0,Low,1767
MAR-2025,2025,MAR,FRMarch2025.pdf,N06000195,2.0 MTPA BHOJUDIH NLW WASHERY,BCCL,12-20159/2020,(N.A.),,5/2025,384.57,341.22,341.22,-43.35,-11.27,345.5496,1630.0,89.85,-1540.15,0.0,Low,On Schedule,,Coal & Mines,Multi-State / Central,0.887,0.899,5.955,0,36.0,On Schedule,0,Low,1768
MAR-2025,2025,MAR,FRMarch2025.pdf,N06000220,SONEPUR BAZARI EXPANSION OC,ECL,7-20213/2029,(N.A.),,3/2029,5365.88,5366.0,5365.88,0.0,0.0,540.8317,1632.0,10.08,-1621.92,0.0,Low,On Schedule,,Coal & Mines,Multi-State / Central,1.0,0.101,8.588,0,36.0,On Schedule,0,Low,1769
MAR-2025,2025,MAR,FRMarch2025.pdf,N06000236,MOHANPUR EXPANSION OC PHASE II,ECL,11-20203/2026,(N.A.),,3/2026,888.99,,888.99,0.0,0.0,68.853,1634.0,7.75,-1626.25,0.0,Low,On Schedule,,Coal & Mines,Multi-State / Central,1.0,0.077,6.791,0,36.0,On Schedule,0,Low,1770
MAR-2025,2025,MAR,FRMarch2025.pdf,N06000276,UCE OF TILABONI UG,ECL,1-20233/2029,(N.A.),,3/2029,749.07,,749.07,0.0,0.0,51.591,1636.0,6.89,-1629.11,0.0,Low,On Schedule,,Coal & Mines,Multi-State / Central,1.0,0.069,6.62,0,36.0,On Schedule,0,Low,1771
MAR-2025,2025,MAR,FRMarch2025.pdf,N06000170,NAKRAKONDA KUMARDIH B OCP,ECL,8-20183/2029,(N.A.),,3/2029,502.68,,502.67,-0.01,0.0,69.2625,1639.0,13.78,-1625.22,0.0,Low,On Schedule,"Background NAKRAKONDA KUMARDIH B OCP, WEST BENGAL Project Report of Nakrakonda Kumardih B OCP (3.00 MTY) approved in Aug-2018 with capital cost of Rs 502.68 Crs in Partial Outsourcing option. OB removal and transportation of coal to siding will be outsourced and coal production will be done departme",Coal & Mines,Multi-State / Central,1.0,0.138,6.222,0,36.0,On Schedule,0,Low,1772
MAR-2025,2025,MAR,FRMarch2025.pdf,N16000491,"CGD PROJECT AT EAST MEDNIPORE, WEST MEDNIPORE AND JHARGRAM DISTRICTS",IOCL,3-20223/2030,(N.A.),,6/2031,609.0,,609.0,0.0,0.0,59.842,1645.0,9.83,-1635.17,0.0,Low,On Schedule,,Petroleum & Natural Gas,Multi-State / Central,1.0,0.098,6.413,0,36.0,On Schedule,0,Low,1773
MAR-2025,2025,MAR,FRMarch2025.pdf,N16000522,CITY GAS DISTRIBUTION PROJECTS AT ALIPURDUAR AND COOCH BEHAR,BPCL,12-20223/2030,(N.A.),,3/2030,1017.0,,1017.0,0.0,0.0,147.9927,1647.0,14.55,-1632.45,0.0,Low,On Schedule,,Petroleum & Natural Gas,Multi-State / Central,1.0,0.146,6.926,0,36.0,On Schedule,0,Low,1774
MAR-2025,2025,MAR,FRMarch2025.pdf,N22000108,NEW WORK FOR CONSTRUCTION OF METRO RAILWAY FROM NOAPARA-BARASAI VIA BIMANBANDER (MTP),KOMRCL,4-20103/2016,(N.A.),,3/2016,2397.72,,2397.72,0.0,0.0,197.2017,1652.0,8.22,-1643.78,0.0,Low,On Schedule,"Background NEW WORK FOR CONSTRUCTION OF METRO RAILWAY FROM NOAPARA-BARASAI VIA BIMANBANDER (MTP), WEST BENGAL, 18 KM Present status: -The work is in progress wherever free space is available but hampered badly due to encroachments on railway land along the proposed metro alignment. 191 NEW WORK FOR ",Railways,Multi-State / Central,1.0,0.082,7.783,0,36.0,On Schedule,0,Low,1775
MAR-2025,2025,MAR,FRMarch2025.pdf,N24002116,REHABILITATION AND UPGRADATION FROM KM 51.600 TO KM 75.700 OF NH-321G (NUHKHAS TO ETAH SECTION) TO T,MoRTH,1-20228/2025,(N.A.),,8/2025,343.54,,343.54,0.0,0.0,66.0134,1563.0,19.22,-1543.78,0.0,Low,On Schedule,,Road Transport & Highways,Multi-State / Central,1.0,0.192,5.842,0,36.0,On Schedule,0,Low,1776
MAR-2025,2025,MAR,FRMarch2025.pdf,N24002121,IMPROVEMENT AND UP- GRADATION TO TWO LANE WITH PAVED SHOULDER CONFIGURATION FROM EXISTING KM. 420.00,MoRTH,1-20229/2025,(N.A.),,9/2025,509.65,,509.65,0.0,0.0,160.6818,1565.0,31.53,-1533.47,0.0,Low,On Schedule,,Road Transport & Highways,Uttar Pradesh,1.0,0.315,6.236,0,36.0,On Schedule,0,Low,1777
MAR-2025,2025,MAR,FRMarch2025.pdf,N24001747,SIX LANE OF PALSIT TO DANKUNI SECTION FROM 588.870 TO KM. 652.700,NHAI,3-20209/2024,(N.A.),,9/2024,2193.23,2314.0,2314.0,120.77,5.51,2048.0,92.5,93.38,0.88,0.0,Low,On Schedule,,Road Transport & Highways,Multi-State / Central,1.055,0.934,7.694,0,36.0,On Schedule,0,Low,1778
MAR-2025,2025,MAR,FRMarch2025.pdf,N24001748,SIX LANING OF NATIONAL CORRIDOR NH19 FROM PANAGARH TO PALSIT IN THE STATE OF WEST BENGAL UNDER BHARA,NHAI,3-20219/2024,(N.A.),,9/2025,2200.93,,2621.32,420.39,19.1,2621.32,96.63,119.1,22.47,0.0,Medium,On Schedule,,Road Transport & Highways,West Bengal,1.191,1.191,7.697,1,36.0,On Schedule,0,Medium,1779
MAR-2025,2025,MAR,FRMarch2025.pdf,N24001749,FOUR LANING OF PURULIYA BYPASS SECTION OF NH 32 IN THE STATE OF WEST BENGAL ON EPC MODE,NHAI,8-20218/2023,(N.A.),,6/2025,557.55,,567.31,9.76,1.75,472.9291,1665.0,84.82,-1580.18,0.0,Low,On Schedule,,Road Transport & Highways,West Bengal,1.018,0.848,6.325,0,36.0,On Schedule,0,Low,1780
MAR-2025,2025,MAR,FRMarch2025.pdf,N24000515,SIX-LANING OF BARWA ADDA- PANAGARH,NHAI,4-20149/2016,(N.A.),,3/2025,1665.0,,4966.39,3301.39,198.28,4966.39,100.0,298.28,198.28,0.0,High,On Schedule,"Background SIX-LANING OF BARWA ADDA-PANAGARH, WEST BENGAL Physical progress achieved so far is 79.41%. Out of 122.88 kms only 107.15 kms work has been completed . As per MoM of review meeting of Hon’ble MOS, RTH & S on 11th & 12th June 2018 held at Goa, the anticipated date of completion was 30 June",Road Transport & Highways,Multi-State / Central,2.983,2.983,7.418,1,36.0,On Schedule,0,High,1781
MAR-2025,2025,MAR,FRMarch2025.pdf,N12000132,REBUILDING OF COKE OVEN BATTERY NO.4 OF DURGAPUR STEEL PLANT,SAIL,11-202312/2026,(N.A.),,12/2026,916.78,,916.78,0.0,0.0,81.774,1675.0,8.92,-1666.08,0.0,Low,On Schedule,,Other Infrastructure,Multi-State / Central,1.0,0.089,6.822,0,36.0,On Schedule,0,Low,1782
MAR-2025,2025,MAR,FRMarch2025.pdf,N24000773,RECONSTRUCTION WITH GEOMETRIC IMPROVEMENT OF EXISTING 2 LANE/INTERMEDIATE LANE TO 2LANE WITH PAVED S,MoRTH,12-201712/2019,(N.A.),,12/2019,200.34,253.43,200.34,0.0,0.0,227.98,100.0,113.8,13.8,0.0,Low,On Schedule,"Background RECONSTRUCTION WITH GEOMETRIC IMPROVEMENT OF EXISTING 2 LANE/INTERMEDIATE LANE TO 2LANE WITH PAVED S, UTTARAKHAND Project approved in Dec’17 with cost of Rs 200.34 crore and it is to be completed by Dec’2019. 466 WIDENING OF EXISTING SINGLE LAN",Road Transport & Highways,Multi-State / Central,1.0,1.138,5.305,0,36.0,On Schedule,0,Low,1783
MAR-2025,2025,MAR,FRMarch2025.pdf,N24000774,WIDENING OF EXISTING SINGLE LANE ROAD TO TWO LANE WITH PAVED SHOULDERS CONFIGURATION FROM KM. 235.00,MoRTH,12-201712/2019,(N.A.),,12/2019,248.22,,248.22,0.0,0.0,236.8,100.0,95.4,-4.6,0.0,Low,On Schedule,"Background WIDENING OF EXISTING SINGLE LANE ROAD TO TWO LANE WITH PAVED SHOULDERS CONFIGURATION FROM KM. 235.00, UTTARAKHAND Project approved in Dec’17 with cost of Rs 248.22 crore and it is to be completed by Dec’2019. 467 RECONSTRUCTION WITH GEOMETRIC I",Road Transport & Highways,Multi-State / Central,1.0,0.954,5.518,0,36.0,On Schedule,0,Low,1784
MAR-2025,2025,MAR,FRMarch2025.pdf,N22000510,PURULIA TO KOTSHILA DOUBLING (39.1 KM),SER,4-20186/2022,(N.A.),,3/2025,338.0,,393.83,55.83,16.52,297.2699,1656.0,87.95,-1568.05,0.0,Medium,On Schedule,,Railways,Multi-State / Central,1.165,0.879,5.826,0,36.0,On Schedule,0,Medium,1785
MAR-2025,2025,MAR,FRMarch2025.pdf,N22000609,AZIMGANJ-MURSHIDABAD (JIYAGANJ) INCL. RLY. BRIDGE OVER RIVER BHAGIRATHI,ER,10-20012/2024,(N.A.),,2/2024,164.33,,187.05,22.72,13.83,159.45,100.0,97.03,-2.97,0.0,Low,On Schedule,,Coal & Mines,Multi-State / Central,1.138,0.97,5.108,0,36.0,On Schedule,0,Low,1786
MAR-2025,2025,MAR,FRMarch2025.pdf,N24001326,4-L DHUBRI PHULBARI BRIDGE WITH APPROACH ROAD,NHIDCL,11-2020,9/2028,N.A.,9/2028,4997.04,,4997.04,0.0,0.0,2382.39,59.88,47.68,-12.2,0.0,Low,On Schedule,,Road Transport & Highways,Multi-State / Central,1.0,0.477,8.517,0,94.0,On Schedule,0,Low,1787
MAR-2025,2025,MAR,FRMarch2025.pdf,N16000528,PIPELINE NETWORK PROJECT RUDRASAGAR,ONGC,1-2023,4/2026,N.A.,4/2026,344.99,,344.99,0.0,0.0,169.86,42.8,49.24,6.44,0.0,Low,On Schedule,,Petroleum & Natural Gas,Multi-State / Central,1.0,0.492,5.846,0,39.0,On Schedule,0,Low,1788
MAR-2025,2025,MAR,FRMarch2025.pdf,N24001451,DIBRUGARH-LAHOAL-CHABUA BYPASS PACKAGE-1,NHIDCL,3-2022,7/2024,N.A.,10/2024,215.27,,215.27,0.0,0.0,151.29,100.0,70.28,-29.72,3.0,Low,On Schedule / Undocumented,,Road Transport & Highways,Multi-State / Central,1.0,0.703,5.377,0,28.0,On Schedule,91,Low,1789
MAR-2025,2025,MAR,FRMarch2025.pdf,N24001537,DABOKA KATHKATI PACKAGE-7,NHIDCL,11-2021,7/2024,N.A.,5/2025,204.1,,204.1,0.0,0.0,142.31,93.26,69.73,-23.53,10.0,Medium,On Schedule / Undocumented,,Other Infrastructure,Multi-State / Central,1.0,0.697,5.323,0,32.0,Administrative & Inter-Agency Coordination,304,Medium,1790
MAR-2025,2025,MAR,FRMarch2025.pdf,N24001544,FOUR LANING OF SRIRAMPUR-DHUBRI PKG- 2,NHIDCL,3-2022,1/2025,N.A.,6/2025,909.02,,909.02,0.0,0.0,509.89,94.64,56.09,-38.55,5.0,Low,On Schedule / Undocumented,,Road Transport & Highways,Multi-State / Central,1.0,0.561,6.813,0,34.0,On Schedule,152,Low,1791
MAR-2025,2025,MAR,FRMarch2025.pdf,N24001548,"6L STANDALONE FLYOVERS AT BONGAIGAON, CHAPAGURI, PATHSALA, SIMLAGURI CHOWK AND BAIHATA BYPASS JUNCTI",NHAI,3-2022,6/2024,N.A.,3/2025,457.72,,457.72,0.0,0.0,365.99,100.0,79.96,-20.04,9.0,Medium,On Schedule / Undocumented,,Road Transport & Highways,Assam,1.0,0.8,6.128,0,27.0,Land Acquisition & Right of Way,274,Medium,1792
MAR-2025,2025,MAR,FRMarch2025.pdf,N06000290,TIKAK EXTENSION OCP - 0.2 MTY,CIL,7-2022,11/2030,N.A.,11/2030,159.77,,159.77,0.0,0.0,81.45,19.0,50.98,31.98,0.0,High,On Schedule,,Coal & Mines,Multi-State / Central,1.0,0.51,5.08,1,100.0,On Schedule,0,High,1793
MAR-2025,2025,MAR,FRMarch2025.pdf,N16000379,NUMALIGARH REFINERY EXPANSION PROJECT 6 MMTPA REFINARY,NRL,1-2019,10/2024,N.A.,12/2025,12366.0,,18968.0,6602.0,53.39,15390.82,71.88,124.46,52.58,14.0,High,General Execution Delay,"Background NUMALIGARH REFINERY EXPANSION PROJECT, GOALPARA, ASSAM Ministry of Statistics and Programme Implementation Infrastructure and Project Monitoring Division Release on 24-Aug-2020 ( - ) OIL & NATURAL GAS CORPORATION LIMITED 126 CO",Petroleum & Natural Gas,Assam,1.534,1.245,9.423,1,69.0,Fund Constraint & Financial Stress,426,High,1794
MAR-2025,2025,MAR,FRMarch2025.pdf,N16000394,NUMALIGARH REFINERY EXPANSION PROJECT COIT AND PIPELINES,NRL,1-2019,10/2024,N.A.,9/2025,10228.0,,9058.0,-1170.0,-11.44,9212.58,83.81,90.07,6.26,11.0,Medium,On Schedule / Undocumented,,Petroleum & Natural Gas,Assam,0.886,0.901,9.233,0,69.0,Administrative & Inter-Agency Coordination,334,Medium,1795
MAR-2025,2025,MAR,FRMarch2025.pdf,N16000532,BORHOLLA GGS LIFE EXTENSION PROJECT,ONGC,9-2023,5/2026,N.A.,5/2026,198.7,,198.7,0.0,0.0,99.5,14.98,50.08,35.1,0.0,High,On Schedule,,Other Infrastructure,Multi-State / Central,1.0,0.501,5.297,1,32.0,On Schedule,0,High,1796
MAR-2025,2025,MAR,FRMarch2025.pdf,N16000510,POWER RECOVERY TURBINE IN PFCCU,NRL,3-2023,7/2025,N.A.,7/2025,293.5,,293.5,0.0,0.0,97.2289,33.0,33.13,0.13,0.0,Low,On Schedule,,Power & Renewable Energy,Multi-State / Central,1.0,0.331,5.685,0,28.0,On Schedule,0,Low,1797
MAR-2025,2025,MAR,FRMarch2025.pdf,N22000388,BONGAIGAON-GOALPARA-GUWAHATI (176 KM),NFR,4-2015,3/2022,N.A.,3/2027,2232.32,,4983.94,2751.62,123.26,3606.19,92.3,161.54,69.24,60.0,High,General Execution Delay,"Background BONGAIGAON-GOALPARA-GUWAHATI (176 KM), ASSAM (i) ROR =3.84% (ii) Initial Pink book cost=Rs 1832.00 Crs. (iii) Sri Suresh Prabhakar Prabhu, Union Railway Minister along with Shri Rajen Gohain, MoSR has laid the foundation stone of the project at Maligaon,Guwahati on 10.11.2016. (iv) Ph-I: ",Other Infrastructure,Assam,2.233,1.615,7.711,1,83.0,Fund Constraint & Financial Stress,1824,High,1798
MAR-2025,2025,MAR,FRMarch2025.pdf,N24002225,BILASIPURA- GUWAHATI ROAD PKG-1,NHIDCL,2-2024,8/2027,N.A.,8/2027,1081.15,,1081.15,0.0,0.0,0.0,37.0,0.0,-37.0,0.0,Low,On Schedule,,Road Transport & Highways,Assam,1.0,0.0,6.987,0,42.0,On Schedule,0,Low,1799
MAR-2025,2025,MAR,FRMarch2025.pdf,N24001434,JOGIGHOPA BRIDGE,NHIDCL,8-2021,11/2024,N.A.,12/2026,746.76,,746.76,0.0,0.0,328.49,65.29,43.99,-21.3,25.0,High,On Schedule / Undocumented,,Other Infrastructure,Multi-State / Central,1.0,0.44,6.617,0,39.0,Administrative & Inter-Agency Coordination,760,High,1800
MAR-2025,2025,MAR,FRMarch2025.pdf,180100221,SUBANSIRI LOWER H.E.P (8X250 MW) (NHPC),NHPC,9-2003,9/2010,N.A.,5/2026,6285.33,,26075.54,19790.21,314.86,23753.28,96.1,377.92,281.82,188.0,High,Forest & Environmental Clearance; Law & Order / Local Agitation,"Background SUBANSIRI LOWER H.E.P (8X250 MW) (NHPC), ARUNACHAL PRADESH, 8x250 MW Subansiri Lower HE Project is the biggest hydroelectric project undertaken in India so far and is a run of river scheme on river Subansiri. The Project is located near North Lakhimpur on the border of Aruncachal Pradesh ",Power & Renewable Energy,Multi-State / Central,4.149,3.779,8.746,1,84.0,Legal Disputes & Local Agitations,5715,High,1801
MAR-2025,2025,MAR,FRMarch2025.pdf,N16000457,CAPACITY EXPANSION OF DIGBOI REFINERY FROM 0.65 TO 1.0 MMTPA,IOCL,6-2022,10/2025,N.A.,3/2026,768.0,,768.0,0.0,0.0,80.1529,29.0,10.44,-18.56,5.0,Low,On Schedule / Undocumented,,Petroleum & Natural Gas,Multi-State / Central,1.0,0.104,6.645,0,40.0,On Schedule,152,Low,1802
